{"level":"info","message":"🚀 Starting VendorLink Server...","service":"vendorlink-api","timestamp":"2026-02-25 14:42:21"}
{"level":"warn","message":"⚠️  Email credentials not configured - email service disabled","service":"vendorlink-api","timestamp":"2026-02-25 14:42:21"}
{"level":"info","message":"✅ Core services initialized","service":"vendorlink-api","timestamp":"2026-02-25 14:42:21"}
{"error":"","level":"error","message":"Redis connection error","service":"vendorlink-api","timestamp":"2026-02-25 14:42:21"}
{"error":"","level":"error","message":"Redis connection error","service":"vendorlink-api","timestamp":"2026-02-25 14:42:21"}
{"error":"","level":"error","message":"Redis connection error","service":"vendorlink-api","timestamp":"2026-02-25 14:42:21"}
{"error":"","level":"error","message":"Redis connection error","service":"vendorlink-api","timestamp":"2026-02-25 14:42:21"}
{"error":"","level":"error","message":"Redis connection error","service":"vendorlink-api","timestamp":"2026-02-25 14:42:22"}
{"error":"","level":"error","message":"Redis connection error","service":"vendorlink-api","timestamp":"2026-02-25 14:42:22"}
{"error":"","level":"error","message":"Redis connection error","service":"vendorlink-api","timestamp":"2026-02-25 14:42:22"}
{"error":"","level":"error","message":"Redis connection error","service":"vendorlink-api","timestamp":"2026-02-25 14:42:22"}
{"error":"","level":"error","message":"Redis connection error","service":"vendorlink-api","timestamp":"2026-02-25 14:42:23"}
{"error":"","level":"error","message":"Redis connection error","service":"vendorlink-api","timestamp":"2026-02-25 14:42:23"}
{"error":"","level":"error","message":"Redis connection error","service":"vendorlink-api","timestamp":"2026-02-25 14:42:24"}
{"level":"info","message":"🚀 Starting VendorLink Server...","service":"vendorlink-api","timestamp":"2026-02-25 14:42:26"}
{"level":"warn","message":"⚠️  Email credentials not configured - email service disabled","service":"vendorlink-api","timestamp":"2026-02-25 14:42:26"}
{"level":"info","message":"✅ Core services initialized","service":"vendorlink-api","timestamp":"2026-02-25 14:42:26"}
{"error":"","level":"error","message":"Redis connection error","service":"vendorlink-api","timestamp":"2026-02-25 14:42:26"}
{"error":"","level":"error","message":"Redis connection error","service":"vendorlink-api","timestamp":"2026-02-25 14:42:26"}
{"error":"","level":"error","message":"Redis connection error","service":"vendorlink-api","timestamp":"2026-02-25 14:42:26"}
{"error":"","level":"error","message":"Redis connection error","service":"vendorlink-api","timestamp":"2026-02-25 14:42:26"}
{"error":"","level":"error","message":"Redis connection error","service":"vendorlink-api","timestamp":"2026-02-25 14:42:26"}
{"error":"","level":"error","message":"Redis connection error","service":"vendorlink-api","timestamp":"2026-02-25 14:42:27"}
{"error":"","level":"error","message":"Redis connection error","service":"vendorlink-api","timestamp":"2026-02-25 14:42:27"}
{"error":"","level":"error","message":"Redis connection error","service":"vendorlink-api","timestamp":"2026-02-25 14:42:27"}
{"error":"","level":"error","message":"Redis connection error","service":"vendorlink-api","timestamp":"2026-02-25 14:42:27"}
{"error":"","level":"error","message":"Redis connection error","service":"vendorlink-api","timestamp":"2026-02-25 14:42:28"}
{"error":"","level":"error","message":"Redis connection error","service":"vendorlink-api","timestamp":"2026-02-25 14:42:28"}
{"error":"","level":"error","message":"Redis connection error","service":"vendorlink-api","timestamp":"2026-02-25 14:42:29"}
{"error":"","level":"error","message":"Redis connection error","service":"vendorlink-api","timestamp":"2026-02-25 14:42:29"}
{"error":"","level":"error","message":"Redis connection error","service":"vendorlink-api","timestamp":"2026-02-25 14:42:30"}
{"error":"","level":"error","message":"Redis connection error","service":"vendorlink-api","timestamp":"2026-02-25 14:42:30"}
{"error":"","level":"error","message":"Redis connection error","service":"vendorlink-api","timestamp":"2026-02-25 14:42:31"}
{"error":"","level":"error","message":"Redis connection error","service":"vendorlink-api","timestamp":"2026-02-25 14:42:31"}
{"error":"","level":"error","message":"Redis connection error","service":"vendorlink-api","timestamp":"2026-02-25 14:42:32"}
{"error":"","level":"error","message":"Redis connection error","service":"vendorlink-api","timestamp":"2026-02-25 14:42:32"}
{"error":"","level":"error","message":"Redis connection error","service":"vendorlink-api","timestamp":"2026-02-25 14:42:33"}
{"error":"","level":"error","message":"Redis connection error","service":"vendorlink-api","timestamp":"2026-02-25 14:42:33"}
{"error":"","level":"error","message":"Redis connection error","service":"vendorlink-api","timestamp":"2026-02-25 14:42:34"}
{"error":"","level":"error","message":"Redis connection error","service":"vendorlink-api","timestamp":"2026-02-25 14:42:34"}
{"error":"","level":"error","message":"Redis connection error","service":"vendorlink-api","timestamp":"2026-02-25 14:42:35"}
{"error":"","level":"error","message":"Redis connection error","service":"vendorlink-api","timestamp":"2026-02-25 14:42:35"}
{"error":"","level":"error","message":"Redis connection error","service":"vendorlink-api","timestamp":"2026-02-25 14:42:36"}
{"error":"","level":"error","message":"Redis connection error","service":"vendorlink-api","timestamp":"2026-02-25 14:42:36"}
{"error":"","level":"error","message":"Redis connection error","service":"vendorlink-api","timestamp":"2026-02-25 14:42:37"}
{"error":"","level":"error","message":"Redis connection error","service":"vendorlink-api","timestamp":"2026-02-25 14:42:38"}
{"error":"","level":"error","message":"Redis connection error","service":"vendorlink-api","timestamp":"2026-02-25 14:42:38"}
{"error":"","level":"error","message":"Redis connection error","service":"vendorlink-api","timestamp":"2026-02-25 14:42:39"}
{"error":"","level":"error","message":"Redis connection error","service":"vendorlink-api","timestamp":"2026-02-25 14:42:39"}
{"error":"","level":"error","message":"Redis connection error","service":"vendorlink-api","timestamp":"2026-02-25 14:42:40"}
{"error":"","level":"error","message":"Redis connection error","service":"vendorlink-api","timestamp":"2026-02-25 14:42:40"}
{"error":"","level":"error","message":"Redis connection error","service":"vendorlink-api","timestamp":"2026-02-25 14:42:41"}
{"error":"","level":"error","message":"Redis connection error","service":"vendorlink-api","timestamp":"2026-02-25 14:42:41"}
{"error":"","level":"error","message":"Redis connection error","service":"vendorlink-api","timestamp":"2026-02-25 14:42:42"}
{"error":"","level":"error","message":"Redis connection error","service":"vendorlink-api","timestamp":"2026-02-25 14:42:42"}
{"error":"","level":"error","message":"Redis connection error","service":"vendorlink-api","timestamp":"2026-02-25 14:42:43"}
{"error":"","level":"error","message":"Redis connection error","service":"vendorlink-api","timestamp":"2026-02-25 14:42:43"}
{"error":"","level":"error","message":"Redis connection error","service":"vendorlink-api","timestamp":"2026-02-25 14:42:44"}
{"error":"","level":"error","message":"Redis connection error","service":"vendorlink-api","timestamp":"2026-02-25 14:42:44"}
{"error":"","level":"error","message":"Redis connection error","service":"vendorlink-api","timestamp":"2026-02-25 14:42:45"}
{"error":"","level":"error","message":"Redis connection error","service":"vendorlink-api","timestamp":"2026-02-25 14:42:45"}
{"error":"","level":"error","message":"Redis connection error","service":"vendorlink-api","timestamp":"2026-02-25 14:42:46"}
{"error":"","level":"error","message":"Redis connection error","service":"vendorlink-api","timestamp":"2026-02-25 14:42:46"}
{"error":"","level":"error","message":"Redis connection error","service":"vendorlink-api","timestamp":"2026-02-25 14:42:47"}
{"error":"","level":"error","message":"Redis connection error","service":"vendorlink-api","timestamp":"2026-02-25 14:42:47"}
{"error":"","level":"error","message":"Redis connection error","service":"vendorlink-api","timestamp":"2026-02-25 14:42:48"}
{"error":"","level":"error","message":"Redis connection error","service":"vendorlink-api","timestamp":"2026-02-25 14:42:48"}
{"error":"","level":"error","message":"Redis connection error","service":"vendorlink-api","timestamp":"2026-02-25 14:42:49"}
{"error":"","level":"error","message":"Redis connection error","service":"vendorlink-api","timestamp":"2026-02-25 14:42:49"}
{"error":"","level":"error","message":"Redis connection error","service":"vendorlink-api","timestamp":"2026-02-25 14:42:50"}
{"error":"","level":"error","message":"Redis connection error","service":"vendorlink-api","timestamp":"2026-02-25 14:42:50"}
{"error":"","level":"error","message":"Redis connection error","service":"vendorlink-api","timestamp":"2026-02-25 14:42:51"}
{"error":"","level":"error","message":"Redis connection error","service":"vendorlink-api","timestamp":"2026-02-25 14:42:51"}
{"error":"","level":"error","message":"Redis connection error","service":"vendorlink-api","timestamp":"2026-02-25 14:42:52"}
{"error":"","level":"error","message":"Redis connection error","service":"vendorlink-api","timestamp":"2026-02-25 14:42:52"}
{"level":"info","message":"🚀 Starting VendorLink Server...","service":"vendorlink-api","timestamp":"2026-02-25 14:42:54"}
{"level":"warn","message":"⚠️  Email credentials not configured - email service disabled","service":"vendorlink-api","timestamp":"2026-02-25 14:42:54"}
{"level":"info","message":"✅ Core services initialized","service":"vendorlink-api","timestamp":"2026-02-25 14:42:54"}
{"error":"","level":"error","message":"Redis connection error","service":"vendorlink-api","timestamp":"2026-02-25 14:42:54"}
{"error":"","level":"error","message":"Redis connection error","service":"vendorlink-api","timestamp":"2026-02-25 14:42:54"}
{"error":"","level":"error","message":"Redis connection error","service":"vendorlink-api","timestamp":"2026-02-25 14:42:54"}
{"error":"","level":"error","message":"Redis connection error","service":"vendorlink-api","timestamp":"2026-02-25 14:42:54"}
{"error":"","level":"error","message":"Redis connection error","service":"vendorlink-api","timestamp":"2026-02-25 14:42:55"}
{"error":"","level":"error","message":"Redis connection error","service":"vendorlink-api","timestamp":"2026-02-25 14:42:55"}
{"error":"","level":"error","message":"Redis connection error","service":"vendorlink-api","timestamp":"2026-02-25 14:42:55"}
{"error":"","level":"error","message":"Redis connection error","service":"vendorlink-api","timestamp":"2026-02-25 14:42:55"}
{"level":"info","message":"🚀 Starting VendorLink Server...","service":"vendorlink-api","timestamp":"2026-02-25 14:42:58"}
{"level":"warn","message":"⚠️  Email credentials not configured - email service disabled","service":"vendorlink-api","timestamp":"2026-02-25 14:42:58"}
{"level":"info","message":"✅ Core services initialized","service":"vendorlink-api","timestamp":"2026-02-25 14:42:58"}
{"error":"","level":"error","message":"Redis connection error","service":"vendorlink-api","timestamp":"2026-02-25 14:42:58"}
{"error":"","level":"error","message":"Redis connection error","service":"vendorlink-api","timestamp":"2026-02-25 14:42:58"}
{"error":"","level":"error","message":"Redis connection error","service":"vendorlink-api","timestamp":"2026-02-25 14:42:58"}
{"error":"","level":"error","message":"Redis connection error","service":"vendorlink-api","timestamp":"2026-02-25 14:42:58"}
{"error":"","level":"error","message":"Redis connection error","service":"vendorlink-api","timestamp":"2026-02-25 14:42:58"}
{"error":"","level":"error","message":"Redis connection error","service":"vendorlink-api","timestamp":"2026-02-25 14:42:58"}
{"error":"","level":"error","message":"Redis connection error","service":"vendorlink-api","timestamp":"2026-02-25 14:42:58"}
{"error":"","level":"error","message":"Redis connection error","service":"vendorlink-api","timestamp":"2026-02-25 14:42:59"}
{"error":"","level":"error","message":"Redis connection error","service":"vendorlink-api","timestamp":"2026-02-25 14:42:59"}
{"error":"","level":"error","message":"Redis connection error","service":"vendorlink-api","timestamp":"2026-02-25 14:43:00"}
{"error":"","level":"error","message":"Redis connection error","service":"vendorlink-api","timestamp":"2026-02-25 14:43:00"}
{"error":"","level":"error","message":"Redis connection error","service":"vendorlink-api","timestamp":"2026-02-25 14:43:01"}
{"error":"","level":"error","message":"Redis connection error","service":"vendorlink-api","timestamp":"2026-02-25 14:43:01"}
{"level":"info","message":"🚀 Starting VendorLink Server...","service":"vendorlink-api","timestamp":"2026-02-25 14:43:03"}
{"level":"warn","message":"⚠️  Email credentials not configured - email service disabled","service":"vendorlink-api","timestamp":"2026-02-25 14:43:03"}
{"level":"info","message":"✅ Core services initialized","service":"vendorlink-api","timestamp":"2026-02-25 14:43:03"}
{"level":"info","message":"\n╔════════════════════════════════════════╗","service":"vendorlink-api","timestamp":"2026-02-25 14:43:03"}
{"level":"info","message":"║  ✔ VendorLink Server Running           ║","service":"vendorlink-api","timestamp":"2026-02-25 14:43:03"}
{"level":"info","message":"║  Port: 3000                              ║","service":"vendorlink-api","timestamp":"2026-02-25 14:43:03"}
{"level":"info","message":"║  Socket.IO: Enabled                    ║","service":"vendorlink-api","timestamp":"2026-02-25 14:43:03"}
{"level":"info","message":"║  Notifications: Active                 ║","service":"vendorlink-api","timestamp":"2026-02-25 14:43:03"}
{"level":"info","message":"║  API Docs: http://localhost:3000/api-docs   ║","service":"vendorlink-api","timestamp":"2026-02-25 14:43:03"}
{"level":"info","message":"╚════════════════════════════════════════╝\n","service":"vendorlink-api","timestamp":"2026-02-25 14:43:03"}
{"error":"","level":"error","message":"Redis connection error","service":"vendorlink-api","timestamp":"2026-02-25 14:43:03"}
{"error":"","level":"error","message":"Redis connection error","service":"vendorlink-api","timestamp":"2026-02-25 14:43:03"}
{"error":"","level":"error","message":"Redis connection error","service":"vendorlink-api","timestamp":"2026-02-25 14:43:03"}
{"error":"","level":"error","message":"Redis connection error","service":"vendorlink-api","timestamp":"2026-02-25 14:43:03"}
{"error":"","level":"error","message":"Redis connection error","service":"vendorlink-api","timestamp":"2026-02-25 14:43:04"}
{"error":"","level":"error","message":"Redis connection error","service":"vendorlink-api","timestamp":"2026-02-25 14:43:04"}
{"error":"","level":"error","message":"Redis connection error","service":"vendorlink-api","timestamp":"2026-02-25 14:43:04"}
{"error":"","level":"error","message":"Redis connection error","service":"vendorlink-api","timestamp":"2026-02-25 14:43:04"}
{"level":"info","message":"🚀 Starting VendorLink Server...","service":"vendorlink-api","timestamp":"2026-02-25 14:43:07"}
{"level":"warn","message":"⚠️  Email credentials not configured - email service disabled","service":"vendorlink-api","timestamp":"2026-02-25 14:43:07"}
{"level":"info","message":"✅ Core services initialized","service":"vendorlink-api","timestamp":"2026-02-25 14:43:07"}
{"level":"info","message":"\n╔════════════════════════════════════════╗","service":"vendorlink-api","timestamp":"2026-02-25 14:43:07"}
{"level":"info","message":"║  ✔ VendorLink Server Running           ║","service":"vendorlink-api","timestamp":"2026-02-25 14:43:07"}
{"level":"info","message":"║  Port: 3000                              ║","service":"vendorlink-api","timestamp":"2026-02-25 14:43:07"}
{"level":"info","message":"║  Socket.IO: Enabled                    ║","service":"vendorlink-api","timestamp":"2026-02-25 14:43:07"}
{"level":"info","message":"║  Notifications: Active                 ║","service":"vendorlink-api","timestamp":"2026-02-25 14:43:07"}
{"level":"info","message":"║  API Docs: http://localhost:3000/api-docs   ║","service":"vendorlink-api","timestamp":"2026-02-25 14:43:07"}
{"level":"info","message":"╚════════════════════════════════════════╝\n","service":"vendorlink-api","timestamp":"2026-02-25 14:43:07"}
{"error":"","level":"error","message":"Redis connection error","service":"vendorlink-api","timestamp":"2026-02-25 14:43:07"}
{"error":"","level":"error","message":"Redis connection error","service":"vendorlink-api","timestamp":"2026-02-25 14:43:07"}
{"error":"","level":"error","message":"Redis connection error","service":"vendorlink-api","timestamp":"2026-02-25 14:43:07"}
{"error":"","level":"error","message":"Redis connection error","service":"vendorlink-api","timestamp":"2026-02-25 14:43:07"}
{"error":"","level":"error","message":"Redis connection error","service":"vendorlink-api","timestamp":"2026-02-25 14:43:07"}
{"error":"","level":"error","message":"Redis connection error","service":"vendorlink-api","timestamp":"2026-02-25 14:43:07"}
{"error":"","level":"error","message":"Redis connection error","service":"vendorlink-api","timestamp":"2026-02-25 14:43:07"}
{"error":"","level":"error","message":"Redis connection error","service":"vendorlink-api","timestamp":"2026-02-25 14:43:08"}
{"error":"","level":"error","message":"Redis connection error","service":"vendorlink-api","timestamp":"2026-02-25 14:43:08"}
{"error":"","level":"error","message":"Redis connection error","service":"vendorlink-api","timestamp":"2026-02-25 14:43:09"}
{"error":"","level":"error","message":"Redis connection error","service":"vendorlink-api","timestamp":"2026-02-25 14:43:09"}
{"error":"","level":"error","message":"Redis connection error","service":"vendorlink-api","timestamp":"2026-02-25 14:43:09"}
{"error":"","level":"error","message":"Redis connection error","service":"vendorlink-api","timestamp":"2026-02-25 14:43:10"}
{"error":"","level":"error","message":"Redis connection error","service":"vendorlink-api","timestamp":"2026-02-25 14:43:11"}
{"error":"","level":"error","message":"Redis connection error","service":"vendorlink-api","timestamp":"2026-02-25 14:43:11"}
{"error":"","level":"error","message":"Redis connection error","service":"vendorlink-api","timestamp":"2026-02-25 14:43:12"}
{"error":"","level":"error","message":"Redis connection error","service":"vendorlink-api","timestamp":"2026-02-25 14:43:12"}
{"error":"","level":"error","message":"Redis connection error","service":"vendorlink-api","timestamp":"2026-02-25 14:43:13"}
{"error":"","level":"error","message":"Redis connection error","service":"vendorlink-api","timestamp":"2026-02-25 14:43:13"}
{"error":"","level":"error","message":"Redis connection error","service":"vendorlink-api","timestamp":"2026-02-25 14:43:14"}
{"error":"","level":"error","message":"Redis connection error","service":"vendorlink-api","timestamp":"2026-02-25 14:43:14"}
{"error":"","level":"error","message":"Redis connection error","service":"vendorlink-api","timestamp":"2026-02-25 14:43:15"}
{"error":"","level":"error","message":"Redis connection error","service":"vendorlink-api","timestamp":"2026-02-25 14:43:15"}
{"error":"","level":"error","message":"Redis connection error","service":"vendorlink-api","timestamp":"2026-02-25 14:43:16"}
{"error":"","level":"error","message":"Redis connection error","service":"vendorlink-api","timestamp":"2026-02-25 14:43:16"}
{"error":"","level":"error","message":"Redis connection error","service":"vendorlink-api","timestamp":"2026-02-25 14:43:17"}
{"level":"info","message":"🚀 Starting VendorLink Server...","service":"vendorlink-api","timestamp":"2026-02-25 14:43:19"}
{"level":"warn","message":"⚠️  Email credentials not configured - email service disabled","service":"vendorlink-api","timestamp":"2026-02-25 14:43:19"}
{"level":"info","message":"✅ Core services initialized","service":"vendorlink-api","timestamp":"2026-02-25 14:43:19"}
{"level":"info","message":"\n╔════════════════════════════════════════╗","service":"vendorlink-api","timestamp":"2026-02-25 14:43:19"}
{"level":"info","message":"║  ✔ VendorLink Server Running           ║","service":"vendorlink-api","timestamp":"2026-02-25 14:43:19"}
{"level":"info","message":"║  Port: 3000                              ║","service":"vendorlink-api","timestamp":"2026-02-25 14:43:19"}
{"level":"info","message":"║  Socket.IO: Enabled                    ║","service":"vendorlink-api","timestamp":"2026-02-25 14:43:19"}
{"level":"info","message":"║  Notifications: Active                 ║","service":"vendorlink-api","timestamp":"2026-02-25 14:43:19"}
{"level":"info","message":"║  API Docs: http://localhost:3000/api-docs   ║","service":"vendorlink-api","timestamp":"2026-02-25 14:43:19"}
{"level":"info","message":"╚════════════════════════════════════════╝\n","service":"vendorlink-api","timestamp":"2026-02-25 14:43:19"}
{"error":"","level":"error","message":"Redis connection error","service":"vendorlink-api","timestamp":"2026-02-25 14:43:19"}
{"error":"","level":"error","message":"Redis connection error","service":"vendorlink-api","timestamp":"2026-02-25 14:43:19"}
{"level":"info","message":"🚀 Starting VendorLink Server...","service":"vendorlink-api","timestamp":"2026-02-25 14:43:21"}
{"level":"warn","message":"⚠️  Email credentials not configured - email service disabled","service":"vendorlink-api","timestamp":"2026-02-25 14:43:21"}
{"level":"info","message":"✅ Core services initialized","service":"vendorlink-api","timestamp":"2026-02-25 14:43:21"}
{"level":"info","message":"\n╔════════════════════════════════════════╗","service":"vendorlink-api","timestamp":"2026-02-25 14:43:21"}
{"level":"info","message":"║  ✔ VendorLink Server Running           ║","service":"vendorlink-api","timestamp":"2026-02-25 14:43:21"}
{"level":"info","message":"║  Port: 3000                              ║","service":"vendorlink-api","timestamp":"2026-02-25 14:43:21"}
{"level":"info","message":"║  Socket.IO: Enabled                    ║","service":"vendorlink-api","timestamp":"2026-02-25 14:43:21"}
{"level":"info","message":"║  Notifications: Active                 ║","service":"vendorlink-api","timestamp":"2026-02-25 14:43:21"}
{"level":"info","message":"║  API Docs: http://localhost:3000/api-docs   ║","service":"vendorlink-api","timestamp":"2026-02-25 14:43:21"}
{"level":"info","message":"╚════════════════════════════════════════╝\n","service":"vendorlink-api","timestamp":"2026-02-25 14:43:21"}
{"error":"","level":"error","message":"Redis connection error","service":"vendorlink-api","timestamp":"2026-02-25 14:43:21"}
{"error":"","level":"error","message":"Redis connection error","service":"vendorlink-api","timestamp":"2026-02-25 14:43:21"}
{"error":"","level":"error","message":"Redis connection error","service":"vendorlink-api","timestamp":"2026-02-25 14:43:21"}
{"error":"","level":"error","message":"Redis connection error","service":"vendorlink-api","timestamp":"2026-02-25 14:43:21"}
{"error":"","level":"error","message":"Redis connection error","service":"vendorlink-api","timestamp":"2026-02-25 14:43:21"}
{"error":"","level":"error","message":"Redis connection error","service":"vendorlink-api","timestamp":"2026-02-25 14:43:22"}
{"error":"","level":"error","message":"Redis connection error","service":"vendorlink-api","timestamp":"2026-02-25 14:43:22"}
{"error":"","level":"error","message":"Redis connection error","service":"vendorlink-api","timestamp":"2026-02-25 14:43:22"}
{"error":"","level":"error","message":"Redis connection error","service":"vendorlink-api","timestamp":"2026-02-25 14:43:22"}
{"error":"","level":"error","message":"Redis connection error","service":"vendorlink-api","timestamp":"2026-02-25 14:43:23"}
{"error":"","level":"error","message":"Redis connection error","service":"vendorlink-api","timestamp":"2026-02-25 14:43:23"}
{"error":"","level":"error","message":"Redis connection error","service":"vendorlink-api","timestamp":"2026-02-25 14:43:24"}
{"error":"","level":"error","message":"Redis connection error","service":"vendorlink-api","timestamp":"2026-02-25 14:43:24"}
{"error":"","level":"error","message":"Redis connection error","service":"vendorlink-api","timestamp":"2026-02-25 14:43:25"}
{"error":"","level":"error","message":"Redis connection error","service":"vendorlink-api","timestamp":"2026-02-25 14:43:25"}
{"error":"","level":"error","message":"Redis connection error","service":"vendorlink-api","timestamp":"2026-02-25 14:43:26"}
{"error":"","level":"error","message":"Redis connection error","service":"vendorlink-api","timestamp":"2026-02-25 14:43:26"}
{"error":"","level":"error","message":"Redis connection error","service":"vendorlink-api","timestamp":"2026-02-25 14:43:27"}
{"error":"","level":"error","message":"Redis connection error","service":"vendorlink-api","timestamp":"2026-02-25 14:43:27"}
{"error":"","level":"error","message":"Redis connection error","service":"vendorlink-api","timestamp":"2026-02-25 14:43:28"}
{"error":"","level":"error","message":"Redis connection error","service":"vendorlink-api","timestamp":"2026-02-25 14:43:28"}
{"error":"","level":"error","message":"Redis connection error","service":"vendorlink-api","timestamp":"2026-02-25 14:43:29"}
{"error":"","level":"error","message":"Redis connection error","service":"vendorlink-api","timestamp":"2026-02-25 14:43:29"}
{"error":"","level":"error","message":"Redis connection error","service":"vendorlink-api","timestamp":"2026-02-25 14:43:30"}
{"error":"","level":"error","message":"Redis connection error","service":"vendorlink-api","timestamp":"2026-02-25 14:43:30"}
{"error":"","level":"error","message":"Redis connection error","service":"vendorlink-api","timestamp":"2026-02-25 14:43:31"}
{"error":"","level":"error","message":"Redis connection error","service":"vendorlink-api","timestamp":"2026-02-25 14:43:32"}
{"error":"","level":"error","message":"Redis connection error","service":"vendorlink-api","timestamp":"2026-02-25 14:43:32"}
{"error":"","level":"error","message":"Redis connection error","service":"vendorlink-api","timestamp":"2026-02-25 14:43:33"}
{"error":"","level":"error","message":"Redis connection error","service":"vendorlink-api","timestamp":"2026-02-25 14:43:33"}
{"error":"","level":"error","message":"Redis connection error","service":"vendorlink-api","timestamp":"2026-02-25 14:43:34"}
{"error":"","level":"error","message":"Redis connection error","service":"vendorlink-api","timestamp":"2026-02-25 14:43:34"}
{"level":"info","message":"🚀 Starting VendorLink Server...","service":"vendorlink-api","timestamp":"2026-02-25 14:43:36"}
{"level":"warn","message":"⚠️  Email credentials not configured - email service disabled","service":"vendorlink-api","timestamp":"2026-02-25 14:43:37"}
{"level":"info","message":"✅ Core services initialized","service":"vendorlink-api","timestamp":"2026-02-25 14:43:37"}
{"level":"info","message":"\n╔════════════════════════════════════════╗","service":"vendorlink-api","timestamp":"2026-02-25 14:43:37"}
{"level":"info","message":"║  ✔ VendorLink Server Running           ║","service":"vendorlink-api","timestamp":"2026-02-25 14:43:37"}
{"level":"info","message":"║  Port: 3000                              ║","service":"vendorlink-api","timestamp":"2026-02-25 14:43:37"}
{"level":"info","message":"║  Socket.IO: Enabled                    ║","service":"vendorlink-api","timestamp":"2026-02-25 14:43:37"}
{"level":"info","message":"║  Notifications: Active                 ║","service":"vendorlink-api","timestamp":"2026-02-25 14:43:37"}
{"level":"info","message":"║  API Docs: http://localhost:3000/api-docs   ║","service":"vendorlink-api","timestamp":"2026-02-25 14:43:37"}
{"level":"info","message":"╚════════════════════════════════════════╝\n","service":"vendorlink-api","timestamp":"2026-02-25 14:43:37"}
{"error":"","level":"error","message":"Redis connection error","service":"vendorlink-api","timestamp":"2026-02-25 14:43:37"}
{"error":"","level":"error","message":"Redis connection error","service":"vendorlink-api","timestamp":"2026-02-25 14:43:37"}
{"error":"","level":"error","message":"Redis connection error","service":"vendorlink-api","timestamp":"2026-02-25 14:43:37"}
{"error":"","level":"error","message":"Redis connection error","service":"vendorlink-api","timestamp":"2026-02-25 14:43:37"}
{"level":"info","message":"🚀 Starting VendorLink Server...","service":"vendorlink-api","timestamp":"2026-02-25 14:43:38"}
{"level":"warn","message":"⚠️  Email credentials not configured - email service disabled","service":"vendorlink-api","timestamp":"2026-02-25 14:43:38"}
{"level":"info","message":"✅ Core services initialized","service":"vendorlink-api","timestamp":"2026-02-25 14:43:38"}
{"level":"info","message":"\n╔════════════════════════════════════════╗","service":"vendorlink-api","timestamp":"2026-02-25 14:43:38"}
{"level":"info","message":"║  ✔ VendorLink Server Running           ║","service":"vendorlink-api","timestamp":"2026-02-25 14:43:38"}
{"level":"info","message":"║  Port: 3000                              ║","service":"vendorlink-api","timestamp":"2026-02-25 14:43:38"}
{"level":"info","message":"║  Socket.IO: Enabled                    ║","service":"vendorlink-api","timestamp":"2026-02-25 14:43:38"}
{"level":"info","message":"║  Notifications: Active                 ║","service":"vendorlink-api","timestamp":"2026-02-25 14:43:38"}
{"level":"info","message":"║  API Docs: http://localhost:3000/api-docs   ║","service":"vendorlink-api","timestamp":"2026-02-25 14:43:38"}
{"level":"info","message":"╚════════════════════════════════════════╝\n","service":"vendorlink-api","timestamp":"2026-02-25 14:43:38"}
{"error":"","level":"error","message":"Redis connection error","service":"vendorlink-api","timestamp":"2026-02-25 14:43:38"}
{"error":"","level":"error","message":"Redis connection error","service":"vendorlink-api","timestamp":"2026-02-25 14:43:38"}
{"error":"","level":"error","message":"Redis connection error","service":"vendorlink-api","timestamp":"2026-02-25 14:43:38"}
{"error":"","level":"error","message":"Redis connection error","service":"vendorlink-api","timestamp":"2026-02-25 14:43:39"}
{"error":"","level":"error","message":"Redis connection error","service":"vendorlink-api","timestamp":"2026-02-25 14:43:39"}
{"error":"","level":"error","message":"Redis connection error","service":"vendorlink-api","timestamp":"2026-02-25 14:43:39"}
{"error":"","level":"error","message":"Redis connection error","service":"vendorlink-api","timestamp":"2026-02-25 14:43:39"}
{"error":"","level":"error","message":"Redis connection error","service":"vendorlink-api","timestamp":"2026-02-25 14:43:40"}
{"error":"","level":"error","message":"Redis connection error","service":"vendorlink-api","timestamp":"2026-02-25 14:43:40"}
{"error":"","level":"error","message":"Redis connection error","service":"vendorlink-api","timestamp":"2026-02-25 14:43:40"}
{"error":"","level":"error","message":"Redis connection error","service":"vendorlink-api","timestamp":"2026-02-25 14:43:41"}
{"error":"","level":"error","message":"Redis connection error","service":"vendorlink-api","timestamp":"2026-02-25 14:43:41"}
{"error":"","level":"error","message":"Redis connection error","service":"vendorlink-api","timestamp":"2026-02-25 14:43:42"}
{"error":"","level":"error","message":"Redis connection error","service":"vendorlink-api","timestamp":"2026-02-25 14:43:42"}
{"error":"","level":"error","message":"Redis connection error","service":"vendorlink-api","timestamp":"2026-02-25 14:43:43"}
{"error":"","level":"error","message":"Redis connection error","service":"vendorlink-api","timestamp":"2026-02-25 14:43:43"}
{"error":"","level":"error","message":"Redis connection error","service":"vendorlink-api","timestamp":"2026-02-25 14:43:44"}
{"error":"","level":"error","message":"Redis connection error","service":"vendorlink-api","timestamp":"2026-02-25 14:43:44"}
{"error":"","level":"error","message":"Redis connection error","service":"vendorlink-api","timestamp":"2026-02-25 14:43:45"}
{"error":"","level":"error","message":"Redis connection error","service":"vendorlink-api","timestamp":"2026-02-25 14:43:45"}
{"error":"","level":"error","message":"Redis connection error","service":"vendorlink-api","timestamp":"2026-02-25 14:43:46"}
{"error":"","level":"error","message":"Redis connection error","service":"vendorlink-api","timestamp":"2026-02-25 14:43:46"}
{"error":"","level":"error","message":"Redis connection error","service":"vendorlink-api","timestamp":"2026-02-25 14:43:47"}
{"error":"","level":"error","message":"Redis connection error","service":"vendorlink-api","timestamp":"2026-02-25 14:43:47"}
{"error":"","level":"error","message":"Redis connection error","service":"vendorlink-api","timestamp":"2026-02-25 14:43:48"}
{"error":"","level":"error","message":"Redis connection error","service":"vendorlink-api","timestamp":"2026-02-25 14:43:49"}
{"error":"","level":"error","message":"Redis connection error","service":"vendorlink-api","timestamp":"2026-02-25 14:43:49"}
{"error":"","level":"error","message":"Redis connection error","service":"vendorlink-api","timestamp":"2026-02-25 14:43:50"}
{"error":"","level":"error","message":"Redis connection error","service":"vendorlink-api","timestamp":"2026-02-25 14:43:50"}
{"error":"","level":"error","message":"Redis connection error","service":"vendorlink-api","timestamp":"2026-02-25 14:43:51"}
{"error":"","level":"error","message":"Redis connection error","service":"vendorlink-api","timestamp":"2026-02-25 14:43:51"}
{"error":"","level":"error","message":"Redis connection error","service":"vendorlink-api","timestamp":"2026-02-25 14:43:52"}
{"level":"info","message":"🚀 Starting VendorLink Server...","service":"vendorlink-api","timestamp":"2026-02-25 14:43:54"}
{"level":"warn","message":"⚠️  Email credentials not configured - email service disabled","service":"vendorlink-api","timestamp":"2026-02-25 14:43:54"}
{"level":"info","message":"✅ Core services initialized","service":"vendorlink-api","timestamp":"2026-02-25 14:43:54"}
{"level":"info","message":"\n╔════════════════════════════════════════╗","service":"vendorlink-api","timestamp":"2026-02-25 14:43:54"}
{"level":"info","message":"║  ✔ VendorLink Server Running           ║","service":"vendorlink-api","timestamp":"2026-02-25 14:43:54"}
{"level":"info","message":"║  Port: 3000                              ║","service":"vendorlink-api","timestamp":"2026-02-25 14:43:54"}
{"level":"info","message":"║  Socket.IO: Enabled                    ║","service":"vendorlink-api","timestamp":"2026-02-25 14:43:54"}
{"level":"info","message":"║  Notifications: Active                 ║","service":"vendorlink-api","timestamp":"2026-02-25 14:43:54"}
{"level":"info","message":"║  API Docs: http://localhost:3000/api-docs   ║","service":"vendorlink-api","timestamp":"2026-02-25 14:43:54"}
{"level":"info","message":"╚════════════════════════════════════════╝\n","service":"vendorlink-api","timestamp":"2026-02-25 14:43:54"}
{"error":"","level":"error","message":"Redis connection error","service":"vendorlink-api","timestamp":"2026-02-25 14:43:54"}
{"error":"","level":"error","message":"Redis connection error","service":"vendorlink-api","timestamp":"2026-02-25 14:43:54"}
{"error":"","level":"error","message":"Redis connection error","service":"vendorlink-api","timestamp":"2026-02-25 14:43:54"}
{"error":"","level":"error","message":"Redis connection error","service":"vendorlink-api","timestamp":"2026-02-25 14:43:54"}
{"error":"","level":"error","message":"Redis connection error","service":"vendorlink-api","timestamp":"2026-02-25 14:43:54"}
{"error":"","level":"error","message":"Redis connection error","service":"vendorlink-api","timestamp":"2026-02-25 14:43:54"}
{"error":"","level":"error","message":"Redis connection error","service":"vendorlink-api","timestamp":"2026-02-25 14:43:54"}
{"error":"","level":"error","message":"Redis connection error","service":"vendorlink-api","timestamp":"2026-02-25 14:43:55"}
{"error":"","level":"error","message":"Redis connection error","service":"vendorlink-api","timestamp":"2026-02-25 14:43:55"}
{"error":"","level":"error","message":"Redis connection error","service":"vendorlink-api","timestamp":"2026-02-25 14:43:55"}
{"error":"","level":"error","message":"Redis connection error","service":"vendorlink-api","timestamp":"2026-02-25 14:43:56"}
{"error":"","level":"error","message":"Redis connection error","service":"vendorlink-api","timestamp":"2026-02-25 14:43:56"}
{"error":"","level":"error","message":"Redis connection error","service":"vendorlink-api","timestamp":"2026-02-25 14:43:57"}
{"error":"","level":"error","message":"Redis connection error","service":"vendorlink-api","timestamp":"2026-02-25 14:43:57"}
{"error":"","level":"error","message":"Redis connection error","service":"vendorlink-api","timestamp":"2026-02-25 14:43:58"}
{"error":"","level":"error","message":"Redis connection error","service":"vendorlink-api","timestamp":"2026-02-25 14:43:59"}
{"error":"","level":"error","message":"Redis connection error","service":"vendorlink-api","timestamp":"2026-02-25 14:43:59"}
{"level":"info","message":"🚀 Starting VendorLink Server...","service":"vendorlink-api","timestamp":"2026-02-25 14:44:01"}
{"level":"warn","message":"⚠️  Email credentials not configured - email service disabled","service":"vendorlink-api","timestamp":"2026-02-25 14:44:01"}
{"level":"info","message":"✅ Core services initialized","service":"vendorlink-api","timestamp":"2026-02-25 14:44:01"}
{"level":"info","message":"\n╔════════════════════════════════════════╗","service":"vendorlink-api","timestamp":"2026-02-25 14:44:01"}
{"level":"info","message":"║  ✔ VendorLink Server Running           ║","service":"vendorlink-api","timestamp":"2026-02-25 14:44:01"}
{"level":"info","message":"║  Port: 3000                              ║","service":"vendorlink-api","timestamp":"2026-02-25 14:44:01"}
{"level":"info","message":"║  Socket.IO: Enabled                    ║","service":"vendorlink-api","timestamp":"2026-02-25 14:44:01"}
{"level":"info","message":"║  Notifications: Active                 ║","service":"vendorlink-api","timestamp":"2026-02-25 14:44:01"}
{"level":"info","message":"║  API Docs: http://localhost:3000/api-docs   ║","service":"vendorlink-api","timestamp":"2026-02-25 14:44:01"}
{"level":"info","message":"╚════════════════════════════════════════╝\n","service":"vendorlink-api","timestamp":"2026-02-25 14:44:01"}
{"error":"","level":"error","message":"Redis connection error","service":"vendorlink-api","timestamp":"2026-02-25 14:44:01"}
{"error":"","level":"error","message":"Redis connection error","service":"vendorlink-api","timestamp":"2026-02-25 14:44:01"}
{"error":"","level":"error","message":"Redis connection error","service":"vendorlink-api","timestamp":"2026-02-25 14:44:01"}
{"error":"","level":"error","message":"Redis connection error","service":"vendorlink-api","timestamp":"2026-02-25 14:44:01"}
{"error":"","level":"error","message":"Redis connection error","service":"vendorlink-api","timestamp":"2026-02-25 14:44:01"}
{"error":"","level":"error","message":"Redis connection error","service":"vendorlink-api","timestamp":"2026-02-25 14:44:02"}
{"error":"","level":"error","message":"Redis connection error","service":"vendorlink-api","timestamp":"2026-02-25 14:44:02"}
{"error":"","level":"error","message":"Redis connection error","service":"vendorlink-api","timestamp":"2026-02-25 14:44:02"}
{"error":"","level":"error","message":"Redis connection error","service":"vendorlink-api","timestamp":"2026-02-25 14:44:03"}
{"error":"","level":"error","message":"Redis connection error","service":"vendorlink-api","timestamp":"2026-02-25 14:44:03"}
{"error":"","level":"error","message":"Redis connection error","service":"vendorlink-api","timestamp":"2026-02-25 14:44:03"}
{"error":"","level":"error","message":"Redis connection error","service":"vendorlink-api","timestamp":"2026-02-25 14:44:04"}
{"error":"","level":"error","message":"Redis connection error","service":"vendorlink-api","timestamp":"2026-02-25 14:44:04"}
{"error":"","level":"error","message":"Redis connection error","service":"vendorlink-api","timestamp":"2026-02-25 14:44:05"}
{"error":"","level":"error","message":"Redis connection error","service":"vendorlink-api","timestamp":"2026-02-25 14:44:05"}
{"error":"","level":"error","message":"Redis connection error","service":"vendorlink-api","timestamp":"2026-02-25 14:44:06"}
{"error":"","level":"error","message":"Redis connection error","service":"vendorlink-api","timestamp":"2026-02-25 14:44:07"}
{"error":"","level":"error","message":"Redis connection error","service":"vendorlink-api","timestamp":"2026-02-25 14:44:07"}
{"error":"","level":"error","message":"Redis connection error","service":"vendorlink-api","timestamp":"2026-02-25 14:44:08"}
{"level":"info","message":"🚀 Starting VendorLink Server...","service":"vendorlink-api","timestamp":"2026-02-25 14:44:10"}
{"level":"warn","message":"⚠️  Email credentials not configured - email service disabled","service":"vendorlink-api","timestamp":"2026-02-25 14:44:10"}
{"level":"info","message":"✅ Core services initialized","service":"vendorlink-api","timestamp":"2026-02-25 14:44:10"}
{"level":"info","message":"\n╔════════════════════════════════════════╗","service":"vendorlink-api","timestamp":"2026-02-25 14:44:10"}
{"level":"info","message":"║  ✔ VendorLink Server Running           ║","service":"vendorlink-api","timestamp":"2026-02-25 14:44:10"}
{"level":"info","message":"║  Port: 3000                              ║","service":"vendorlink-api","timestamp":"2026-02-25 14:44:10"}
{"level":"info","message":"║  Socket.IO: Enabled                    ║","service":"vendorlink-api","timestamp":"2026-02-25 14:44:10"}
{"level":"info","message":"║  Notifications: Active                 ║","service":"vendorlink-api","timestamp":"2026-02-25 14:44:10"}
{"level":"info","message":"║  API Docs: http://localhost:3000/api-docs   ║","service":"vendorlink-api","timestamp":"2026-02-25 14:44:10"}
{"level":"info","message":"╚════════════════════════════════════════╝\n","service":"vendorlink-api","timestamp":"2026-02-25 14:44:10"}
{"error":"","level":"error","message":"Redis connection error","service":"vendorlink-api","timestamp":"2026-02-25 14:44:10"}
{"error":"","level":"error","message":"Redis connection error","service":"vendorlink-api","timestamp":"2026-02-25 14:44:10"}
{"error":"","level":"error","message":"Redis connection error","service":"vendorlink-api","timestamp":"2026-02-25 14:44:10"}
{"error":"","level":"error","message":"Redis connection error","service":"vendorlink-api","timestamp":"2026-02-25 14:44:10"}
{"error":"","level":"error","message":"Redis connection error","service":"vendorlink-api","timestamp":"2026-02-25 14:44:10"}
{"error":"","level":"error","message":"Redis connection error","service":"vendorlink-api","timestamp":"2026-02-25 14:44:10"}
{"error":"","level":"error","message":"Redis connection error","service":"vendorlink-api","timestamp":"2026-02-25 14:44:11"}
{"error":"","level":"error","message":"Redis connection error","service":"vendorlink-api","timestamp":"2026-02-25 14:44:11"}
{"error":"","level":"error","message":"Redis connection error","service":"vendorlink-api","timestamp":"2026-02-25 14:44:11"}
{"level":"info","message":"🚀 Starting VendorLink Server...","service":"vendorlink-api","timestamp":"2026-02-25 14:44:13"}
{"level":"warn","message":"⚠️  Email credentials not configured - email service disabled","service":"vendorlink-api","timestamp":"2026-02-25 14:44:13"}
{"level":"info","message":"✅ Core services initialized","service":"vendorlink-api","timestamp":"2026-02-25 14:44:13"}
{"level":"info","message":"\n╔════════════════════════════════════════╗","service":"vendorlink-api","timestamp":"2026-02-25 14:44:13"}
{"level":"info","message":"║  ✔ VendorLink Server Running           ║","service":"vendorlink-api","timestamp":"2026-02-25 14:44:13"}
{"level":"info","message":"║  Port: 3000                              ║","service":"vendorlink-api","timestamp":"2026-02-25 14:44:13"}
{"level":"info","message":"║  Socket.IO: Enabled                    ║","service":"vendorlink-api","timestamp":"2026-02-25 14:44:13"}
{"level":"info","message":"║  Notifications: Active                 ║","service":"vendorlink-api","timestamp":"2026-02-25 14:44:13"}
{"level":"info","message":"║  API Docs: http://localhost:3000/api-docs   ║","service":"vendorlink-api","timestamp":"2026-02-25 14:44:13"}
{"level":"info","message":"╚════════════════════════════════════════╝\n","service":"vendorlink-api","timestamp":"2026-02-25 14:44:13"}
{"error":"","level":"error","message":"Redis connection error","service":"vendorlink-api","timestamp":"2026-02-25 14:44:13"}
{"error":"","level":"error","message":"Redis connection error","service":"vendorlink-api","timestamp":"2026-02-25 14:44:13"}
{"error":"","level":"error","message":"Redis connection error","service":"vendorlink-api","timestamp":"2026-02-25 14:44:13"}
{"error":"","level":"error","message":"Redis connection error","service":"vendorlink-api","timestamp":"2026-02-25 14:44:14"}
{"error":"","level":"error","message":"Redis connection error","service":"vendorlink-api","timestamp":"2026-02-25 14:44:14"}
{"error":"","level":"error","message":"Redis connection error","service":"vendorlink-api","timestamp":"2026-02-25 14:44:14"}
{"error":"","level":"error","message":"Redis connection error","service":"vendorlink-api","timestamp":"2026-02-25 14:44:14"}
{"error":"","level":"error","message":"Redis connection error","service":"vendorlink-api","timestamp":"2026-02-25 14:44:15"}
{"error":"","level":"error","message":"Redis connection error","service":"vendorlink-api","timestamp":"2026-02-25 14:44:15"}
{"error":"","level":"error","message":"Redis connection error","service":"vendorlink-api","timestamp":"2026-02-25 14:44:15"}
{"error":"","level":"error","message":"Redis connection error","service":"vendorlink-api","timestamp":"2026-02-25 14:44:16"}
{"error":"","level":"error","message":"Redis connection error","service":"vendorlink-api","timestamp":"2026-02-25 14:44:16"}
{"error":"","level":"error","message":"Redis connection error","service":"vendorlink-api","timestamp":"2026-02-25 14:44:17"}
{"error":"","level":"error","message":"Redis connection error","service":"vendorlink-api","timestamp":"2026-02-25 14:44:17"}
{"error":"","level":"error","message":"Redis connection error","service":"vendorlink-api","timestamp":"2026-02-25 14:44:18"}
{"error":"","level":"error","message":"Redis connection error","service":"vendorlink-api","timestamp":"2026-02-25 14:44:18"}
{"error":"","level":"error","message":"Redis connection error","service":"vendorlink-api","timestamp":"2026-02-25 14:44:19"}
{"error":"","level":"error","message":"Redis connection error","service":"vendorlink-api","timestamp":"2026-02-25 14:44:19"}
{"error":"","level":"error","message":"Redis connection error","service":"vendorlink-api","timestamp":"2026-02-25 14:44:20"}
{"error":"","level":"error","message":"Redis connection error","service":"vendorlink-api","timestamp":"2026-02-25 14:44:20"}
{"error":"","level":"error","message":"Redis connection error","service":"vendorlink-api","timestamp":"2026-02-25 14:44:21"}
{"error":"","level":"error","message":"Redis connection error","service":"vendorlink-api","timestamp":"2026-02-25 14:44:21"}
{"error":"","level":"error","message":"Redis connection error","service":"vendorlink-api","timestamp":"2026-02-25 14:44:22"}
{"error":"","level":"error","message":"Redis connection error","service":"vendorlink-api","timestamp":"2026-02-25 14:44:22"}
{"error":"","level":"error","message":"Redis connection error","service":"vendorlink-api","timestamp":"2026-02-25 14:44:23"}
{"error":"","level":"error","message":"Redis connection error","service":"vendorlink-api","timestamp":"2026-02-25 14:44:23"}
{"error":"","level":"error","message":"Redis connection error","service":"vendorlink-api","timestamp":"2026-02-25 14:44:24"}
{"error":"","level":"error","message":"Redis connection error","service":"vendorlink-api","timestamp":"2026-02-25 14:44:25"}
{"error":"","level":"error","message":"Redis connection error","service":"vendorlink-api","timestamp":"2026-02-25 14:44:25"}
{"error":"","level":"error","message":"Redis connection error","service":"vendorlink-api","timestamp":"2026-02-25 14:44:26"}
{"error":"","level":"error","message":"Redis connection error","service":"vendorlink-api","timestamp":"2026-02-25 14:44:26"}
{"error":"","level":"error","message":"Redis connection error","service":"vendorlink-api","timestamp":"2026-02-25 14:44:27"}
{"error":"","level":"error","message":"Redis connection error","service":"vendorlink-api","timestamp":"2026-02-25 14:44:27"}
{"error":"","level":"error","message":"Redis connection error","service":"vendorlink-api","timestamp":"2026-02-25 14:44:28"}
{"error":"","level":"error","message":"Redis connection error","service":"vendorlink-api","timestamp":"2026-02-25 14:44:28"}
{"error":"","level":"error","message":"Redis connection error","service":"vendorlink-api","timestamp":"2026-02-25 14:44:29"}
{"error":"","level":"error","message":"Redis connection error","service":"vendorlink-api","timestamp":"2026-02-25 14:44:29"}
{"error":"","level":"error","message":"Redis connection error","service":"vendorlink-api","timestamp":"2026-02-25 14:44:30"}
{"error":"","level":"error","message":"Redis connection error","service":"vendorlink-api","timestamp":"2026-02-25 14:44:30"}
{"error":"","level":"error","message":"Redis connection error","service":"vendorlink-api","timestamp":"2026-02-25 14:44:31"}
{"error":"","level":"error","message":"Redis connection error","service":"vendorlink-api","timestamp":"2026-02-25 14:44:31"}
{"error":"","level":"error","message":"Redis connection error","service":"vendorlink-api","timestamp":"2026-02-25 14:44:32"}
{"error":"","level":"error","message":"Redis connection error","service":"vendorlink-api","timestamp":"2026-02-25 14:44:32"}
{"error":"","level":"error","message":"Redis connection error","service":"vendorlink-api","timestamp":"2026-02-25 14:44:33"}
{"error":"","level":"error","message":"Redis connection error","service":"vendorlink-api","timestamp":"2026-02-25 14:44:33"}
{"error":"","level":"error","message":"Redis connection error","service":"vendorlink-api","timestamp":"2026-02-25 14:44:34"}
{"error":"","level":"error","message":"Redis connection error","service":"vendorlink-api","timestamp":"2026-02-25 14:44:34"}
{"error":"","level":"error","message":"Redis connection error","service":"vendorlink-api","timestamp":"2026-02-25 14:44:35"}
{"error":"","level":"error","message":"Redis connection error","service":"vendorlink-api","timestamp":"2026-02-25 14:44:35"}
{"error":"","level":"error","message":"Redis connection error","service":"vendorlink-api","timestamp":"2026-02-25 14:44:36"}
{"error":"","level":"error","message":"Redis connection error","service":"vendorlink-api","timestamp":"2026-02-25 14:44:36"}
{"error":"","level":"error","message":"Redis connection error","service":"vendorlink-api","timestamp":"2026-02-25 14:44:37"}
{"error":"","level":"error","message":"Redis connection error","service":"vendorlink-api","timestamp":"2026-02-25 14:44:37"}
{"error":"","level":"error","message":"Redis connection error","service":"vendorlink-api","timestamp":"2026-02-25 14:44:38"}
{"error":"","level":"error","message":"Redis connection error","service":"vendorlink-api","timestamp":"2026-02-25 14:44:38"}
{"error":"","level":"error","message":"Redis connection error","service":"vendorlink-api","timestamp":"2026-02-25 14:44:39"}
{"error":"","level":"error","message":"Redis connection error","service":"vendorlink-api","timestamp":"2026-02-25 14:44:39"}
{"error":"","level":"error","message":"Redis connection error","service":"vendorlink-api","timestamp":"2026-02-25 14:44:40"}
{"error":"","level":"error","message":"Redis connection error","service":"vendorlink-api","timestamp":"2026-02-25 14:44:40"}
{"error":"","level":"error","message":"Redis connection error","service":"vendorlink-api","timestamp":"2026-02-25 14:44:41"}
{"error":"","level":"error","message":"Redis connection error","service":"vendorlink-api","timestamp":"2026-02-25 14:44:41"}
{"error":"","level":"error","message":"Redis connection error","service":"vendorlink-api","timestamp":"2026-02-25 14:44:42"}
{"error":"","level":"error","message":"Redis connection error","service":"vendorlink-api","timestamp":"2026-02-25 14:44:42"}
{"error":"","level":"error","message":"Redis connection error","service":"vendorlink-api","timestamp":"2026-02-25 14:44:43"}
{"error":"","level":"error","message":"Redis connection error","service":"vendorlink-api","timestamp":"2026-02-25 14:44:44"}
{"error":"","level":"error","message":"Redis connection error","service":"vendorlink-api","timestamp":"2026-02-25 14:44:44"}
{"error":"","level":"error","message":"Redis connection error","service":"vendorlink-api","timestamp":"2026-02-25 14:44:45"}
{"error":"","level":"error","message":"Redis connection error","service":"vendorlink-api","timestamp":"2026-02-25 14:44:45"}
{"error":"","level":"error","message":"Redis connection error","service":"vendorlink-api","timestamp":"2026-02-25 14:44:46"}
{"error":"","level":"error","message":"Redis connection error","service":"vendorlink-api","timestamp":"2026-02-25 14:44:46"}
{"error":"","level":"error","message":"Redis connection error","service":"vendorlink-api","timestamp":"2026-02-25 14:44:47"}
{"error":"","level":"error","message":"Redis connection error","service":"vendorlink-api","timestamp":"2026-02-25 14:44:47"}
{"error":"","level":"error","message":"Redis connection error","service":"vendorlink-api","timestamp":"2026-02-25 14:44:48"}
{"error":"","level":"error","message":"Redis connection error","service":"vendorlink-api","timestamp":"2026-02-25 14:44:48"}
{"error":"","level":"error","message":"Redis connection error","service":"vendorlink-api","timestamp":"2026-02-25 14:44:49"}
{"error":"","level":"error","message":"Redis connection error","service":"vendorlink-api","timestamp":"2026-02-25 14:44:49"}
{"error":"","level":"error","message":"Redis connection error","service":"vendorlink-api","timestamp":"2026-02-25 14:44:50"}
{"error":"","level":"error","message":"Redis connection error","service":"vendorlink-api","timestamp":"2026-02-25 14:44:50"}
{"error":"","level":"error","message":"Redis connection error","service":"vendorlink-api","timestamp":"2026-02-25 14:44:51"}
{"error":"","level":"error","message":"Redis connection error","service":"vendorlink-api","timestamp":"2026-02-25 14:44:51"}
{"error":"","level":"error","message":"Redis connection error","service":"vendorlink-api","timestamp":"2026-02-25 14:44:52"}
{"error":"","level":"error","message":"Redis connection error","service":"vendorlink-api","timestamp":"2026-02-25 14:44:52"}
{"error":"","level":"error","message":"Redis connection error","service":"vendorlink-api","timestamp":"2026-02-25 14:44:53"}
{"error":"","level":"error","message":"Redis connection error","service":"vendorlink-api","timestamp":"2026-02-25 14:44:53"}
{"error":"","level":"error","message":"Redis connection error","service":"vendorlink-api","timestamp":"2026-02-25 14:44:54"}
{"error":"","level":"error","message":"Redis connection error","service":"vendorlink-api","timestamp":"2026-02-25 14:44:54"}
{"error":"","level":"error","message":"Redis connection error","service":"vendorlink-api","timestamp":"2026-02-25 14:44:55"}
{"error":"","level":"error","message":"Redis connection error","service":"vendorlink-api","timestamp":"2026-02-25 14:44:55"}
{"error":"","level":"error","message":"Redis connection error","service":"vendorlink-api","timestamp":"2026-02-25 14:44:56"}
{"error":"","level":"error","message":"Redis connection error","service":"vendorlink-api","timestamp":"2026-02-25 14:44:56"}
{"error":"","level":"error","message":"Redis connection error","service":"vendorlink-api","timestamp":"2026-02-25 14:44:57"}
{"error":"","level":"error","message":"Redis connection error","service":"vendorlink-api","timestamp":"2026-02-25 14:44:57"}
{"error":"","level":"error","message":"Redis connection error","service":"vendorlink-api","timestamp":"2026-02-25 14:44:58"}
{"error":"","level":"error","message":"Redis connection error","service":"vendorlink-api","timestamp":"2026-02-25 14:44:58"}
{"error":"","level":"error","message":"Redis connection error","service":"vendorlink-api","timestamp":"2026-02-25 14:44:59"}
{"error":"","level":"error","message":"Redis connection error","service":"vendorlink-api","timestamp":"2026-02-25 14:44:59"}
{"error":"","level":"error","message":"Redis connection error","service":"vendorlink-api","timestamp":"2026-02-25 14:45:00"}
{"error":"","level":"error","message":"Redis connection error","service":"vendorlink-api","timestamp":"2026-02-25 14:45:00"}
{"error":"","level":"error","message":"Redis connection error","service":"vendorlink-api","timestamp":"2026-02-25 14:45:01"}
{"error":"","level":"error","message":"Redis connection error","service":"vendorlink-api","timestamp":"2026-02-25 14:45:01"}
{"error":"","level":"error","message":"Redis connection error","service":"vendorlink-api","timestamp":"2026-02-25 14:45:02"}
{"error":"","level":"error","message":"Redis connection error","service":"vendorlink-api","timestamp":"2026-02-25 14:45:03"}
{"error":"","level":"error","message":"Redis connection error","service":"vendorlink-api","timestamp":"2026-02-25 14:45:03"}
{"error":"","level":"error","message":"Redis connection error","service":"vendorlink-api","timestamp":"2026-02-25 14:45:04"}
{"error":"","level":"error","message":"Redis connection error","service":"vendorlink-api","timestamp":"2026-02-25 14:45:04"}
{"error":"","level":"error","message":"Redis connection error","service":"vendorlink-api","timestamp":"2026-02-25 14:45:05"}
{"error":"","level":"error","message":"Redis connection error","service":"vendorlink-api","timestamp":"2026-02-25 14:45:05"}
{"error":"","level":"error","message":"Redis connection error","service":"vendorlink-api","timestamp":"2026-02-25 14:45:06"}
{"error":"","level":"error","message":"Redis connection error","service":"vendorlink-api","timestamp":"2026-02-25 14:45:06"}
{"error":"","level":"error","message":"Redis connection error","service":"vendorlink-api","timestamp":"2026-02-25 14:45:07"}
{"error":"","level":"error","message":"Redis connection error","service":"vendorlink-api","timestamp":"2026-02-25 14:45:07"}
{"error":"","level":"error","message":"Redis connection error","service":"vendorlink-api","timestamp":"2026-02-25 14:45:08"}
{"error":"","level":"error","message":"Redis connection error","service":"vendorlink-api","timestamp":"2026-02-25 14:45:08"}
{"error":"","level":"error","message":"Redis connection error","service":"vendorlink-api","timestamp":"2026-02-25 14:45:09"}
{"error":"","level":"error","message":"Redis connection error","service":"vendorlink-api","timestamp":"2026-02-25 14:45:09"}
{"error":"","level":"error","message":"Redis connection error","service":"vendorlink-api","timestamp":"2026-02-25 14:45:10"}
{"error":"","level":"error","message":"Redis connection error","service":"vendorlink-api","timestamp":"2026-02-25 14:45:10"}
{"error":"","level":"error","message":"Redis connection error","service":"vendorlink-api","timestamp":"2026-02-25 14:45:11"}
{"error":"","level":"error","message":"Redis connection error","service":"vendorlink-api","timestamp":"2026-02-25 14:45:11"}
{"error":"","level":"error","message":"Redis connection error","service":"vendorlink-api","timestamp":"2026-02-25 14:45:12"}
{"error":"","level":"error","message":"Redis connection error","service":"vendorlink-api","timestamp":"2026-02-25 14:45:12"}
{"error":"","level":"error","message":"Redis connection error","service":"vendorlink-api","timestamp":"2026-02-25 14:45:13"}
{"error":"","level":"error","message":"Redis connection error","service":"vendorlink-api","timestamp":"2026-02-25 14:45:13"}
{"error":"","level":"error","message":"Redis connection error","service":"vendorlink-api","timestamp":"2026-02-25 14:45:14"}
{"error":"","level":"error","message":"Redis connection error","service":"vendorlink-api","timestamp":"2026-02-25 14:45:14"}
{"error":"","level":"error","message":"Redis connection error","service":"vendorlink-api","timestamp":"2026-02-25 14:45:15"}
{"error":"","level":"error","message":"Redis connection error","service":"vendorlink-api","timestamp":"2026-02-25 14:45:15"}
{"error":"","level":"error","message":"Redis connection error","service":"vendorlink-api","timestamp":"2026-02-25 14:45:16"}
{"error":"","level":"error","message":"Redis connection error","service":"vendorlink-api","timestamp":"2026-02-25 14:45:16"}
{"error":"","level":"error","message":"Redis connection error","service":"vendorlink-api","timestamp":"2026-02-25 14:45:17"}
{"error":"","level":"error","message":"Redis connection error","service":"vendorlink-api","timestamp":"2026-02-25 14:45:17"}
{"error":"","level":"error","message":"Redis connection error","service":"vendorlink-api","timestamp":"2026-02-25 14:45:18"}
{"error":"","level":"error","message":"Redis connection error","service":"vendorlink-api","timestamp":"2026-02-25 14:45:18"}
{"error":"","level":"error","message":"Redis connection error","service":"vendorlink-api","timestamp":"2026-02-25 14:45:19"}
{"error":"","level":"error","message":"Redis connection error","service":"vendorlink-api","timestamp":"2026-02-25 14:45:19"}
{"error":"","level":"error","message":"Redis connection error","service":"vendorlink-api","timestamp":"2026-02-25 14:45:20"}
{"error":"","level":"error","message":"Redis connection error","service":"vendorlink-api","timestamp":"2026-02-25 14:45:20"}
{"error":"","level":"error","message":"Redis connection error","service":"vendorlink-api","timestamp":"2026-02-25 14:45:21"}
{"error":"","level":"error","message":"Redis connection error","service":"vendorlink-api","timestamp":"2026-02-25 14:45:21"}
{"error":"","level":"error","message":"Redis connection error","service":"vendorlink-api","timestamp":"2026-02-25 14:45:22"}
{"error":"","level":"error","message":"Redis connection error","service":"vendorlink-api","timestamp":"2026-02-25 14:45:22"}
{"error":"","level":"error","message":"Redis connection error","service":"vendorlink-api","timestamp":"2026-02-25 14:45:23"}
{"error":"","level":"error","message":"Redis connection error","service":"vendorlink-api","timestamp":"2026-02-25 14:45:24"}
{"error":"","level":"error","message":"Redis connection error","service":"vendorlink-api","timestamp":"2026-02-25 14:45:24"}
{"error":"","level":"error","message":"Redis connection error","service":"vendorlink-api","timestamp":"2026-02-25 14:45:25"}
{"error":"","level":"error","message":"Redis connection error","service":"vendorlink-api","timestamp":"2026-02-25 14:45:25"}
{"error":"","level":"error","message":"Redis connection error","service":"vendorlink-api","timestamp":"2026-02-25 14:45:26"}
{"error":"","level":"error","message":"Redis connection error","service":"vendorlink-api","timestamp":"2026-02-25 14:45:26"}
{"error":"","level":"error","message":"Redis connection error","service":"vendorlink-api","timestamp":"2026-02-25 14:45:27"}
{"error":"","level":"error","message":"Redis connection error","service":"vendorlink-api","timestamp":"2026-02-25 14:45:27"}
{"error":"","level":"error","message":"Redis connection error","service":"vendorlink-api","timestamp":"2026-02-25 14:45:28"}
{"error":"","level":"error","message":"Redis connection error","service":"vendorlink-api","timestamp":"2026-02-25 14:45:28"}
{"error":"","level":"error","message":"Redis connection error","service":"vendorlink-api","timestamp":"2026-02-25 14:45:29"}
{"error":"","level":"error","message":"Redis connection error","service":"vendorlink-api","timestamp":"2026-02-25 14:45:29"}
{"error":"","level":"error","message":"Redis connection error","service":"vendorlink-api","timestamp":"2026-02-25 14:45:30"}
{"error":"","level":"error","message":"Redis connection error","service":"vendorlink-api","timestamp":"2026-02-25 14:45:30"}
{"error":"","level":"error","message":"Redis connection error","service":"vendorlink-api","timestamp":"2026-02-25 14:45:31"}
{"error":"","level":"error","message":"Redis connection error","service":"vendorlink-api","timestamp":"2026-02-25 14:45:31"}
{"error":"","level":"error","message":"Redis connection error","service":"vendorlink-api","timestamp":"2026-02-25 14:45:32"}
{"error":"","level":"error","message":"Redis connection error","service":"vendorlink-api","timestamp":"2026-02-25 14:45:32"}
{"error":"","level":"error","message":"Redis connection error","service":"vendorlink-api","timestamp":"2026-02-25 14:45:33"}
{"error":"","level":"error","message":"Redis connection error","service":"vendorlink-api","timestamp":"2026-02-25 14:45:33"}
{"error":"","level":"error","message":"Redis connection error","service":"vendorlink-api","timestamp":"2026-02-25 14:45:34"}
{"error":"","level":"error","message":"Redis connection error","service":"vendorlink-api","timestamp":"2026-02-25 14:45:34"}
{"error":"","level":"error","message":"Redis connection error","service":"vendorlink-api","timestamp":"2026-02-25 14:45:35"}
{"error":"","level":"error","message":"Redis connection error","service":"vendorlink-api","timestamp":"2026-02-25 14:45:35"}
{"error":"","level":"error","message":"Redis connection error","service":"vendorlink-api","timestamp":"2026-02-25 14:45:36"}
{"error":"","level":"error","message":"Redis connection error","service":"vendorlink-api","timestamp":"2026-02-25 14:45:36"}
{"error":"","level":"error","message":"Redis connection error","service":"vendorlink-api","timestamp":"2026-02-25 14:45:37"}
{"error":"","level":"error","message":"Redis connection error","service":"vendorlink-api","timestamp":"2026-02-25 14:45:37"}
{"error":"","level":"error","message":"Redis connection error","service":"vendorlink-api","timestamp":"2026-02-25 14:45:38"}
{"error":"","level":"error","message":"Redis connection error","service":"vendorlink-api","timestamp":"2026-02-25 14:45:38"}
{"error":"","level":"error","message":"Redis connection error","service":"vendorlink-api","timestamp":"2026-02-25 14:45:39"}
{"error":"","level":"error","message":"Redis connection error","service":"vendorlink-api","timestamp":"2026-02-25 14:45:39"}
{"error":"","level":"error","message":"Redis connection error","service":"vendorlink-api","timestamp":"2026-02-25 14:45:40"}
{"error":"","level":"error","message":"Redis connection error","service":"vendorlink-api","timestamp":"2026-02-25 14:45:40"}
{"error":"","level":"error","message":"Redis connection error","service":"vendorlink-api","timestamp":"2026-02-25 14:45:41"}
{"error":"","level":"error","message":"Redis connection error","service":"vendorlink-api","timestamp":"2026-02-25 14:45:42"}
{"error":"","level":"error","message":"Redis connection error","service":"vendorlink-api","timestamp":"2026-02-25 14:45:42"}
{"error":"","level":"error","message":"Redis connection error","service":"vendorlink-api","timestamp":"2026-02-25 14:45:43"}
{"error":"","level":"error","message":"Redis connection error","service":"vendorlink-api","timestamp":"2026-02-25 14:45:43"}
{"error":"","level":"error","message":"Redis connection error","service":"vendorlink-api","timestamp":"2026-02-25 14:45:44"}
{"error":"","level":"error","message":"Redis connection error","service":"vendorlink-api","timestamp":"2026-02-25 14:45:44"}
{"error":"","level":"error","message":"Redis connection error","service":"vendorlink-api","timestamp":"2026-02-25 14:45:45"}
{"error":"","level":"error","message":"Redis connection error","service":"vendorlink-api","timestamp":"2026-02-25 14:45:45"}
{"error":"","level":"error","message":"Redis connection error","service":"vendorlink-api","timestamp":"2026-02-25 14:45:46"}
{"error":"","level":"error","message":"Redis connection error","service":"vendorlink-api","timestamp":"2026-02-25 14:45:46"}
{"error":"","level":"error","message":"Redis connection error","service":"vendorlink-api","timestamp":"2026-02-25 14:45:47"}
{"error":"","level":"error","message":"Redis connection error","service":"vendorlink-api","timestamp":"2026-02-25 14:45:47"}
{"error":"","level":"error","message":"Redis connection error","service":"vendorlink-api","timestamp":"2026-02-25 14:45:48"}
{"error":"","level":"error","message":"Redis connection error","service":"vendorlink-api","timestamp":"2026-02-25 14:45:48"}
{"error":"","level":"error","message":"Redis connection error","service":"vendorlink-api","timestamp":"2026-02-25 14:45:49"}
{"error":"","level":"error","message":"Redis connection error","service":"vendorlink-api","timestamp":"2026-02-25 14:45:49"}
{"error":"","level":"error","message":"Redis connection error","service":"vendorlink-api","timestamp":"2026-02-25 14:45:50"}
{"error":"","level":"error","message":"Redis connection error","service":"vendorlink-api","timestamp":"2026-02-25 14:45:50"}
{"error":"","level":"error","message":"Redis connection error","service":"vendorlink-api","timestamp":"2026-02-25 14:45:51"}
{"error":"","level":"error","message":"Redis connection error","service":"vendorlink-api","timestamp":"2026-02-25 14:45:51"}
{"error":"","level":"error","message":"Redis connection error","service":"vendorlink-api","timestamp":"2026-02-25 14:45:52"}
{"error":"","level":"error","message":"Redis connection error","service":"vendorlink-api","timestamp":"2026-02-25 14:45:52"}
{"error":"","level":"error","message":"Redis connection error","service":"vendorlink-api","timestamp":"2026-02-25 14:45:53"}
{"error":"","level":"error","message":"Redis connection error","service":"vendorlink-api","timestamp":"2026-02-25 14:45:53"}
{"error":"","level":"error","message":"Redis connection error","service":"vendorlink-api","timestamp":"2026-02-25 14:45:54"}
{"error":"","level":"error","message":"Redis connection error","service":"vendorlink-api","timestamp":"2026-02-25 14:45:54"}
{"error":"","level":"error","message":"Redis connection error","service":"vendorlink-api","timestamp":"2026-02-25 14:45:55"}
{"error":"","level":"error","message":"Redis connection error","service":"vendorlink-api","timestamp":"2026-02-25 14:45:55"}
{"error":"","level":"error","message":"Redis connection error","service":"vendorlink-api","timestamp":"2026-02-25 14:45:56"}
{"error":"","level":"error","message":"Redis connection error","service":"vendorlink-api","timestamp":"2026-02-25 14:45:56"}
{"error":"","level":"error","message":"Redis connection error","service":"vendorlink-api","timestamp":"2026-02-25 14:45:57"}
{"error":"","level":"error","message":"Redis connection error","service":"vendorlink-api","timestamp":"2026-02-25 14:45:57"}
{"error":"","level":"error","message":"Redis connection error","service":"vendorlink-api","timestamp":"2026-02-25 14:45:58"}
{"error":"","level":"error","message":"Redis connection error","service":"vendorlink-api","timestamp":"2026-02-25 14:45:58"}
{"error":"","level":"error","message":"Redis connection error","service":"vendorlink-api","timestamp":"2026-02-25 14:45:59"}
{"error":"","level":"error","message":"Redis connection error","service":"vendorlink-api","timestamp":"2026-02-25 14:45:59"}
{"error":"","level":"error","message":"Redis connection error","service":"vendorlink-api","timestamp":"2026-02-25 14:46:00"}
{"error":"","level":"error","message":"Redis connection error","service":"vendorlink-api","timestamp":"2026-02-25 14:46:00"}
{"error":"","level":"error","message":"Redis connection error","service":"vendorlink-api","timestamp":"2026-02-25 14:46:01"}
{"error":"","level":"error","message":"Redis connection error","service":"vendorlink-api","timestamp":"2026-02-25 14:46:02"}
{"error":"","level":"error","message":"Redis connection error","service":"vendorlink-api","timestamp":"2026-02-25 14:46:02"}
{"error":"","level":"error","message":"Redis connection error","service":"vendorlink-api","timestamp":"2026-02-25 14:46:03"}
{"error":"","level":"error","message":"Redis connection error","service":"vendorlink-api","timestamp":"2026-02-25 14:46:03"}
{"error":"","level":"error","message":"Redis connection error","service":"vendorlink-api","timestamp":"2026-02-25 14:46:04"}
{"error":"","level":"error","message":"Redis connection error","service":"vendorlink-api","timestamp":"2026-02-25 14:46:04"}
{"error":"","level":"error","message":"Redis connection error","service":"vendorlink-api","timestamp":"2026-02-25 14:46:05"}
{"error":"","level":"error","message":"Redis connection error","service":"vendorlink-api","timestamp":"2026-02-25 14:46:05"}
{"error":"","level":"error","message":"Redis connection error","service":"vendorlink-api","timestamp":"2026-02-25 14:46:06"}
{"error":"","level":"error","message":"Redis connection error","service":"vendorlink-api","timestamp":"2026-02-25 14:46:06"}
{"error":"","level":"error","message":"Redis connection error","service":"vendorlink-api","timestamp":"2026-02-25 14:46:07"}
{"error":"","level":"error","message":"Redis connection error","service":"vendorlink-api","timestamp":"2026-02-25 14:46:07"}
{"error":"","level":"error","message":"Redis connection error","service":"vendorlink-api","timestamp":"2026-02-25 14:46:08"}
{"level":"info","message":"🚀 Starting VendorLink Server...","service":"vendorlink-api","timestamp":"2026-02-25 14:47:02"}
{"level":"warn","message":"⚠️  Email credentials not configured - email service disabled","service":"vendorlink-api","timestamp":"2026-02-25 14:47:02"}
{"level":"info","message":"✅ Core services initialized","service":"vendorlink-api","timestamp":"2026-02-25 14:47:02"}
{"level":"info","message":"\n╔════════════════════════════════════════╗","service":"vendorlink-api","timestamp":"2026-02-25 14:47:02"}
{"level":"info","message":"║  ✔ VendorLink Server Running           ║","service":"vendorlink-api","timestamp":"2026-02-25 14:47:02"}
{"level":"info","message":"║  Port: 3000                              ║","service":"vendorlink-api","timestamp":"2026-02-25 14:47:02"}
{"level":"info","message":"║  Socket.IO: Enabled                    ║","service":"vendorlink-api","timestamp":"2026-02-25 14:47:02"}
{"level":"info","message":"║  Notifications: Active                 ║","service":"vendorlink-api","timestamp":"2026-02-25 14:47:02"}
{"level":"info","message":"║  API Docs: http://localhost:3000/api-docs   ║","service":"vendorlink-api","timestamp":"2026-02-25 14:47:02"}
{"level":"info","message":"╚════════════════════════════════════════╝\n","service":"vendorlink-api","timestamp":"2026-02-25 14:47:02"}
{"error":"","level":"error","message":"Redis connection error","service":"vendorlink-api","timestamp":"2026-02-25 14:47:02"}
{"error":"","level":"error","message":"Redis connection error","service":"vendorlink-api","timestamp":"2026-02-25 14:47:02"}
{"error":"","level":"error","message":"Redis connection error","service":"vendorlink-api","timestamp":"2026-02-25 14:47:02"}
{"error":"","level":"error","message":"Redis connection error","service":"vendorlink-api","timestamp":"2026-02-25 14:47:02"}
{"error":"","level":"error","message":"Redis connection error","service":"vendorlink-api","timestamp":"2026-02-25 14:47:02"}
{"error":"","level":"error","message":"Redis connection error","service":"vendorlink-api","timestamp":"2026-02-25 14:47:03"}
{"error":"","level":"error","message":"Redis connection error","service":"vendorlink-api","timestamp":"2026-02-25 14:47:03"}
{"error":"","level":"error","message":"Redis connection error","service":"vendorlink-api","timestamp":"2026-02-25 14:47:03"}
{"error":"","level":"error","message":"Redis connection error","service":"vendorlink-api","timestamp":"2026-02-25 14:47:04"}
{"error":"","level":"error","message":"Redis connection error","service":"vendorlink-api","timestamp":"2026-02-25 14:47:04"}
{"error":"","level":"error","message":"Redis connection error","service":"vendorlink-api","timestamp":"2026-02-25 14:47:04"}
{"error":"","level":"error","message":"Redis connection error","service":"vendorlink-api","timestamp":"2026-02-25 14:47:05"}
{"error":"","level":"error","message":"Redis connection error","service":"vendorlink-api","timestamp":"2026-02-25 14:47:05"}
{"error":"","level":"error","message":"Redis connection error","service":"vendorlink-api","timestamp":"2026-02-25 14:47:06"}
{"error":"","level":"error","message":"Redis connection error","service":"vendorlink-api","timestamp":"2026-02-25 14:47:07"}
{"error":"","level":"error","message":"Redis connection error","service":"vendorlink-api","timestamp":"2026-02-25 14:47:07"}
{"error":"","level":"error","message":"Redis connection error","service":"vendorlink-api","timestamp":"2026-02-25 14:47:08"}
{"error":"","level":"error","message":"Redis connection error","service":"vendorlink-api","timestamp":"2026-02-25 14:47:08"}
{"level":"info","message":"🚀 Starting VendorLink Server...","service":"vendorlink-api","timestamp":"2026-02-25 14:47:10"}
{"level":"warn","message":"⚠️  Email credentials not configured - email service disabled","service":"vendorlink-api","timestamp":"2026-02-25 14:47:10"}
{"level":"info","message":"✅ Core services initialized","service":"vendorlink-api","timestamp":"2026-02-25 14:47:10"}
{"level":"info","message":"\n╔════════════════════════════════════════╗","service":"vendorlink-api","timestamp":"2026-02-25 14:47:10"}
{"level":"info","message":"║  ✔ VendorLink Server Running           ║","service":"vendorlink-api","timestamp":"2026-02-25 14:47:10"}
{"level":"info","message":"║  Port: 3000                              ║","service":"vendorlink-api","timestamp":"2026-02-25 14:47:10"}
{"level":"info","message":"║  Socket.IO: Enabled                    ║","service":"vendorlink-api","timestamp":"2026-02-25 14:47:10"}
{"level":"info","message":"║  Notifications: Active                 ║","service":"vendorlink-api","timestamp":"2026-02-25 14:47:10"}
{"level":"info","message":"║  API Docs: http://localhost:3000/api-docs   ║","service":"vendorlink-api","timestamp":"2026-02-25 14:47:10"}
{"level":"info","message":"╚════════════════════════════════════════╝\n","service":"vendorlink-api","timestamp":"2026-02-25 14:47:10"}
{"error":"","level":"error","message":"Redis connection error","service":"vendorlink-api","timestamp":"2026-02-25 14:47:10"}
{"error":"","level":"error","message":"Redis connection error","service":"vendorlink-api","timestamp":"2026-02-25 14:47:10"}
{"error":"","level":"error","message":"Redis connection error","service":"vendorlink-api","timestamp":"2026-02-25 14:47:10"}
{"error":"","level":"error","message":"Redis connection error","service":"vendorlink-api","timestamp":"2026-02-25 14:47:10"}
{"error":"","level":"error","message":"Redis connection error","service":"vendorlink-api","timestamp":"2026-02-25 14:47:11"}
{"error":"","level":"error","message":"Redis connection error","service":"vendorlink-api","timestamp":"2026-02-25 14:47:11"}
{"error":"","level":"error","message":"Redis connection error","service":"vendorlink-api","timestamp":"2026-02-25 14:47:11"}
{"error":"","level":"error","message":"Redis connection error","service":"vendorlink-api","timestamp":"2026-02-25 14:47:11"}
{"error":"","level":"error","message":"Redis connection error","service":"vendorlink-api","timestamp":"2026-02-25 14:47:12"}
{"error":"","level":"error","message":"Redis connection error","service":"vendorlink-api","timestamp":"2026-02-25 14:47:12"}
{"error":"","level":"error","message":"Redis connection error","service":"vendorlink-api","timestamp":"2026-02-25 14:47:13"}
{"error":"","level":"error","message":"Redis connection error","service":"vendorlink-api","timestamp":"2026-02-25 14:47:13"}
{"error":"","level":"error","message":"Redis connection error","service":"vendorlink-api","timestamp":"2026-02-25 14:47:14"}
{"error":"","level":"error","message":"Redis connection error","service":"vendorlink-api","timestamp":"2026-02-25 14:47:14"}
{"error":"","level":"error","message":"Redis connection error","service":"vendorlink-api","timestamp":"2026-02-25 14:47:15"}
{"error":"","level":"error","message":"Redis connection error","service":"vendorlink-api","timestamp":"2026-02-25 14:47:15"}
{"error":"","level":"error","message":"Redis connection error","service":"vendorlink-api","timestamp":"2026-02-25 14:47:16"}
{"error":"","level":"error","message":"Redis connection error","service":"vendorlink-api","timestamp":"2026-02-25 14:47:16"}
{"error":"","level":"error","message":"Redis connection error","service":"vendorlink-api","timestamp":"2026-02-25 14:47:17"}
{"error":"","level":"error","message":"Redis connection error","service":"vendorlink-api","timestamp":"2026-02-25 14:47:17"}
{"error":"","level":"error","message":"Redis connection error","service":"vendorlink-api","timestamp":"2026-02-25 14:47:18"}
{"error":"","level":"error","message":"Redis connection error","service":"vendorlink-api","timestamp":"2026-02-25 14:47:18"}
{"error":"","level":"error","message":"Redis connection error","service":"vendorlink-api","timestamp":"2026-02-25 14:47:19"}
{"error":"","level":"error","message":"Redis connection error","service":"vendorlink-api","timestamp":"2026-02-25 14:47:19"}
{"error":"","level":"error","message":"Redis connection error","service":"vendorlink-api","timestamp":"2026-02-25 14:47:20"}
{"error":"","level":"error","message":"Redis connection error","service":"vendorlink-api","timestamp":"2026-02-25 14:47:20"}
{"error":"","level":"error","message":"Redis connection error","service":"vendorlink-api","timestamp":"2026-02-25 14:47:21"}
{"error":"","level":"error","message":"Redis connection error","service":"vendorlink-api","timestamp":"2026-02-25 14:47:21"}
{"error":"","level":"error","message":"Redis connection error","service":"vendorlink-api","timestamp":"2026-02-25 14:47:22"}
{"error":"","level":"error","message":"Redis connection error","service":"vendorlink-api","timestamp":"2026-02-25 14:47:22"}
{"error":"","level":"error","message":"Redis connection error","service":"vendorlink-api","timestamp":"2026-02-25 14:47:23"}
{"error":"","level":"error","message":"Redis connection error","service":"vendorlink-api","timestamp":"2026-02-25 14:47:23"}
{"error":"","level":"error","message":"Redis connection error","service":"vendorlink-api","timestamp":"2026-02-25 14:47:24"}
{"error":"","level":"error","message":"Redis connection error","service":"vendorlink-api","timestamp":"2026-02-25 14:47:24"}
{"error":"","level":"error","message":"Redis connection error","service":"vendorlink-api","timestamp":"2026-02-25 14:47:25"}
{"error":"","level":"error","message":"Redis connection error","service":"vendorlink-api","timestamp":"2026-02-25 14:47:25"}
{"error":"","level":"error","message":"Redis connection error","service":"vendorlink-api","timestamp":"2026-02-25 14:47:26"}
{"error":"","level":"error","message":"Redis connection error","service":"vendorlink-api","timestamp":"2026-02-25 14:47:26"}
{"error":"","level":"error","message":"Redis connection error","service":"vendorlink-api","timestamp":"2026-02-25 14:47:27"}
{"error":"","level":"error","message":"Redis connection error","service":"vendorlink-api","timestamp":"2026-02-25 14:47:27"}
{"error":"","level":"error","message":"Redis connection error","service":"vendorlink-api","timestamp":"2026-02-25 14:47:28"}
{"error":"","level":"error","message":"Redis connection error","service":"vendorlink-api","timestamp":"2026-02-25 14:47:28"}
{"error":"","level":"error","message":"Redis connection error","service":"vendorlink-api","timestamp":"2026-02-25 14:47:29"}
{"error":"","level":"error","message":"Redis connection error","service":"vendorlink-api","timestamp":"2026-02-25 14:47:29"}
{"error":"","level":"error","message":"Redis connection error","service":"vendorlink-api","timestamp":"2026-02-25 14:47:30"}
{"error":"","level":"error","message":"Redis connection error","service":"vendorlink-api","timestamp":"2026-02-25 14:47:31"}
{"error":"","level":"error","message":"Redis connection error","service":"vendorlink-api","timestamp":"2026-02-25 14:47:31"}
{"error":"","level":"error","message":"Redis connection error","service":"vendorlink-api","timestamp":"2026-02-25 14:47:32"}
{"error":"","level":"error","message":"Redis connection error","service":"vendorlink-api","timestamp":"2026-02-25 14:47:32"}
{"error":"","level":"error","message":"Redis connection error","service":"vendorlink-api","timestamp":"2026-02-25 14:47:33"}
{"error":"","level":"error","message":"Redis connection error","service":"vendorlink-api","timestamp":"2026-02-25 14:47:33"}
{"error":"","level":"error","message":"Redis connection error","service":"vendorlink-api","timestamp":"2026-02-25 14:47:34"}
{"error":"","level":"error","message":"Redis connection error","service":"vendorlink-api","timestamp":"2026-02-25 14:47:34"}
{"error":"","level":"error","message":"Redis connection error","service":"vendorlink-api","timestamp":"2026-02-25 14:47:35"}
{"error":"","level":"error","message":"Redis connection error","service":"vendorlink-api","timestamp":"2026-02-25 14:47:35"}
{"error":"","level":"error","message":"Redis connection error","service":"vendorlink-api","timestamp":"2026-02-25 14:47:36"}
{"error":"","level":"error","message":"Redis connection error","service":"vendorlink-api","timestamp":"2026-02-25 14:47:36"}
{"error":"","level":"error","message":"Redis connection error","service":"vendorlink-api","timestamp":"2026-02-25 14:47:37"}
{"error":"","level":"error","message":"Redis connection error","service":"vendorlink-api","timestamp":"2026-02-25 14:47:37"}
{"error":"","level":"error","message":"Redis connection error","service":"vendorlink-api","timestamp":"2026-02-25 14:47:38"}
{"error":"","level":"error","message":"Redis connection error","service":"vendorlink-api","timestamp":"2026-02-25 14:47:38"}
{"error":"","level":"error","message":"Redis connection error","service":"vendorlink-api","timestamp":"2026-02-25 14:47:39"}
{"error":"","level":"error","message":"Redis connection error","service":"vendorlink-api","timestamp":"2026-02-25 14:47:39"}
{"error":"","level":"error","message":"Redis connection error","service":"vendorlink-api","timestamp":"2026-02-25 14:47:40"}
{"error":"","level":"error","message":"Redis connection error","service":"vendorlink-api","timestamp":"2026-02-25 14:47:40"}
{"error":"","level":"error","message":"Redis connection error","service":"vendorlink-api","timestamp":"2026-02-25 14:47:41"}
{"error":"","level":"error","message":"Redis connection error","service":"vendorlink-api","timestamp":"2026-02-25 14:47:41"}
{"error":"","level":"error","message":"Redis connection error","service":"vendorlink-api","timestamp":"2026-02-25 14:47:42"}
{"error":"","level":"error","message":"Redis connection error","service":"vendorlink-api","timestamp":"2026-02-25 14:47:42"}
{"error":"","level":"error","message":"Redis connection error","service":"vendorlink-api","timestamp":"2026-02-25 14:47:43"}
{"error":"","level":"error","message":"Redis connection error","service":"vendorlink-api","timestamp":"2026-02-25 14:47:43"}
{"error":"","level":"error","message":"Redis connection error","service":"vendorlink-api","timestamp":"2026-02-25 14:47:44"}
{"error":"","level":"error","message":"Redis connection error","service":"vendorlink-api","timestamp":"2026-02-25 14:47:44"}
{"error":"","level":"error","message":"Redis connection error","service":"vendorlink-api","timestamp":"2026-02-25 14:47:45"}
{"error":"","level":"error","message":"Redis connection error","service":"vendorlink-api","timestamp":"2026-02-25 14:47:45"}
{"error":"","level":"error","message":"Redis connection error","service":"vendorlink-api","timestamp":"2026-02-25 14:47:46"}
{"error":"","level":"error","message":"Redis connection error","service":"vendorlink-api","timestamp":"2026-02-25 14:47:47"}
{"error":"","level":"error","message":"Redis connection error","service":"vendorlink-api","timestamp":"2026-02-25 14:47:47"}
{"error":"","level":"error","message":"Redis connection error","service":"vendorlink-api","timestamp":"2026-02-25 14:47:48"}
{"error":"","level":"error","message":"Redis connection error","service":"vendorlink-api","timestamp":"2026-02-25 14:47:48"}
{"error":"","level":"error","message":"Redis connection error","service":"vendorlink-api","timestamp":"2026-02-25 14:47:49"}
{"error":"","level":"error","message":"Redis connection error","service":"vendorlink-api","timestamp":"2026-02-25 14:47:49"}
{"error":"","level":"error","message":"Redis connection error","service":"vendorlink-api","timestamp":"2026-02-25 14:47:50"}
{"error":"","level":"error","message":"Redis connection error","service":"vendorlink-api","timestamp":"2026-02-25 14:47:50"}
{"error":"","level":"error","message":"Redis connection error","service":"vendorlink-api","timestamp":"2026-02-25 14:47:51"}
{"error":"","level":"error","message":"Redis connection error","service":"vendorlink-api","timestamp":"2026-02-25 14:47:51"}
{"error":"","level":"error","message":"Redis connection error","service":"vendorlink-api","timestamp":"2026-02-25 14:47:52"}
{"error":"","level":"error","message":"Redis connection error","service":"vendorlink-api","timestamp":"2026-02-25 14:47:52"}
{"error":"","level":"error","message":"Redis connection error","service":"vendorlink-api","timestamp":"2026-02-25 14:47:53"}
{"error":"","level":"error","message":"Redis connection error","service":"vendorlink-api","timestamp":"2026-02-25 14:47:53"}
{"error":"","level":"error","message":"Redis connection error","service":"vendorlink-api","timestamp":"2026-02-25 14:47:54"}
{"error":"","level":"error","message":"Redis connection error","service":"vendorlink-api","timestamp":"2026-02-25 14:47:54"}
{"error":"","level":"error","message":"Redis connection error","service":"vendorlink-api","timestamp":"2026-02-25 14:47:55"}
{"error":"","level":"error","message":"Redis connection error","service":"vendorlink-api","timestamp":"2026-02-25 14:47:55"}
{"error":"","level":"error","message":"Redis connection error","service":"vendorlink-api","timestamp":"2026-02-25 14:47:56"}
{"error":"","level":"error","message":"Redis connection error","service":"vendorlink-api","timestamp":"2026-02-25 14:47:56"}
{"error":"","level":"error","message":"Redis connection error","service":"vendorlink-api","timestamp":"2026-02-25 14:47:57"}
{"error":"","level":"error","message":"Redis connection error","service":"vendorlink-api","timestamp":"2026-02-25 14:47:57"}
{"error":"","level":"error","message":"Redis connection error","service":"vendorlink-api","timestamp":"2026-02-25 14:47:58"}
{"error":"","level":"error","message":"Redis connection error","service":"vendorlink-api","timestamp":"2026-02-25 14:47:58"}
{"error":"","level":"error","message":"Redis connection error","service":"vendorlink-api","timestamp":"2026-02-25 14:47:59"}
{"error":"","level":"error","message":"Redis connection error","service":"vendorlink-api","timestamp":"2026-02-25 14:47:59"}
{"error":"","level":"error","message":"Redis connection error","service":"vendorlink-api","timestamp":"2026-02-25 14:48:00"}
{"error":"","level":"error","message":"Redis connection error","service":"vendorlink-api","timestamp":"2026-02-25 14:48:00"}
{"error":"","level":"error","message":"Redis connection error","service":"vendorlink-api","timestamp":"2026-02-25 14:48:01"}
{"error":"","level":"error","message":"Redis connection error","service":"vendorlink-api","timestamp":"2026-02-25 14:48:01"}
{"error":"","level":"error","message":"Redis connection error","service":"vendorlink-api","timestamp":"2026-02-25 14:48:02"}
{"error":"","level":"error","message":"Redis connection error","service":"vendorlink-api","timestamp":"2026-02-25 14:48:02"}
{"error":"","level":"error","message":"Redis connection error","service":"vendorlink-api","timestamp":"2026-02-25 14:48:03"}
{"error":"","level":"error","message":"Redis connection error","service":"vendorlink-api","timestamp":"2026-02-25 14:48:03"}
{"error":"","level":"error","message":"Redis connection error","service":"vendorlink-api","timestamp":"2026-02-25 14:48:04"}
{"error":"","level":"error","message":"Redis connection error","service":"vendorlink-api","timestamp":"2026-02-25 14:48:04"}
{"error":"","level":"error","message":"Redis connection error","service":"vendorlink-api","timestamp":"2026-02-25 14:48:05"}
{"error":"","level":"error","message":"Redis connection error","service":"vendorlink-api","timestamp":"2026-02-25 14:48:05"}
{"error":"time is not defined","level":"error","message":"❌ Uncaught Exception:","service":"vendorlink-api","timestamp":"2026-02-25 14:48:06"}
{"level":"info","message":"🚀 Starting VendorLink Server...","service":"vendorlink-api","timestamp":"2026-02-25 14:52:39"}
{"level":"warn","message":"⚠️  Email credentials not configured - email service disabled","service":"vendorlink-api","timestamp":"2026-02-25 14:52:39"}
{"level":"info","message":"✅ Core services initialized","service":"vendorlink-api","timestamp":"2026-02-25 14:52:39"}
{"level":"info","message":"\n╔════════════════════════════════════════╗","service":"vendorlink-api","timestamp":"2026-02-25 14:52:39"}
{"level":"info","message":"║  ✔ VendorLink Server Running           ║","service":"vendorlink-api","timestamp":"2026-02-25 14:52:39"}
{"level":"info","message":"║  Port: 3000                              ║","service":"vendorlink-api","timestamp":"2026-02-25 14:52:39"}
{"level":"info","message":"║  Socket.IO: Enabled                    ║","service":"vendorlink-api","timestamp":"2026-02-25 14:52:39"}
{"level":"info","message":"║  Notifications: Active                 ║","service":"vendorlink-api","timestamp":"2026-02-25 14:52:39"}
{"level":"info","message":"║  API Docs: http://localhost:3000/api-docs   ║","service":"vendorlink-api","timestamp":"2026-02-25 14:52:39"}
{"level":"info","message":"╚════════════════════════════════════════╝\n","service":"vendorlink-api","timestamp":"2026-02-25 14:52:39"}
{"error":"","level":"error","message":"Redis connection error","service":"vendorlink-api","timestamp":"2026-02-25 14:52:39"}
{"error":"","level":"error","message":"Redis connection error","service":"vendorlink-api","timestamp":"2026-02-25 14:52:39"}
{"error":"","level":"error","message":"Redis connection error","service":"vendorlink-api","timestamp":"2026-02-25 14:52:39"}
{"error":"","level":"error","message":"Redis connection error","service":"vendorlink-api","timestamp":"2026-02-25 14:52:39"}
{"error":"","level":"error","message":"Redis connection error","service":"vendorlink-api","timestamp":"2026-02-25 14:52:39"}
{"error":"","level":"error","message":"Redis connection error","service":"vendorlink-api","timestamp":"2026-02-25 14:52:40"}
{"error":"","level":"error","message":"Redis connection error","service":"vendorlink-api","timestamp":"2026-02-25 14:52:40"}
{"error":"","level":"error","message":"Redis connection error","service":"vendorlink-api","timestamp":"2026-02-25 14:52:40"}
{"error":"","level":"error","message":"Redis connection error","service":"vendorlink-api","timestamp":"2026-02-25 14:52:41"}
{"error":"","level":"error","message":"Redis connection error","service":"vendorlink-api","timestamp":"2026-02-25 14:52:41"}
{"error":"","level":"error","message":"Redis connection error","service":"vendorlink-api","timestamp":"2026-02-25 14:52:41"}
{"error":"","level":"error","message":"Redis connection error","service":"vendorlink-api","timestamp":"2026-02-25 14:52:42"}
{"error":"","level":"error","message":"Redis connection error","service":"vendorlink-api","timestamp":"2026-02-25 14:52:42"}
{"error":"","level":"error","message":"Redis connection error","service":"vendorlink-api","timestamp":"2026-02-25 14:52:43"}
{"error":"","level":"error","message":"Redis connection error","service":"vendorlink-api","timestamp":"2026-02-25 14:52:43"}
{"error":"","level":"error","message":"Redis connection error","service":"vendorlink-api","timestamp":"2026-02-25 14:52:44"}
{"error":"","level":"error","message":"Redis connection error","service":"vendorlink-api","timestamp":"2026-02-25 14:52:44"}
{"error":"","level":"error","message":"Redis connection error","service":"vendorlink-api","timestamp":"2026-02-25 14:52:45"}
{"error":"","level":"error","message":"Redis connection error","service":"vendorlink-api","timestamp":"2026-02-25 14:52:45"}
{"error":"","level":"error","message":"Redis connection error","service":"vendorlink-api","timestamp":"2026-02-25 14:52:46"}
{"error":"","level":"error","message":"Redis connection error","service":"vendorlink-api","timestamp":"2026-02-25 14:52:47"}
{"error":"","level":"error","message":"Redis connection error","service":"vendorlink-api","timestamp":"2026-02-25 14:52:47"}
{"error":"","level":"error","message":"Redis connection error","service":"vendorlink-api","timestamp":"2026-02-25 14:52:48"}
{"error":"","level":"error","message":"Redis connection error","service":"vendorlink-api","timestamp":"2026-02-25 14:52:48"}
{"error":"","level":"error","message":"Redis connection error","service":"vendorlink-api","timestamp":"2026-02-25 14:52:49"}
{"error":"","level":"error","message":"Redis connection error","service":"vendorlink-api","timestamp":"2026-02-25 14:52:49"}
{"error":"","level":"error","message":"Redis connection error","service":"vendorlink-api","timestamp":"2026-02-25 14:52:50"}
{"error":"","level":"error","message":"Redis connection error","service":"vendorlink-api","timestamp":"2026-02-25 14:52:50"}
{"error":"","level":"error","message":"Redis connection error","service":"vendorlink-api","timestamp":"2026-02-25 14:52:51"}
{"error":"","level":"error","message":"Redis connection error","service":"vendorlink-api","timestamp":"2026-02-25 14:52:51"}
{"error":"","level":"error","message":"Redis connection error","service":"vendorlink-api","timestamp":"2026-02-25 14:52:52"}
{"error":"","level":"error","message":"Redis connection error","service":"vendorlink-api","timestamp":"2026-02-25 14:52:52"}
{"error":"","level":"error","message":"Redis connection error","service":"vendorlink-api","timestamp":"2026-02-25 14:52:53"}
{"error":"","level":"error","message":"Redis connection error","service":"vendorlink-api","timestamp":"2026-02-25 14:52:53"}
{"error":"","level":"error","message":"Redis connection error","service":"vendorlink-api","timestamp":"2026-02-25 14:52:54"}
{"error":"","level":"error","message":"Redis connection error","service":"vendorlink-api","timestamp":"2026-02-25 14:52:54"}
{"error":"","level":"error","message":"Redis connection error","service":"vendorlink-api","timestamp":"2026-02-25 14:52:55"}
{"error":"","level":"error","message":"Redis connection error","service":"vendorlink-api","timestamp":"2026-02-25 14:52:55"}
{"error":"","level":"error","message":"Redis connection error","service":"vendorlink-api","timestamp":"2026-02-25 14:52:56"}
{"error":"","level":"error","message":"Redis connection error","service":"vendorlink-api","timestamp":"2026-02-25 14:52:56"}
{"error":"","level":"error","message":"Redis connection error","service":"vendorlink-api","timestamp":"2026-02-25 14:52:57"}
{"error":"","level":"error","message":"Redis connection error","service":"vendorlink-api","timestamp":"2026-02-25 14:52:57"}
{"error":"","level":"error","message":"Redis connection error","service":"vendorlink-api","timestamp":"2026-02-25 14:52:58"}
{"error":"","level":"error","message":"Redis connection error","service":"vendorlink-api","timestamp":"2026-02-25 14:52:58"}
{"error":"","level":"error","message":"Redis connection error","service":"vendorlink-api","timestamp":"2026-02-25 14:52:59"}
{"error":"","level":"error","message":"Redis connection error","service":"vendorlink-api","timestamp":"2026-02-25 14:52:59"}
{"error":"","level":"error","message":"Redis connection error","service":"vendorlink-api","timestamp":"2026-02-25 14:53:00"}
{"error":"","level":"error","message":"Redis connection error","service":"vendorlink-api","timestamp":"2026-02-25 14:53:00"}
{"error":"","level":"error","message":"Redis connection error","service":"vendorlink-api","timestamp":"2026-02-25 14:53:01"}
{"error":"","level":"error","message":"Redis connection error","service":"vendorlink-api","timestamp":"2026-02-25 14:53:01"}
{"error":"","level":"error","message":"Redis connection error","service":"vendorlink-api","timestamp":"2026-02-25 14:53:02"}
{"error":"","level":"error","message":"Redis connection error","service":"vendorlink-api","timestamp":"2026-02-25 14:53:02"}
{"error":"","level":"error","message":"Redis connection error","service":"vendorlink-api","timestamp":"2026-02-25 14:53:03"}
{"error":"","level":"error","message":"Redis connection error","service":"vendorlink-api","timestamp":"2026-02-25 14:53:03"}
{"error":"","level":"error","message":"Redis connection error","service":"vendorlink-api","timestamp":"2026-02-25 14:53:04"}
{"error":"","level":"error","message":"Redis connection error","service":"vendorlink-api","timestamp":"2026-02-25 14:53:04"}
{"error":"","level":"error","message":"Redis connection error","service":"vendorlink-api","timestamp":"2026-02-25 14:53:05"}
{"error":"","level":"error","message":"Redis connection error","service":"vendorlink-api","timestamp":"2026-02-25 14:53:05"}
{"error":"","level":"error","message":"Redis connection error","service":"vendorlink-api","timestamp":"2026-02-25 14:53:06"}
{"error":"","level":"error","message":"Redis connection error","service":"vendorlink-api","timestamp":"2026-02-25 14:53:06"}
{"error":"","level":"error","message":"Redis connection error","service":"vendorlink-api","timestamp":"2026-02-25 14:53:07"}
{"error":"","level":"error","message":"Redis connection error","service":"vendorlink-api","timestamp":"2026-02-25 14:53:07"}
{"error":"","level":"error","message":"Redis connection error","service":"vendorlink-api","timestamp":"2026-02-25 14:53:08"}
{"error":"","level":"error","message":"Redis connection error","service":"vendorlink-api","timestamp":"2026-02-25 14:53:08"}
{"error":"","level":"error","message":"Redis connection error","service":"vendorlink-api","timestamp":"2026-02-25 14:53:09"}
{"error":"","level":"error","message":"Redis connection error","service":"vendorlink-api","timestamp":"2026-02-25 14:53:09"}
{"error":"","level":"error","message":"Redis connection error","service":"vendorlink-api","timestamp":"2026-02-25 14:53:10"}
{"error":"","level":"error","message":"Redis connection error","service":"vendorlink-api","timestamp":"2026-02-25 14:53:10"}
{"error":"","level":"error","message":"Redis connection error","service":"vendorlink-api","timestamp":"2026-02-25 14:53:11"}
{"error":"","level":"error","message":"Redis connection error","service":"vendorlink-api","timestamp":"2026-02-25 14:53:11"}
{"error":"","level":"error","message":"Redis connection error","service":"vendorlink-api","timestamp":"2026-02-25 14:53:12"}
{"error":"","level":"error","message":"Redis connection error","service":"vendorlink-api","timestamp":"2026-02-25 14:53:12"}
{"error":"","level":"error","message":"Redis connection error","service":"vendorlink-api","timestamp":"2026-02-25 14:53:13"}
{"error":"","level":"error","message":"Redis connection error","service":"vendorlink-api","timestamp":"2026-02-25 14:53:13"}
{"error":"","level":"error","message":"Redis connection error","service":"vendorlink-api","timestamp":"2026-02-25 14:53:14"}
{"error":"","level":"error","message":"Redis connection error","service":"vendorlink-api","timestamp":"2026-02-25 14:53:14"}
{"error":"","level":"error","message":"Redis connection error","service":"vendorlink-api","timestamp":"2026-02-25 14:53:15"}
{"error":"","level":"error","message":"Redis connection error","service":"vendorlink-api","timestamp":"2026-02-25 14:53:15"}
{"error":"","level":"error","message":"Redis connection error","service":"vendorlink-api","timestamp":"2026-02-25 14:53:16"}
{"error":"","level":"error","message":"Redis connection error","service":"vendorlink-api","timestamp":"2026-02-25 14:53:16"}
{"error":"","level":"error","message":"Redis connection error","service":"vendorlink-api","timestamp":"2026-02-25 14:53:17"}
{"error":"","level":"error","message":"Redis connection error","service":"vendorlink-api","timestamp":"2026-02-25 14:53:17"}
{"error":"","level":"error","message":"Redis connection error","service":"vendorlink-api","timestamp":"2026-02-25 14:53:18"}
{"error":"","level":"error","message":"Redis connection error","service":"vendorlink-api","timestamp":"2026-02-25 14:53:18"}
{"error":"","level":"error","message":"Redis connection error","service":"vendorlink-api","timestamp":"2026-02-25 14:53:19"}
{"error":"","level":"error","message":"Redis connection error","service":"vendorlink-api","timestamp":"2026-02-25 14:53:19"}
{"error":"","level":"error","message":"Redis connection error","service":"vendorlink-api","timestamp":"2026-02-25 14:53:20"}
{"error":"","level":"error","message":"Redis connection error","service":"vendorlink-api","timestamp":"2026-02-25 14:53:20"}
{"error":"","level":"error","message":"Redis connection error","service":"vendorlink-api","timestamp":"2026-02-25 14:53:21"}
{"error":"","level":"error","message":"Redis connection error","service":"vendorlink-api","timestamp":"2026-02-25 14:53:21"}
{"error":"","level":"error","message":"Redis connection error","service":"vendorlink-api","timestamp":"2026-02-25 14:53:22"}
{"error":"","level":"error","message":"Redis connection error","service":"vendorlink-api","timestamp":"2026-02-25 14:53:22"}
{"error":"","level":"error","message":"Redis connection error","service":"vendorlink-api","timestamp":"2026-02-25 14:53:23"}
{"error":"","level":"error","message":"Redis connection error","service":"vendorlink-api","timestamp":"2026-02-25 14:53:23"}
{"error":"","level":"error","message":"Redis connection error","service":"vendorlink-api","timestamp":"2026-02-25 14:53:24"}
{"error":"","level":"error","message":"Redis connection error","service":"vendorlink-api","timestamp":"2026-02-25 14:53:24"}
{"error":"","level":"error","message":"Redis connection error","service":"vendorlink-api","timestamp":"2026-02-25 14:53:25"}
{"error":"","level":"error","message":"Redis connection error","service":"vendorlink-api","timestamp":"2026-02-25 14:53:25"}
{"error":"","level":"error","message":"Redis connection error","service":"vendorlink-api","timestamp":"2026-02-25 14:53:26"}
{"error":"","level":"error","message":"Redis connection error","service":"vendorlink-api","timestamp":"2026-02-25 14:53:26"}
{"error":"","level":"error","message":"Redis connection error","service":"vendorlink-api","timestamp":"2026-02-25 14:53:27"}
{"error":"","level":"error","message":"Redis connection error","service":"vendorlink-api","timestamp":"2026-02-25 14:53:27"}
{"error":"","level":"error","message":"Redis connection error","service":"vendorlink-api","timestamp":"2026-02-25 14:53:28"}
{"error":"","level":"error","message":"Redis connection error","service":"vendorlink-api","timestamp":"2026-02-25 14:53:29"}
{"error":"","level":"error","message":"Redis connection error","service":"vendorlink-api","timestamp":"2026-02-25 14:53:29"}
{"error":"","level":"error","message":"Redis connection error","service":"vendorlink-api","timestamp":"2026-02-25 14:53:30"}
{"error":"","level":"error","message":"Redis connection error","service":"vendorlink-api","timestamp":"2026-02-25 14:53:30"}
{"error":"","level":"error","message":"Redis connection error","service":"vendorlink-api","timestamp":"2026-02-25 14:53:31"}
{"error":"","level":"error","message":"Redis connection error","service":"vendorlink-api","timestamp":"2026-02-25 14:53:31"}
{"error":"time is not defined","level":"error","message":"❌ Uncaught Exception:","service":"vendorlink-api","timestamp":"2026-02-25 14:53:31"}
{"level":"info","message":"🚀 Starting VendorLink Server...","service":"vendorlink-api","timestamp":"2026-02-25T09:24:25.640Z"}
{"level":"warn","message":"⚠️  Email credentials not configured - email service disabled","service":"vendorlink-api","timestamp":"2026-02-25T09:24:25.657Z"}
{"level":"info","message":"✅ Core services initialized","service":"vendorlink-api","timestamp":"2026-02-25T09:24:25.657Z"}
{"level":"info","message":"\n╔════════════════════════════════════════╗","service":"vendorlink-api","timestamp":"2026-02-25T09:24:25.705Z"}
{"level":"info","message":"║  ✔ VendorLink Server Running           ║","service":"vendorlink-api","timestamp":"2026-02-25T09:24:25.705Z"}
{"level":"info","message":"║  Port: 3000                              ║","service":"vendorlink-api","timestamp":"2026-02-25T09:24:25.706Z"}
{"level":"info","message":"║  Socket.IO: Enabled                    ║","service":"vendorlink-api","timestamp":"2026-02-25T09:24:25.707Z"}
{"level":"info","message":"║  Notifications: Active                 ║","service":"vendorlink-api","timestamp":"2026-02-25T09:24:25.707Z"}
{"level":"info","message":"║  API Docs: http://localhost:3000/api-docs   ║","service":"vendorlink-api","timestamp":"2026-02-25T09:24:25.707Z"}
{"level":"info","message":"╚════════════════════════════════════════╝\n","service":"vendorlink-api","timestamp":"2026-02-25T09:24:25.708Z"}
{"error":"","level":"error","message":"Redis connection error","service":"vendorlink-api","timestamp":"2026-02-25T09:24:25.717Z"}
{"error":"","level":"error","message":"Redis connection error","service":"vendorlink-api","timestamp":"2026-02-25T09:24:25.727Z"}
{"error":"","level":"error","message":"Redis connection error","service":"vendorlink-api","timestamp":"2026-02-25T09:24:25.792Z"}
{"error":"","level":"error","message":"Redis connection error","service":"vendorlink-api","timestamp":"2026-02-25T09:24:25.903Z"}
{"error":"","level":"error","message":"Redis connection error","service":"vendorlink-api","timestamp":"2026-02-25T09:24:26.061Z"}
{"error":"","level":"error","message":"Redis connection error","service":"vendorlink-api","timestamp":"2026-02-25T09:24:26.267Z"}
{"error":"","level":"error","message":"Redis connection error","service":"vendorlink-api","timestamp":"2026-02-25T09:24:26.521Z"}
{"error":"","level":"error","message":"Redis connection error","service":"vendorlink-api","timestamp":"2026-02-25T09:24:26.832Z"}
{"error":"","level":"error","message":"Redis connection error","service":"vendorlink-api","timestamp":"2026-02-25T09:24:27.193Z"}
{"error":"","level":"error","message":"Redis connection error","service":"vendorlink-api","timestamp":"2026-02-25T09:24:27.597Z"}
{"error":"","level":"error","message":"Redis connection error","service":"vendorlink-api","timestamp":"2026-02-25T09:24:28.064Z"}
{"error":"","level":"error","message":"Redis connection error","service":"vendorlink-api","timestamp":"2026-02-25T09:24:28.565Z"}
{"error":"","level":"error","message":"Redis connection error","service":"vendorlink-api","timestamp":"2026-02-25T09:24:29.076Z"}
{"error":"","level":"error","message":"Redis connection error","service":"vendorlink-api","timestamp":"2026-02-25T09:24:29.589Z"}
{"error":"","level":"error","message":"Redis connection error","service":"vendorlink-api","timestamp":"2026-02-25T09:24:30.105Z"}
{"error":"","level":"error","message":"Redis connection error","service":"vendorlink-api","timestamp":"2026-02-25T09:24:30.616Z"}
{"error":"","level":"error","message":"Redis connection error","service":"vendorlink-api","timestamp":"2026-02-25T09:24:31.131Z"}
{"error":"","level":"error","message":"Redis connection error","service":"vendorlink-api","timestamp":"2026-02-25T09:24:31.633Z"}
{"error":"","level":"error","message":"Redis connection error","service":"vendorlink-api","timestamp":"2026-02-25T09:24:32.143Z"}
{"error":"","level":"error","message":"Redis connection error","service":"vendorlink-api","timestamp":"2026-02-25T09:24:32.657Z"}
{"error":"","level":"error","message":"Redis connection error","service":"vendorlink-api","timestamp":"2026-02-25T09:24:33.160Z"}
{"error":"","level":"error","message":"Redis connection error","service":"vendorlink-api","timestamp":"2026-02-25T09:24:33.662Z"}
{"level":"info","message":"🚀 Starting VendorLink Server...","service":"vendorlink-api","timestamp":"2026-02-25T09:24:45.313Z"}
{"level":"warn","message":"⚠️  Email credentials not configured - email service disabled","service":"vendorlink-api","timestamp":"2026-02-25T09:24:45.330Z"}
{"level":"info","message":"✅ Core services initialized","service":"vendorlink-api","timestamp":"2026-02-25T09:24:45.330Z"}
{"level":"info","message":"\n╔════════════════════════════════════════╗","service":"vendorlink-api","timestamp":"2026-02-25T09:24:45.367Z"}
{"level":"info","message":"║  ✔ VendorLink Server Running           ║","service":"vendorlink-api","timestamp":"2026-02-25T09:24:45.368Z"}
{"level":"info","message":"║  Port: 3000                              ║","service":"vendorlink-api","timestamp":"2026-02-25T09:24:45.368Z"}
{"level":"info","message":"║  Socket.IO: Enabled                    ║","service":"vendorlink-api","timestamp":"2026-02-25T09:24:45.369Z"}
{"level":"info","message":"║  Notifications: Active                 ║","service":"vendorlink-api","timestamp":"2026-02-25T09:24:45.369Z"}
{"level":"info","message":"║  API Docs: http://localhost:3000/api-docs   ║","service":"vendorlink-api","timestamp":"2026-02-25T09:24:45.370Z"}
{"level":"info","message":"╚════════════════════════════════════════╝\n","service":"vendorlink-api","timestamp":"2026-02-25T09:24:45.370Z"}
{"error":"","level":"error","message":"Redis connection error","service":"vendorlink-api","timestamp":"2026-02-25T09:24:45.376Z"}
{"error":"","level":"error","message":"Redis connection error","service":"vendorlink-api","timestamp":"2026-02-25T09:24:45.384Z"}
{"error":"","level":"error","message":"Redis connection error","service":"vendorlink-api","timestamp":"2026-02-25T09:24:45.444Z"}
{"error":"","level":"error","message":"Redis connection error","service":"vendorlink-api","timestamp":"2026-02-25T09:24:45.555Z"}
{"error":"","level":"error","message":"Redis connection error","service":"vendorlink-api","timestamp":"2026-02-25T09:24:45.712Z"}
{"error":"","level":"error","message":"Redis connection error","service":"vendorlink-api","timestamp":"2026-02-25T09:24:45.917Z"}
{"error":"","level":"error","message":"Redis connection error","service":"vendorlink-api","timestamp":"2026-02-25T09:24:46.171Z"}
{"error":"","level":"error","message":"Redis connection error","service":"vendorlink-api","timestamp":"2026-02-25T09:24:46.484Z"}
{"error":"","level":"error","message":"Redis connection error","service":"vendorlink-api","timestamp":"2026-02-25T09:24:46.845Z"}
{"error":"","level":"error","message":"Redis connection error","service":"vendorlink-api","timestamp":"2026-02-25T09:24:47.251Z"}
{"error":"","level":"error","message":"Redis connection error","service":"vendorlink-api","timestamp":"2026-02-25T09:24:47.704Z"}
{"error":"","level":"error","message":"Redis connection error","service":"vendorlink-api","timestamp":"2026-02-25T09:24:48.209Z"}
{"error":"","level":"error","message":"Redis connection error","service":"vendorlink-api","timestamp":"2026-02-25T09:24:48.710Z"}
{"error":"","level":"error","message":"Redis connection error","service":"vendorlink-api","timestamp":"2026-02-25T09:24:49.214Z"}
{"error":"","level":"error","message":"Redis connection error","service":"vendorlink-api","timestamp":"2026-02-25T09:24:49.729Z"}
{"error":"","level":"error","message":"Redis connection error","service":"vendorlink-api","timestamp":"2026-02-25T09:24:50.232Z"}
{"error":"","level":"error","message":"Redis connection error","service":"vendorlink-api","timestamp":"2026-02-25T09:24:50.737Z"}
{"error":"","level":"error","message":"Redis connection error","service":"vendorlink-api","timestamp":"2026-02-25T09:24:51.243Z"}
{"error":"","level":"error","message":"Redis connection error","service":"vendorlink-api","timestamp":"2026-02-25T09:24:51.749Z"}
{"error":"","level":"error","message":"Redis connection error","service":"vendorlink-api","timestamp":"2026-02-25T09:24:52.265Z"}
{"error":"","level":"error","message":"Redis connection error","service":"vendorlink-api","timestamp":"2026-02-25T09:24:52.771Z"}
{"error":"","level":"error","message":"Redis connection error","service":"vendorlink-api","timestamp":"2026-02-25T09:24:53.275Z"}
{"error":"","level":"error","message":"Redis connection error","service":"vendorlink-api","timestamp":"2026-02-25T09:24:53.778Z"}
{"error":"","level":"error","message":"Redis connection error","service":"vendorlink-api","timestamp":"2026-02-25T09:24:54.284Z"}
{"error":"","level":"error","message":"Redis connection error","service":"vendorlink-api","timestamp":"2026-02-25T09:24:54.792Z"}
{"error":"","level":"error","message":"Redis connection error","service":"vendorlink-api","timestamp":"2026-02-25T09:24:55.294Z"}
{"error":"","level":"error","message":"Redis connection error","service":"vendorlink-api","timestamp":"2026-02-25T09:24:55.799Z"}
{"error":"","level":"error","message":"Redis connection error","service":"vendorlink-api","timestamp":"2026-02-25T09:24:56.303Z"}
{"error":"","level":"error","message":"Redis connection error","service":"vendorlink-api","timestamp":"2026-02-25T09:24:56.809Z"}
{"error":"","level":"error","message":"Redis connection error","service":"vendorlink-api","timestamp":"2026-02-25T09:24:57.322Z"}
{"error":"","level":"error","message":"Redis connection error","service":"vendorlink-api","timestamp":"2026-02-25T09:24:57.836Z"}
{"error":"","level":"error","message":"Redis connection error","service":"vendorlink-api","timestamp":"2026-02-25T09:24:58.349Z"}
{"error":"","level":"error","message":"Redis connection error","service":"vendorlink-api","timestamp":"2026-02-25T09:24:58.864Z"}
{"error":"","level":"error","message":"Redis connection error","service":"vendorlink-api","timestamp":"2026-02-25T09:24:59.379Z"}
{"error":"","level":"error","message":"Redis connection error","service":"vendorlink-api","timestamp":"2026-02-25T09:24:59.889Z"}
{"error":"","level":"error","message":"Redis connection error","service":"vendorlink-api","timestamp":"2026-02-25T09:25:00.402Z"}
{"error":"","level":"error","message":"Redis connection error","service":"vendorlink-api","timestamp":"2026-02-25T09:25:00.906Z"}
{"error":"","level":"error","message":"Redis connection error","service":"vendorlink-api","timestamp":"2026-02-25T09:25:01.417Z"}
{"error":"","level":"error","message":"Redis connection error","service":"vendorlink-api","timestamp":"2026-02-25T09:25:01.932Z"}
{"error":"","level":"error","message":"Redis connection error","service":"vendorlink-api","timestamp":"2026-02-25T09:25:02.436Z"}
{"error":"","level":"error","message":"Redis connection error","service":"vendorlink-api","timestamp":"2026-02-25T09:25:02.938Z"}
{"error":"","level":"error","message":"Redis connection error","service":"vendorlink-api","timestamp":"2026-02-25T09:25:03.453Z"}
{"error":"","level":"error","message":"Redis connection error","service":"vendorlink-api","timestamp":"2026-02-25T09:25:03.968Z"}
{"error":"","level":"error","message":"Redis connection error","service":"vendorlink-api","timestamp":"2026-02-25T09:25:04.485Z"}
{"error":"","level":"error","message":"Redis connection error","service":"vendorlink-api","timestamp":"2026-02-25T09:25:04.999Z"}
{"error":"","level":"error","message":"Redis connection error","service":"vendorlink-api","timestamp":"2026-02-25T09:25:05.500Z"}
{"error":"","level":"error","message":"Redis connection error","service":"vendorlink-api","timestamp":"2026-02-25T09:25:06.014Z"}
{"error":"","level":"error","message":"Redis connection error","service":"vendorlink-api","timestamp":"2026-02-25T09:25:06.529Z"}
{"error":"","level":"error","message":"Redis connection error","service":"vendorlink-api","timestamp":"2026-02-25T09:25:07.032Z"}
{"error":"","level":"error","message":"Redis connection error","service":"vendorlink-api","timestamp":"2026-02-25T09:25:07.544Z"}
{"error":"","level":"error","message":"Redis connection error","service":"vendorlink-api","timestamp":"2026-02-25T09:25:08.047Z"}
{"error":"","level":"error","message":"Redis connection error","service":"vendorlink-api","timestamp":"2026-02-25T09:25:08.560Z"}
{"error":"","level":"error","message":"Redis connection error","service":"vendorlink-api","timestamp":"2026-02-25T09:25:09.074Z"}
{"error":"","level":"error","message":"Redis connection error","service":"vendorlink-api","timestamp":"2026-02-25T09:25:09.577Z"}
{"error":"","level":"error","message":"Redis connection error","service":"vendorlink-api","timestamp":"2026-02-25T09:25:10.079Z"}
{"error":"","level":"error","message":"Redis connection error","service":"vendorlink-api","timestamp":"2026-02-25T09:25:10.593Z"}
{"error":"","level":"error","message":"Redis connection error","service":"vendorlink-api","timestamp":"2026-02-25T09:25:11.108Z"}
{"error":"","level":"error","message":"Redis connection error","service":"vendorlink-api","timestamp":"2026-02-25T09:25:11.611Z"}
{"error":"","level":"error","message":"Redis connection error","service":"vendorlink-api","timestamp":"2026-02-25T09:25:12.127Z"}
{"error":"","level":"error","message":"Redis connection error","service":"vendorlink-api","timestamp":"2026-02-25T09:25:12.645Z"}
{"error":"","level":"error","message":"Redis connection error","service":"vendorlink-api","timestamp":"2026-02-25T09:25:13.158Z"}
{"error":"","level":"error","message":"Redis connection error","service":"vendorlink-api","timestamp":"2026-02-25T09:25:13.670Z"}
{"error":"","level":"error","message":"Redis connection error","service":"vendorlink-api","timestamp":"2026-02-25T09:25:14.186Z"}
{"error":"","level":"error","message":"Redis connection error","service":"vendorlink-api","timestamp":"2026-02-25T09:25:14.689Z"}
{"error":"","level":"error","message":"Redis connection error","service":"vendorlink-api","timestamp":"2026-02-25T09:25:15.204Z"}
{"error":"","level":"error","message":"Redis connection error","service":"vendorlink-api","timestamp":"2026-02-25T09:25:15.720Z"}
{"error":"","level":"error","message":"Redis connection error","service":"vendorlink-api","timestamp":"2026-02-25T09:25:16.235Z"}
{"error":"","level":"error","message":"Redis connection error","service":"vendorlink-api","timestamp":"2026-02-25T09:25:16.737Z"}
{"error":"","level":"error","message":"Redis connection error","service":"vendorlink-api","timestamp":"2026-02-25T09:25:17.240Z"}
{"error":"","level":"error","message":"Redis connection error","service":"vendorlink-api","timestamp":"2026-02-25T09:25:17.758Z"}
{"error":"","level":"error","message":"Redis connection error","service":"vendorlink-api","timestamp":"2026-02-25T09:25:18.260Z"}
{"error":"","level":"error","message":"Redis connection error","service":"vendorlink-api","timestamp":"2026-02-25T09:25:18.777Z"}
{"error":"","level":"error","message":"Redis connection error","service":"vendorlink-api","timestamp":"2026-02-25T09:25:19.293Z"}
{"error":"","level":"error","message":"Redis connection error","service":"vendorlink-api","timestamp":"2026-02-25T09:25:19.808Z"}
{"error":"","level":"error","message":"Redis connection error","service":"vendorlink-api","timestamp":"2026-02-25T09:25:20.322Z"}
{"error":"","level":"error","message":"Redis connection error","service":"vendorlink-api","timestamp":"2026-02-25T09:25:20.826Z"}
{"error":"","level":"error","message":"Redis connection error","service":"vendorlink-api","timestamp":"2026-02-25T09:25:21.332Z"}
{"error":"","level":"error","message":"Redis connection error","service":"vendorlink-api","timestamp":"2026-02-25T09:25:21.840Z"}
{"error":"","level":"error","message":"Redis connection error","service":"vendorlink-api","timestamp":"2026-02-25T09:25:22.345Z"}
{"error":"","level":"error","message":"Redis connection error","service":"vendorlink-api","timestamp":"2026-02-25T09:25:22.851Z"}
{"error":"","level":"error","message":"Redis connection error","service":"vendorlink-api","timestamp":"2026-02-25T09:25:23.357Z"}
{"error":"","level":"error","message":"Redis connection error","service":"vendorlink-api","timestamp":"2026-02-25T09:25:23.866Z"}
{"error":"","level":"error","message":"Redis connection error","service":"vendorlink-api","timestamp":"2026-02-25T09:25:24.369Z"}
{"error":"","level":"error","message":"Redis connection error","service":"vendorlink-api","timestamp":"2026-02-25T09:25:24.884Z"}
{"error":"","level":"error","message":"Redis connection error","service":"vendorlink-api","timestamp":"2026-02-25T09:25:25.402Z"}
{"error":"","level":"error","message":"Redis connection error","service":"vendorlink-api","timestamp":"2026-02-25T09:25:25.918Z"}
{"error":"","level":"error","message":"Redis connection error","service":"vendorlink-api","timestamp":"2026-02-25T09:25:26.433Z"}
{"error":"","level":"error","message":"Redis connection error","service":"vendorlink-api","timestamp":"2026-02-25T09:25:26.949Z"}
{"error":"","level":"error","message":"Redis connection error","service":"vendorlink-api","timestamp":"2026-02-25T09:25:27.451Z"}
{"error":"","level":"error","message":"Redis connection error","service":"vendorlink-api","timestamp":"2026-02-25T09:25:27.965Z"}
{"error":"","level":"error","message":"Redis connection error","service":"vendorlink-api","timestamp":"2026-02-25T09:25:28.481Z"}
{"error":"","level":"error","message":"Redis connection error","service":"vendorlink-api","timestamp":"2026-02-25T09:25:28.996Z"}
{"error":"","level":"error","message":"Redis connection error","service":"vendorlink-api","timestamp":"2026-02-25T09:25:29.512Z"}
{"error":"","level":"error","message":"Redis connection error","service":"vendorlink-api","timestamp":"2026-02-25T09:25:30.027Z"}
{"error":"","level":"error","message":"Redis connection error","service":"vendorlink-api","timestamp":"2026-02-25T09:25:30.541Z"}
{"error":"","level":"error","message":"Redis connection error","service":"vendorlink-api","timestamp":"2026-02-25T09:25:31.057Z"}
{"error":"","level":"error","message":"Redis connection error","service":"vendorlink-api","timestamp":"2026-02-25T09:25:31.573Z"}
{"error":"","level":"error","message":"Redis connection error","service":"vendorlink-api","timestamp":"2026-02-25T09:25:32.075Z"}
{"error":"","level":"error","message":"Redis connection error","service":"vendorlink-api","timestamp":"2026-02-25T09:25:32.590Z"}
{"error":"","level":"error","message":"Redis connection error","service":"vendorlink-api","timestamp":"2026-02-25T09:25:33.093Z"}
{"error":"","level":"error","message":"Redis connection error","service":"vendorlink-api","timestamp":"2026-02-25T09:25:33.610Z"}
{"error":"","level":"error","message":"Redis connection error","service":"vendorlink-api","timestamp":"2026-02-25T09:25:34.123Z"}
{"error":"","level":"error","message":"Redis connection error","service":"vendorlink-api","timestamp":"2026-02-25T09:25:34.640Z"}
{"error":"","level":"error","message":"Redis connection error","service":"vendorlink-api","timestamp":"2026-02-25T09:25:35.156Z"}
{"error":"","level":"error","message":"Redis connection error","service":"vendorlink-api","timestamp":"2026-02-25T09:25:35.672Z"}
{"error":"","level":"error","message":"Redis connection error","service":"vendorlink-api","timestamp":"2026-02-25T09:25:36.186Z"}
{"error":"","level":"error","message":"Redis connection error","service":"vendorlink-api","timestamp":"2026-02-25T09:25:36.700Z"}
{"error":"","level":"error","message":"Redis connection error","service":"vendorlink-api","timestamp":"2026-02-25T09:25:37.215Z"}
{"error":"","level":"error","message":"Redis connection error","service":"vendorlink-api","timestamp":"2026-02-25T09:25:37.733Z"}
{"error":"","level":"error","message":"Redis connection error","service":"vendorlink-api","timestamp":"2026-02-25T09:25:38.247Z"}
{"error":"","level":"error","message":"Redis connection error","service":"vendorlink-api","timestamp":"2026-02-25T09:25:38.761Z"}
{"error":"","level":"error","message":"Redis connection error","service":"vendorlink-api","timestamp":"2026-02-25T09:25:39.277Z"}
{"error":"","level":"error","message":"Redis connection error","service":"vendorlink-api","timestamp":"2026-02-25T09:25:39.780Z"}
{"error":"","level":"error","message":"Redis connection error","service":"vendorlink-api","timestamp":"2026-02-25T09:25:40.297Z"}
{"error":"","level":"error","message":"Redis connection error","service":"vendorlink-api","timestamp":"2026-02-25T09:25:40.813Z"}
{"error":"","level":"error","message":"Redis connection error","service":"vendorlink-api","timestamp":"2026-02-25T09:25:41.327Z"}
{"error":"","level":"error","message":"Redis connection error","service":"vendorlink-api","timestamp":"2026-02-25T09:25:41.843Z"}
{"error":"","level":"error","message":"Redis connection error","service":"vendorlink-api","timestamp":"2026-02-25T09:25:42.357Z"}
{"error":"","level":"error","message":"Redis connection error","service":"vendorlink-api","timestamp":"2026-02-25T09:25:42.872Z"}
{"error":"","level":"error","message":"Redis connection error","service":"vendorlink-api","timestamp":"2026-02-25T09:25:43.386Z"}
{"error":"","level":"error","message":"Redis connection error","service":"vendorlink-api","timestamp":"2026-02-25T09:25:43.888Z"}
{"error":"","level":"error","message":"Redis connection error","service":"vendorlink-api","timestamp":"2026-02-25T09:25:44.403Z"}
{"error":"","level":"error","message":"Redis connection error","service":"vendorlink-api","timestamp":"2026-02-25T09:25:44.919Z"}
{"error":"","level":"error","message":"Redis connection error","service":"vendorlink-api","timestamp":"2026-02-25T09:25:45.431Z"}
{"error":"","level":"error","message":"Redis connection error","service":"vendorlink-api","timestamp":"2026-02-25T09:25:45.947Z"}
{"error":"","level":"error","message":"Redis connection error","service":"vendorlink-api","timestamp":"2026-02-25T09:25:46.463Z"}
{"error":"","level":"error","message":"Redis connection error","service":"vendorlink-api","timestamp":"2026-02-25T09:25:46.979Z"}
{"error":"","level":"error","message":"Redis connection error","service":"vendorlink-api","timestamp":"2026-02-25T09:25:47.496Z"}
{"error":"","level":"error","message":"Redis connection error","service":"vendorlink-api","timestamp":"2026-02-25T09:25:48.013Z"}
{"error":"","level":"error","message":"Redis connection error","service":"vendorlink-api","timestamp":"2026-02-25T09:25:48.527Z"}
{"error":"","level":"error","message":"Redis connection error","service":"vendorlink-api","timestamp":"2026-02-25T09:25:49.041Z"}
{"error":"","level":"error","message":"Redis connection error","service":"vendorlink-api","timestamp":"2026-02-25T09:25:49.557Z"}
{"error":"","level":"error","message":"Redis connection error","service":"vendorlink-api","timestamp":"2026-02-25T09:25:50.069Z"}
{"error":"","level":"error","message":"Redis connection error","service":"vendorlink-api","timestamp":"2026-02-25T09:25:50.583Z"}
{"error":"","level":"error","message":"Redis connection error","service":"vendorlink-api","timestamp":"2026-02-25T09:25:51.100Z"}
{"error":"","level":"error","message":"Redis connection error","service":"vendorlink-api","timestamp":"2026-02-25T09:25:51.616Z"}
{"error":"","level":"error","message":"Redis connection error","service":"vendorlink-api","timestamp":"2026-02-25T09:25:52.130Z"}
{"error":"","level":"error","message":"Redis connection error","service":"vendorlink-api","timestamp":"2026-02-25T09:25:52.644Z"}
{"error":"","level":"error","message":"Redis connection error","service":"vendorlink-api","timestamp":"2026-02-25T09:25:53.161Z"}
{"error":"","level":"error","message":"Redis connection error","service":"vendorlink-api","timestamp":"2026-02-25T09:25:53.663Z"}
{"error":"","level":"error","message":"Redis connection error","service":"vendorlink-api","timestamp":"2026-02-25T09:25:54.165Z"}
{"error":"","level":"error","message":"Redis connection error","service":"vendorlink-api","timestamp":"2026-02-25T09:25:54.680Z"}
{"error":"","level":"error","message":"Redis connection error","service":"vendorlink-api","timestamp":"2026-02-25T09:25:55.181Z"}
{"error":"","level":"error","message":"Redis connection error","service":"vendorlink-api","timestamp":"2026-02-25T09:25:55.697Z"}
{"error":"","level":"error","message":"Redis connection error","service":"vendorlink-api","timestamp":"2026-02-25T09:25:56.214Z"}
{"error":"","level":"error","message":"Redis connection error","service":"vendorlink-api","timestamp":"2026-02-25T09:25:56.717Z"}
{"error":"","level":"error","message":"Redis connection error","service":"vendorlink-api","timestamp":"2026-02-25T09:25:57.220Z"}
{"error":"","level":"error","message":"Redis connection error","service":"vendorlink-api","timestamp":"2026-02-25T09:25:57.735Z"}
{"error":"","level":"error","message":"Redis connection error","service":"vendorlink-api","timestamp":"2026-02-25T09:25:58.249Z"}
{"error":"","level":"error","message":"Redis connection error","service":"vendorlink-api","timestamp":"2026-02-25T09:25:58.751Z"}
{"error":"","level":"error","message":"Redis connection error","service":"vendorlink-api","timestamp":"2026-02-25T09:25:59.268Z"}
{"error":"","level":"error","message":"Redis connection error","service":"vendorlink-api","timestamp":"2026-02-25T09:25:59.783Z"}
{"error":"","level":"error","message":"Redis connection error","service":"vendorlink-api","timestamp":"2026-02-25T09:26:00.299Z"}
{"error":"","level":"error","message":"Redis connection error","service":"vendorlink-api","timestamp":"2026-02-25T09:26:00.815Z"}
{"error":"","level":"error","message":"Redis connection error","service":"vendorlink-api","timestamp":"2026-02-25T09:26:01.318Z"}
{"error":"","level":"error","message":"Redis connection error","service":"vendorlink-api","timestamp":"2026-02-25T09:26:01.820Z"}
{"error":"","level":"error","message":"Redis connection error","service":"vendorlink-api","timestamp":"2026-02-25T09:26:02.333Z"}
{"error":"","level":"error","message":"Redis connection error","service":"vendorlink-api","timestamp":"2026-02-25T09:26:02.849Z"}
{"error":"","level":"error","message":"Redis connection error","service":"vendorlink-api","timestamp":"2026-02-25T09:26:03.365Z"}
{"error":"","level":"error","message":"Redis connection error","service":"vendorlink-api","timestamp":"2026-02-25T09:26:03.878Z"}
{"error":"","level":"error","message":"Redis connection error","service":"vendorlink-api","timestamp":"2026-02-25T09:26:04.391Z"}
{"error":"","level":"error","message":"Redis connection error","service":"vendorlink-api","timestamp":"2026-02-25T09:26:04.904Z"}
{"error":"","level":"error","message":"Redis connection error","service":"vendorlink-api","timestamp":"2026-02-25T09:26:05.419Z"}
{"error":"","level":"error","message":"Redis connection error","service":"vendorlink-api","timestamp":"2026-02-25T09:26:05.933Z"}
{"error":"","level":"error","message":"Redis connection error","service":"vendorlink-api","timestamp":"2026-02-25T09:26:06.448Z"}
{"error":"","level":"error","message":"Redis connection error","service":"vendorlink-api","timestamp":"2026-02-25T09:26:06.962Z"}
{"error":"","level":"error","message":"Redis connection error","service":"vendorlink-api","timestamp":"2026-02-25T09:26:07.476Z"}
{"error":"","level":"error","message":"Redis connection error","service":"vendorlink-api","timestamp":"2026-02-25T09:26:07.992Z"}
{"error":"","level":"error","message":"Redis connection error","service":"vendorlink-api","timestamp":"2026-02-25T09:26:08.507Z"}
{"error":"","level":"error","message":"Redis connection error","service":"vendorlink-api","timestamp":"2026-02-25T09:26:09.010Z"}
{"error":"","level":"error","message":"Redis connection error","service":"vendorlink-api","timestamp":"2026-02-25T09:26:09.526Z"}
{"error":"","level":"error","message":"Redis connection error","service":"vendorlink-api","timestamp":"2026-02-25T09:26:10.043Z"}
{"error":"","level":"error","message":"Redis connection error","service":"vendorlink-api","timestamp":"2026-02-25T09:26:10.559Z"}
{"error":"","level":"error","message":"Redis connection error","service":"vendorlink-api","timestamp":"2026-02-25T09:26:11.073Z"}
{"error":"","level":"error","message":"Redis connection error","service":"vendorlink-api","timestamp":"2026-02-25T09:26:11.588Z"}
{"error":"","level":"error","message":"Redis connection error","service":"vendorlink-api","timestamp":"2026-02-25T09:26:12.104Z"}
{"error":"","level":"error","message":"Redis connection error","service":"vendorlink-api","timestamp":"2026-02-25T09:26:12.618Z"}
{"error":"","level":"error","message":"Redis connection error","service":"vendorlink-api","timestamp":"2026-02-25T09:26:13.134Z"}
{"error":"","level":"error","message":"Redis connection error","service":"vendorlink-api","timestamp":"2026-02-25T09:26:13.649Z"}
{"error":"","level":"error","message":"Redis connection error","service":"vendorlink-api","timestamp":"2026-02-25T09:26:14.165Z"}
{"error":"","level":"error","message":"Redis connection error","service":"vendorlink-api","timestamp":"2026-02-25T09:26:14.677Z"}
{"error":"","level":"error","message":"Redis connection error","service":"vendorlink-api","timestamp":"2026-02-25T09:26:15.180Z"}
{"error":"","level":"error","message":"Redis connection error","service":"vendorlink-api","timestamp":"2026-02-25T09:26:15.685Z"}
{"error":"","level":"error","message":"Redis connection error","service":"vendorlink-api","timestamp":"2026-02-25T09:26:16.200Z"}
{"error":"","level":"error","message":"Redis connection error","service":"vendorlink-api","timestamp":"2026-02-25T09:26:16.713Z"}
{"error":"","level":"error","message":"Redis connection error","service":"vendorlink-api","timestamp":"2026-02-25T09:26:17.228Z"}
{"error":"","level":"error","message":"Redis connection error","service":"vendorlink-api","timestamp":"2026-02-25T09:26:17.744Z"}
{"error":"","level":"error","message":"Redis connection error","service":"vendorlink-api","timestamp":"2026-02-25T09:26:18.247Z"}
{"error":"","level":"error","message":"Redis connection error","service":"vendorlink-api","timestamp":"2026-02-25T09:26:18.749Z"}
{"error":"","level":"error","message":"Redis connection error","service":"vendorlink-api","timestamp":"2026-02-25T09:26:19.250Z"}
{"error":"","level":"error","message":"Redis connection error","service":"vendorlink-api","timestamp":"2026-02-25T09:26:19.765Z"}
{"error":"","level":"error","message":"Redis connection error","service":"vendorlink-api","timestamp":"2026-02-25T09:26:20.282Z"}
{"error":"","level":"error","message":"Redis connection error","service":"vendorlink-api","timestamp":"2026-02-25T09:26:20.783Z"}
{"error":"","level":"error","message":"Redis connection error","service":"vendorlink-api","timestamp":"2026-02-25T09:26:21.298Z"}
{"error":"","level":"error","message":"Redis connection error","service":"vendorlink-api","timestamp":"2026-02-25T09:26:21.812Z"}
{"error":"","level":"error","message":"Redis connection error","service":"vendorlink-api","timestamp":"2026-02-25T09:26:22.317Z"}
{"error":"","level":"error","message":"Redis connection error","service":"vendorlink-api","timestamp":"2026-02-25T09:26:22.833Z"}
{"error":"","level":"error","message":"Redis connection error","service":"vendorlink-api","timestamp":"2026-02-25T09:26:23.350Z"}
{"error":"","level":"error","message":"Redis connection error","service":"vendorlink-api","timestamp":"2026-02-25T09:26:23.862Z"}
{"error":"","level":"error","message":"Redis connection error","service":"vendorlink-api","timestamp":"2026-02-25T09:26:24.378Z"}
{"error":"","level":"error","message":"Redis connection error","service":"vendorlink-api","timestamp":"2026-02-25T09:26:24.892Z"}
{"error":"","level":"error","message":"Redis connection error","service":"vendorlink-api","timestamp":"2026-02-25T09:26:25.406Z"}
{"error":"","level":"error","message":"Redis connection error","service":"vendorlink-api","timestamp":"2026-02-25T09:26:25.919Z"}
{"error":"","level":"error","message":"Redis connection error","service":"vendorlink-api","timestamp":"2026-02-25T09:26:26.433Z"}
{"error":"","level":"error","message":"Redis connection error","service":"vendorlink-api","timestamp":"2026-02-25T09:26:26.943Z"}
{"error":"","level":"error","message":"Redis connection error","service":"vendorlink-api","timestamp":"2026-02-25T09:26:27.445Z"}
{"error":"","level":"error","message":"Redis connection error","service":"vendorlink-api","timestamp":"2026-02-25T09:26:27.961Z"}
{"error":"","level":"error","message":"Redis connection error","service":"vendorlink-api","timestamp":"2026-02-25T09:26:28.475Z"}
{"error":"","level":"error","message":"Redis connection error","service":"vendorlink-api","timestamp":"2026-02-25T09:26:28.990Z"}
{"error":"","level":"error","message":"Redis connection error","service":"vendorlink-api","timestamp":"2026-02-25T09:26:29.505Z"}
{"error":"","level":"error","message":"Redis connection error","service":"vendorlink-api","timestamp":"2026-02-25T09:26:30.016Z"}
{"error":"","level":"error","message":"Redis connection error","service":"vendorlink-api","timestamp":"2026-02-25T09:26:30.532Z"}
{"error":"","level":"error","message":"Redis connection error","service":"vendorlink-api","timestamp":"2026-02-25T09:26:31.033Z"}
{"error":"","level":"error","message":"Redis connection error","service":"vendorlink-api","timestamp":"2026-02-25T09:26:31.539Z"}
{"error":"","level":"error","message":"Redis connection error","service":"vendorlink-api","timestamp":"2026-02-25T09:26:32.054Z"}
{"error":"","level":"error","message":"Redis connection error","service":"vendorlink-api","timestamp":"2026-02-25T09:26:32.570Z"}
{"error":"","level":"error","message":"Redis connection error","service":"vendorlink-api","timestamp":"2026-02-25T09:26:33.085Z"}
{"error":"","level":"error","message":"Redis connection error","service":"vendorlink-api","timestamp":"2026-02-25T09:26:33.600Z"}
{"error":"","level":"error","message":"Redis connection error","service":"vendorlink-api","timestamp":"2026-02-25T09:26:34.116Z"}
{"error":"","level":"error","message":"Redis connection error","service":"vendorlink-api","timestamp":"2026-02-25T09:26:34.631Z"}
{"error":"","level":"error","message":"Redis connection error","service":"vendorlink-api","timestamp":"2026-02-25T09:26:35.145Z"}
{"error":"","level":"error","message":"Redis connection error","service":"vendorlink-api","timestamp":"2026-02-25T09:26:35.654Z"}
{"error":"","level":"error","message":"Redis connection error","service":"vendorlink-api","timestamp":"2026-02-25T09:26:36.159Z"}
{"error":"","level":"error","message":"Redis connection error","service":"vendorlink-api","timestamp":"2026-02-25T09:26:36.680Z"}
{"error":"","level":"error","message":"Redis connection error","service":"vendorlink-api","timestamp":"2026-02-25T09:26:37.193Z"}
{"error":"","level":"error","message":"Redis connection error","service":"vendorlink-api","timestamp":"2026-02-25T09:26:37.709Z"}
{"error":"","level":"error","message":"Redis connection error","service":"vendorlink-api","timestamp":"2026-02-25T09:26:38.222Z"}
{"error":"","level":"error","message":"Redis connection error","service":"vendorlink-api","timestamp":"2026-02-25T09:26:38.735Z"}
{"error":"","level":"error","message":"Redis connection error","service":"vendorlink-api","timestamp":"2026-02-25T09:26:39.250Z"}
{"error":"","level":"error","message":"Redis connection error","service":"vendorlink-api","timestamp":"2026-02-25T09:26:39.751Z"}
{"error":"","level":"error","message":"Redis connection error","service":"vendorlink-api","timestamp":"2026-02-25T09:26:40.265Z"}
{"error":"","level":"error","message":"Redis connection error","service":"vendorlink-api","timestamp":"2026-02-25T09:26:40.781Z"}
{"error":"","level":"error","message":"Redis connection error","service":"vendorlink-api","timestamp":"2026-02-25T09:26:41.294Z"}
{"error":"","level":"error","message":"Redis connection error","service":"vendorlink-api","timestamp":"2026-02-25T09:26:41.810Z"}
{"error":"","level":"error","message":"Redis connection error","service":"vendorlink-api","timestamp":"2026-02-25T09:26:42.312Z"}
{"error":"","level":"error","message":"Redis connection error","service":"vendorlink-api","timestamp":"2026-02-25T09:26:42.817Z"}
{"error":"","level":"error","message":"Redis connection error","service":"vendorlink-api","timestamp":"2026-02-25T09:26:43.321Z"}
{"error":"","level":"error","message":"Redis connection error","service":"vendorlink-api","timestamp":"2026-02-25T09:26:43.837Z"}
{"error":"","level":"error","message":"Redis connection error","service":"vendorlink-api","timestamp":"2026-02-25T09:26:44.350Z"}
{"error":"","level":"error","message":"Redis connection error","service":"vendorlink-api","timestamp":"2026-02-25T09:26:44.865Z"}
{"error":"","level":"error","message":"Redis connection error","service":"vendorlink-api","timestamp":"2026-02-25T09:26:45.380Z"}
{"error":"","level":"error","message":"Redis connection error","service":"vendorlink-api","timestamp":"2026-02-25T09:26:45.895Z"}
{"error":"","level":"error","message":"Redis connection error","service":"vendorlink-api","timestamp":"2026-02-25T09:26:46.412Z"}
{"error":"","level":"error","message":"Redis connection error","service":"vendorlink-api","timestamp":"2026-02-25T09:26:46.927Z"}
{"error":"","level":"error","message":"Redis connection error","service":"vendorlink-api","timestamp":"2026-02-25T09:26:47.429Z"}
{"error":"","level":"error","message":"Redis connection error","service":"vendorlink-api","timestamp":"2026-02-25T09:26:47.943Z"}
{"error":"","level":"error","message":"Redis connection error","service":"vendorlink-api","timestamp":"2026-02-25T09:26:48.459Z"}
{"error":"","level":"error","message":"Redis connection error","service":"vendorlink-api","timestamp":"2026-02-25T09:26:48.960Z"}
{"error":"","level":"error","message":"Redis connection error","service":"vendorlink-api","timestamp":"2026-02-25T09:26:49.476Z"}
{"error":"","level":"error","message":"Redis connection error","service":"vendorlink-api","timestamp":"2026-02-25T09:26:49.979Z"}
{"error":"","level":"error","message":"Redis connection error","service":"vendorlink-api","timestamp":"2026-02-25T09:26:50.492Z"}
{"error":"","level":"error","message":"Redis connection error","service":"vendorlink-api","timestamp":"2026-02-25T09:26:51.006Z"}
{"error":"","level":"error","message":"Redis connection error","service":"vendorlink-api","timestamp":"2026-02-25T09:26:51.522Z"}
{"error":"","level":"error","message":"Redis connection error","service":"vendorlink-api","timestamp":"2026-02-25T09:26:52.033Z"}
{"error":"","level":"error","message":"Redis connection error","service":"vendorlink-api","timestamp":"2026-02-25T09:26:52.548Z"}
{"error":"","level":"error","message":"Redis connection error","service":"vendorlink-api","timestamp":"2026-02-25T09:26:53.061Z"}
{"error":"","level":"error","message":"Redis connection error","service":"vendorlink-api","timestamp":"2026-02-25T09:26:53.563Z"}
{"error":"","level":"error","message":"Redis connection error","service":"vendorlink-api","timestamp":"2026-02-25T09:26:54.077Z"}
{"error":"","level":"error","message":"Redis connection error","service":"vendorlink-api","timestamp":"2026-02-25T09:26:54.591Z"}
{"error":"","level":"error","message":"Redis connection error","service":"vendorlink-api","timestamp":"2026-02-25T09:26:55.095Z"}
{"error":"","level":"error","message":"Redis connection error","service":"vendorlink-api","timestamp":"2026-02-25T09:26:55.609Z"}
{"error":"","level":"error","message":"Redis connection error","service":"vendorlink-api","timestamp":"2026-02-25T09:26:56.125Z"}
{"error":"","level":"error","message":"Redis connection error","service":"vendorlink-api","timestamp":"2026-02-25T09:26:56.640Z"}
{"error":"","level":"error","message":"Redis connection error","service":"vendorlink-api","timestamp":"2026-02-25T09:26:57.152Z"}
{"error":"","level":"error","message":"Redis connection error","service":"vendorlink-api","timestamp":"2026-02-25T09:26:57.664Z"}
{"error":"","level":"error","message":"Redis connection error","service":"vendorlink-api","timestamp":"2026-02-25T09:26:58.180Z"}
{"error":"","level":"error","message":"Redis connection error","service":"vendorlink-api","timestamp":"2026-02-25T09:26:58.693Z"}
{"error":"","level":"error","message":"Redis connection error","service":"vendorlink-api","timestamp":"2026-02-25T09:26:59.208Z"}
{"error":"","level":"error","message":"Redis connection error","service":"vendorlink-api","timestamp":"2026-02-25T09:26:59.721Z"}
{"error":"","level":"error","message":"Redis connection error","service":"vendorlink-api","timestamp":"2026-02-25T09:27:00.235Z"}
{"error":"","level":"error","message":"Redis connection error","service":"vendorlink-api","timestamp":"2026-02-25T09:27:00.750Z"}
{"error":"","level":"error","message":"Redis connection error","service":"vendorlink-api","timestamp":"2026-02-25T09:27:01.252Z"}
{"error":"","level":"error","message":"Redis connection error","service":"vendorlink-api","timestamp":"2026-02-25T09:27:01.767Z"}
{"error":"","level":"error","message":"Redis connection error","service":"vendorlink-api","timestamp":"2026-02-25T09:27:02.281Z"}
{"error":"","level":"error","message":"Redis connection error","service":"vendorlink-api","timestamp":"2026-02-25T09:27:02.794Z"}
{"error":"","level":"error","message":"Redis connection error","service":"vendorlink-api","timestamp":"2026-02-25T09:27:03.295Z"}
{"error":"","level":"error","message":"Redis connection error","service":"vendorlink-api","timestamp":"2026-02-25T09:27:03.811Z"}
{"error":"","level":"error","message":"Redis connection error","service":"vendorlink-api","timestamp":"2026-02-25T09:27:04.326Z"}
{"error":"","level":"error","message":"Redis connection error","service":"vendorlink-api","timestamp":"2026-02-25T09:27:04.840Z"}
{"error":"","level":"error","message":"Redis connection error","service":"vendorlink-api","timestamp":"2026-02-25T09:27:05.356Z"}
{"error":"","level":"error","message":"Redis connection error","service":"vendorlink-api","timestamp":"2026-02-25T09:27:05.860Z"}
{"error":"","level":"error","message":"Redis connection error","service":"vendorlink-api","timestamp":"2026-02-25T09:27:06.375Z"}
{"error":"","level":"error","message":"Redis connection error","service":"vendorlink-api","timestamp":"2026-02-25T09:27:06.890Z"}
{"error":"","level":"error","message":"Redis connection error","service":"vendorlink-api","timestamp":"2026-02-25T09:27:07.406Z"}
{"error":"","level":"error","message":"Redis connection error","service":"vendorlink-api","timestamp":"2026-02-25T09:27:07.908Z"}
{"error":"","level":"error","message":"Redis connection error","service":"vendorlink-api","timestamp":"2026-02-25T09:27:08.420Z"}
{"error":"","level":"error","message":"Redis connection error","service":"vendorlink-api","timestamp":"2026-02-25T09:27:08.937Z"}
{"error":"","level":"error","message":"Redis connection error","service":"vendorlink-api","timestamp":"2026-02-25T09:27:09.452Z"}
{"error":"","level":"error","message":"Redis connection error","service":"vendorlink-api","timestamp":"2026-02-25T09:27:09.967Z"}
{"error":"","level":"error","message":"Redis connection error","service":"vendorlink-api","timestamp":"2026-02-25T09:27:10.481Z"}
{"error":"","level":"error","message":"Redis connection error","service":"vendorlink-api","timestamp":"2026-02-25T09:27:10.996Z"}
{"error":"","level":"error","message":"Redis connection error","service":"vendorlink-api","timestamp":"2026-02-25T09:27:11.498Z"}
{"error":"","level":"error","message":"Redis connection error","service":"vendorlink-api","timestamp":"2026-02-25T09:27:12.010Z"}
{"error":"","level":"error","message":"Redis connection error","service":"vendorlink-api","timestamp":"2026-02-25T09:27:12.525Z"}
{"error":"","level":"error","message":"Redis connection error","service":"vendorlink-api","timestamp":"2026-02-25T09:27:13.042Z"}
{"error":"","level":"error","message":"Redis connection error","service":"vendorlink-api","timestamp":"2026-02-25T09:27:13.556Z"}
{"error":"","level":"error","message":"Redis connection error","service":"vendorlink-api","timestamp":"2026-02-25T09:27:14.072Z"}
{"error":"","level":"error","message":"Redis connection error","service":"vendorlink-api","timestamp":"2026-02-25T09:27:14.587Z"}
{"error":"","level":"error","message":"Redis connection error","service":"vendorlink-api","timestamp":"2026-02-25T09:27:15.100Z"}
{"error":"","level":"error","message":"Redis connection error","service":"vendorlink-api","timestamp":"2026-02-25T09:27:15.615Z"}
{"error":"","level":"error","message":"Redis connection error","service":"vendorlink-api","timestamp":"2026-02-25T09:27:16.126Z"}
{"error":"","level":"error","message":"Redis connection error","service":"vendorlink-api","timestamp":"2026-02-25T09:27:16.639Z"}
{"error":"","level":"error","message":"Redis connection error","service":"vendorlink-api","timestamp":"2026-02-25T09:27:17.151Z"}
{"error":"","level":"error","message":"Redis connection error","service":"vendorlink-api","timestamp":"2026-02-25T09:27:17.667Z"}
{"error":"","level":"error","message":"Redis connection error","service":"vendorlink-api","timestamp":"2026-02-25T09:27:18.183Z"}
{"error":"","level":"error","message":"Redis connection error","service":"vendorlink-api","timestamp":"2026-02-25T09:27:18.699Z"}
{"error":"","level":"error","message":"Redis connection error","service":"vendorlink-api","timestamp":"2026-02-25T09:27:19.215Z"}
{"error":"","level":"error","message":"Redis connection error","service":"vendorlink-api","timestamp":"2026-02-25T09:27:19.729Z"}
{"error":"","level":"error","message":"Redis connection error","service":"vendorlink-api","timestamp":"2026-02-25T09:27:20.246Z"}
{"error":"","level":"error","message":"Redis connection error","service":"vendorlink-api","timestamp":"2026-02-25T09:27:20.762Z"}
{"error":"","level":"error","message":"Redis connection error","service":"vendorlink-api","timestamp":"2026-02-25T09:27:21.265Z"}
{"error":"","level":"error","message":"Redis connection error","service":"vendorlink-api","timestamp":"2026-02-25T09:27:21.777Z"}
{"error":"","level":"error","message":"Redis connection error","service":"vendorlink-api","timestamp":"2026-02-25T09:27:22.291Z"}
{"error":"","level":"error","message":"Redis connection error","service":"vendorlink-api","timestamp":"2026-02-25T09:27:22.807Z"}
{"error":"","level":"error","message":"Redis connection error","service":"vendorlink-api","timestamp":"2026-02-25T09:27:23.308Z"}
{"error":"","level":"error","message":"Redis connection error","service":"vendorlink-api","timestamp":"2026-02-25T09:27:23.825Z"}
{"error":"","level":"error","message":"Redis connection error","service":"vendorlink-api","timestamp":"2026-02-25T09:27:24.339Z"}
{"error":"","level":"error","message":"Redis connection error","service":"vendorlink-api","timestamp":"2026-02-25T09:27:24.853Z"}
{"error":"","level":"error","message":"Redis connection error","service":"vendorlink-api","timestamp":"2026-02-25T09:27:25.369Z"}
{"error":"","level":"error","message":"Redis connection error","service":"vendorlink-api","timestamp":"2026-02-25T09:27:25.885Z"}
{"error":"","level":"error","message":"Redis connection error","service":"vendorlink-api","timestamp":"2026-02-25T09:27:26.388Z"}
{"error":"","level":"error","message":"Redis connection error","service":"vendorlink-api","timestamp":"2026-02-25T09:27:26.889Z"}
{"error":"","level":"error","message":"Redis connection error","service":"vendorlink-api","timestamp":"2026-02-25T09:27:27.392Z"}
{"error":"","level":"error","message":"Redis connection error","service":"vendorlink-api","timestamp":"2026-02-25T09:27:27.896Z"}
{"error":"","level":"error","message":"Redis connection error","service":"vendorlink-api","timestamp":"2026-02-25T09:27:28.399Z"}
{"error":"","level":"error","message":"Redis connection error","service":"vendorlink-api","timestamp":"2026-02-25T09:27:28.905Z"}
{"error":"","level":"error","message":"Redis connection error","service":"vendorlink-api","timestamp":"2026-02-25T09:27:29.422Z"}
{"error":"","level":"error","message":"Redis connection error","service":"vendorlink-api","timestamp":"2026-02-25T09:27:29.937Z"}
{"error":"","level":"error","message":"Redis connection error","service":"vendorlink-api","timestamp":"2026-02-25T09:27:30.453Z"}
{"error":"","level":"error","message":"Redis connection error","service":"vendorlink-api","timestamp":"2026-02-25T09:27:30.967Z"}
{"error":"","level":"error","message":"Redis connection error","service":"vendorlink-api","timestamp":"2026-02-25T09:27:31.481Z"}
{"error":"","level":"error","message":"Redis connection error","service":"vendorlink-api","timestamp":"2026-02-25T09:27:31.994Z"}
{"error":"time is not defined","level":"error","message":"❌ Uncaught Exception:","service":"vendorlink-api","timestamp":"2026-02-25T09:27:32.339Z"}
{"level":"info","message":"🚀 Starting VendorLink Server...","service":"vendorlink-api","timestamp":"2026-02-25T09:31:22.691Z"}
{"level":"warn","message":"⚠️  Email credentials not configured - email service disabled","service":"vendorlink-api","timestamp":"2026-02-25T09:31:22.707Z"}
{"level":"info","message":"✅ Core services initialized","service":"vendorlink-api","timestamp":"2026-02-25T09:31:22.708Z"}
{"level":"info","message":"\n╔════════════════════════════════════════╗","service":"vendorlink-api","timestamp":"2026-02-25T09:31:22.747Z"}
{"level":"info","message":"║  ✔ VendorLink Server Running           ║","service":"vendorlink-api","timestamp":"2026-02-25T09:31:22.747Z"}
{"level":"info","message":"║  Port: 3000                              ║","service":"vendorlink-api","timestamp":"2026-02-25T09:31:22.748Z"}
{"level":"info","message":"║  Socket.IO: Enabled                    ║","service":"vendorlink-api","timestamp":"2026-02-25T09:31:22.748Z"}
{"level":"info","message":"║  Notifications: Active                 ║","service":"vendorlink-api","timestamp":"2026-02-25T09:31:22.749Z"}
{"level":"info","message":"║  API Docs: http://localhost:3000/api-docs   ║","service":"vendorlink-api","timestamp":"2026-02-25T09:31:22.749Z"}
{"level":"info","message":"╚════════════════════════════════════════╝\n","service":"vendorlink-api","timestamp":"2026-02-25T09:31:22.750Z"}
{"error":"","level":"error","message":"Redis connection error","service":"vendorlink-api","timestamp":"2026-02-25T09:31:22.760Z"}
{"error":"","level":"error","message":"Redis connection error","service":"vendorlink-api","timestamp":"2026-02-25T09:31:22.770Z"}
{"error":"","level":"error","message":"Redis connection error","service":"vendorlink-api","timestamp":"2026-02-25T09:31:22.823Z"}
{"error":"","level":"error","message":"Redis connection error","service":"vendorlink-api","timestamp":"2026-02-25T09:31:22.934Z"}
{"error":"","level":"error","message":"Redis connection error","service":"vendorlink-api","timestamp":"2026-02-25T09:31:23.090Z"}
{"error":"","level":"error","message":"Redis connection error","service":"vendorlink-api","timestamp":"2026-02-25T09:31:23.294Z"}
{"error":"","level":"error","message":"Redis connection error","service":"vendorlink-api","timestamp":"2026-02-25T09:31:23.557Z"}
{"error":"","level":"error","message":"Redis connection error","service":"vendorlink-api","timestamp":"2026-02-25T09:31:23.872Z"}
{"error":"","level":"error","message":"Redis connection error","service":"vendorlink-api","timestamp":"2026-02-25T09:31:24.233Z"}
{"error":"","level":"error","message":"Redis connection error","service":"vendorlink-api","timestamp":"2026-02-25T09:31:24.640Z"}
{"error":"","level":"error","message":"Redis connection error","service":"vendorlink-api","timestamp":"2026-02-25T09:31:25.096Z"}
{"error":"","level":"error","message":"Redis connection error","service":"vendorlink-api","timestamp":"2026-02-25T09:31:25.611Z"}
{"error":"","level":"error","message":"Redis connection error","service":"vendorlink-api","timestamp":"2026-02-25T09:31:26.127Z"}
{"error":"","level":"error","message":"Redis connection error","service":"vendorlink-api","timestamp":"2026-02-25T09:31:26.628Z"}
{"error":"","level":"error","message":"Redis connection error","service":"vendorlink-api","timestamp":"2026-02-25T09:31:27.142Z"}
{"error":"","level":"error","message":"Redis connection error","service":"vendorlink-api","timestamp":"2026-02-25T09:31:27.657Z"}
{"error":"","level":"error","message":"Redis connection error","service":"vendorlink-api","timestamp":"2026-02-25T09:31:28.171Z"}
{"error":"","level":"error","message":"Redis connection error","service":"vendorlink-api","timestamp":"2026-02-25T09:31:28.687Z"}
{"error":"","level":"error","message":"Redis connection error","service":"vendorlink-api","timestamp":"2026-02-25T09:31:29.203Z"}
{"error":"","level":"error","message":"Redis connection error","service":"vendorlink-api","timestamp":"2026-02-25T09:31:29.716Z"}
{"error":"","level":"error","message":"Redis connection error","service":"vendorlink-api","timestamp":"2026-02-25T09:31:30.218Z"}
{"error":"","level":"error","message":"Redis connection error","service":"vendorlink-api","timestamp":"2026-02-25T09:31:30.732Z"}
{"error":"","level":"error","message":"Redis connection error","service":"vendorlink-api","timestamp":"2026-02-25T09:31:31.249Z"}
{"error":"","level":"error","message":"Redis connection error","service":"vendorlink-api","timestamp":"2026-02-25T09:31:31.765Z"}
{"error":"","level":"error","message":"Redis connection error","service":"vendorlink-api","timestamp":"2026-02-25T09:31:32.280Z"}
{"error":"","level":"error","message":"Redis connection error","service":"vendorlink-api","timestamp":"2026-02-25T09:31:32.796Z"}
{"error":"","level":"error","message":"Redis connection error","service":"vendorlink-api","timestamp":"2026-02-25T09:31:33.311Z"}
{"error":"","level":"error","message":"Redis connection error","service":"vendorlink-api","timestamp":"2026-02-25T09:31:33.827Z"}
{"error":"","level":"error","message":"Redis connection error","service":"vendorlink-api","timestamp":"2026-02-25T09:31:34.341Z"}
{"error":"","level":"error","message":"Redis connection error","service":"vendorlink-api","timestamp":"2026-02-25T09:31:34.856Z"}
{"error":"","level":"error","message":"Redis connection error","service":"vendorlink-api","timestamp":"2026-02-25T09:31:35.368Z"}
{"error":"","level":"error","message":"Redis connection error","service":"vendorlink-api","timestamp":"2026-02-25T09:31:35.882Z"}
{"error":"","level":"error","message":"Redis connection error","service":"vendorlink-api","timestamp":"2026-02-25T09:31:36.394Z"}
{"error":"","level":"error","message":"Redis connection error","service":"vendorlink-api","timestamp":"2026-02-25T09:31:36.906Z"}
{"error":"","level":"error","message":"Redis connection error","service":"vendorlink-api","timestamp":"2026-02-25T09:31:37.422Z"}
{"error":"","level":"error","message":"Redis connection error","service":"vendorlink-api","timestamp":"2026-02-25T09:31:37.936Z"}
{"error":"","level":"error","message":"Redis connection error","service":"vendorlink-api","timestamp":"2026-02-25T09:31:38.452Z"}
{"error":"","level":"error","message":"Redis connection error","service":"vendorlink-api","timestamp":"2026-02-25T09:31:38.954Z"}
{"error":"","level":"error","message":"Redis connection error","service":"vendorlink-api","timestamp":"2026-02-25T09:31:39.457Z"}
{"error":"","level":"error","message":"Redis connection error","service":"vendorlink-api","timestamp":"2026-02-25T09:31:39.969Z"}
{"error":"","level":"error","message":"Redis connection error","service":"vendorlink-api","timestamp":"2026-02-25T09:31:40.472Z"}
{"error":"","level":"error","message":"Redis connection error","service":"vendorlink-api","timestamp":"2026-02-25T09:31:40.986Z"}
{"error":"","level":"error","message":"Redis connection error","service":"vendorlink-api","timestamp":"2026-02-25T09:31:41.501Z"}
{"error":"","level":"error","message":"Redis connection error","service":"vendorlink-api","timestamp":"2026-02-25T09:31:42.016Z"}
{"error":"","level":"error","message":"Redis connection error","service":"vendorlink-api","timestamp":"2026-02-25T09:31:42.533Z"}
{"error":"","level":"error","message":"Redis connection error","service":"vendorlink-api","timestamp":"2026-02-25T09:31:43.046Z"}
{"error":"","level":"error","message":"Redis connection error","service":"vendorlink-api","timestamp":"2026-02-25T09:31:43.561Z"}
{"error":"","level":"error","message":"Redis connection error","service":"vendorlink-api","timestamp":"2026-02-25T09:31:44.074Z"}
{"error":"","level":"error","message":"Redis connection error","service":"vendorlink-api","timestamp":"2026-02-25T09:31:44.576Z"}
{"error":"","level":"error","message":"Redis connection error","service":"vendorlink-api","timestamp":"2026-02-25T09:31:45.091Z"}
{"error":"","level":"error","message":"Redis connection error","service":"vendorlink-api","timestamp":"2026-02-25T09:31:45.608Z"}
{"error":"","level":"error","message":"Redis connection error","service":"vendorlink-api","timestamp":"2026-02-25T09:31:46.113Z"}
{"error":"","level":"error","message":"Redis connection error","service":"vendorlink-api","timestamp":"2026-02-25T09:31:46.616Z"}
{"error":"","level":"error","message":"Redis connection error","service":"vendorlink-api","timestamp":"2026-02-25T09:31:47.118Z"}
{"error":"","level":"error","message":"Redis connection error","service":"vendorlink-api","timestamp":"2026-02-25T09:31:47.631Z"}
{"error":"","level":"error","message":"Redis connection error","service":"vendorlink-api","timestamp":"2026-02-25T09:31:48.147Z"}
{"error":"","level":"error","message":"Redis connection error","service":"vendorlink-api","timestamp":"2026-02-25T09:31:48.664Z"}
{"error":"","level":"error","message":"Redis connection error","service":"vendorlink-api","timestamp":"2026-02-25T09:31:49.180Z"}
{"error":"","level":"error","message":"Redis connection error","service":"vendorlink-api","timestamp":"2026-02-25T09:31:49.682Z"}
{"error":"","level":"error","message":"Redis connection error","service":"vendorlink-api","timestamp":"2026-02-25T09:31:50.198Z"}
{"error":"","level":"error","message":"Redis connection error","service":"vendorlink-api","timestamp":"2026-02-25T09:31:50.715Z"}
{"error":"","level":"error","message":"Redis connection error","service":"vendorlink-api","timestamp":"2026-02-25T09:31:51.217Z"}
{"error":"","level":"error","message":"Redis connection error","service":"vendorlink-api","timestamp":"2026-02-25T09:31:51.732Z"}
{"error":"","level":"error","message":"Redis connection error","service":"vendorlink-api","timestamp":"2026-02-25T09:31:52.248Z"}
{"error":"","level":"error","message":"Redis connection error","service":"vendorlink-api","timestamp":"2026-02-25T09:31:52.763Z"}
{"error":"","level":"error","message":"Redis connection error","service":"vendorlink-api","timestamp":"2026-02-25T09:31:53.280Z"}
{"error":"","level":"error","message":"Redis connection error","service":"vendorlink-api","timestamp":"2026-02-25T09:31:53.797Z"}
{"error":"","level":"error","message":"Redis connection error","service":"vendorlink-api","timestamp":"2026-02-25T09:31:54.311Z"}
{"error":"","level":"error","message":"Redis connection error","service":"vendorlink-api","timestamp":"2026-02-25T09:31:54.826Z"}
{"error":"","level":"error","message":"Redis connection error","service":"vendorlink-api","timestamp":"2026-02-25T09:31:55.340Z"}
{"error":"","level":"error","message":"Redis connection error","service":"vendorlink-api","timestamp":"2026-02-25T09:31:55.858Z"}
{"error":"","level":"error","message":"Redis connection error","service":"vendorlink-api","timestamp":"2026-02-25T09:31:56.371Z"}
{"error":"","level":"error","message":"Redis connection error","service":"vendorlink-api","timestamp":"2026-02-25T09:31:56.888Z"}
{"error":"","level":"error","message":"Redis connection error","service":"vendorlink-api","timestamp":"2026-02-25T09:31:57.405Z"}
{"error":"","level":"error","message":"Redis connection error","service":"vendorlink-api","timestamp":"2026-02-25T09:31:57.908Z"}
{"error":"","level":"error","message":"Redis connection error","service":"vendorlink-api","timestamp":"2026-02-25T09:31:58.410Z"}
{"error":"","level":"error","message":"Redis connection error","service":"vendorlink-api","timestamp":"2026-02-25T09:31:58.912Z"}
{"error":"","level":"error","message":"Redis connection error","service":"vendorlink-api","timestamp":"2026-02-25T09:31:59.426Z"}
{"error":"","level":"error","message":"Redis connection error","service":"vendorlink-api","timestamp":"2026-02-25T09:31:59.944Z"}
{"error":"","level":"error","message":"Redis connection error","service":"vendorlink-api","timestamp":"2026-02-25T09:32:00.458Z"}
{"error":"","level":"error","message":"Redis connection error","service":"vendorlink-api","timestamp":"2026-02-25T09:32:00.973Z"}
{"error":"","level":"error","message":"Redis connection error","service":"vendorlink-api","timestamp":"2026-02-25T09:32:01.474Z"}
{"error":"","level":"error","message":"Redis connection error","service":"vendorlink-api","timestamp":"2026-02-25T09:32:01.990Z"}
{"error":"","level":"error","message":"Redis connection error","service":"vendorlink-api","timestamp":"2026-02-25T09:32:02.504Z"}
{"error":"","level":"error","message":"Redis connection error","service":"vendorlink-api","timestamp":"2026-02-25T09:32:03.020Z"}
{"error":"","level":"error","message":"Redis connection error","service":"vendorlink-api","timestamp":"2026-02-25T09:32:03.533Z"}
{"error":"","level":"error","message":"Redis connection error","service":"vendorlink-api","timestamp":"2026-02-25T09:32:04.035Z"}
{"error":"","level":"error","message":"Redis connection error","service":"vendorlink-api","timestamp":"2026-02-25T09:32:04.551Z"}
{"error":"","level":"error","message":"Redis connection error","service":"vendorlink-api","timestamp":"2026-02-25T09:32:05.064Z"}
{"error":"","level":"error","message":"Redis connection error","service":"vendorlink-api","timestamp":"2026-02-25T09:32:05.581Z"}
{"error":"","level":"error","message":"Redis connection error","service":"vendorlink-api","timestamp":"2026-02-25T09:32:06.095Z"}
{"error":"","level":"error","message":"Redis connection error","service":"vendorlink-api","timestamp":"2026-02-25T09:32:06.611Z"}
{"error":"","level":"error","message":"Redis connection error","service":"vendorlink-api","timestamp":"2026-02-25T09:32:07.125Z"}
{"error":"","level":"error","message":"Redis connection error","service":"vendorlink-api","timestamp":"2026-02-25T09:32:07.641Z"}
{"error":"","level":"error","message":"Redis connection error","service":"vendorlink-api","timestamp":"2026-02-25T09:32:08.156Z"}
{"error":"","level":"error","message":"Redis connection error","service":"vendorlink-api","timestamp":"2026-02-25T09:32:08.669Z"}
{"error":"","level":"error","message":"Redis connection error","service":"vendorlink-api","timestamp":"2026-02-25T09:32:09.182Z"}
{"error":"","level":"error","message":"Redis connection error","service":"vendorlink-api","timestamp":"2026-02-25T09:32:09.698Z"}
{"error":"","level":"error","message":"Redis connection error","service":"vendorlink-api","timestamp":"2026-02-25T09:32:10.214Z"}
{"error":"","level":"error","message":"Redis connection error","service":"vendorlink-api","timestamp":"2026-02-25T09:32:10.730Z"}
{"error":"","level":"error","message":"Redis connection error","service":"vendorlink-api","timestamp":"2026-02-25T09:32:11.244Z"}
{"error":"","level":"error","message":"Redis connection error","service":"vendorlink-api","timestamp":"2026-02-25T09:32:11.759Z"}
{"error":"","level":"error","message":"Redis connection error","service":"vendorlink-api","timestamp":"2026-02-25T09:32:12.261Z"}
{"error":"","level":"error","message":"Redis connection error","service":"vendorlink-api","timestamp":"2026-02-25T09:32:12.762Z"}
{"error":"","level":"error","message":"Redis connection error","service":"vendorlink-api","timestamp":"2026-02-25T09:32:13.276Z"}
{"error":"","level":"error","message":"Redis connection error","service":"vendorlink-api","timestamp":"2026-02-25T09:32:13.793Z"}
{"error":"","level":"error","message":"Redis connection error","service":"vendorlink-api","timestamp":"2026-02-25T09:32:14.311Z"}
{"error":"","level":"error","message":"Redis connection error","service":"vendorlink-api","timestamp":"2026-02-25T09:32:14.824Z"}
{"error":"","level":"error","message":"Redis connection error","service":"vendorlink-api","timestamp":"2026-02-25T09:32:15.325Z"}
{"error":"","level":"error","message":"Redis connection error","service":"vendorlink-api","timestamp":"2026-02-25T09:32:15.838Z"}
{"error":"","level":"error","message":"Redis connection error","service":"vendorlink-api","timestamp":"2026-02-25T09:32:16.354Z"}
{"error":"","level":"error","message":"Redis connection error","service":"vendorlink-api","timestamp":"2026-02-25T09:32:16.869Z"}
{"error":"","level":"error","message":"Redis connection error","service":"vendorlink-api","timestamp":"2026-02-25T09:32:17.382Z"}
{"error":"","level":"error","message":"Redis connection error","service":"vendorlink-api","timestamp":"2026-02-25T09:32:17.896Z"}
{"error":"","level":"error","message":"Redis connection error","service":"vendorlink-api","timestamp":"2026-02-25T09:32:18.397Z"}
{"error":"","level":"error","message":"Redis connection error","service":"vendorlink-api","timestamp":"2026-02-25T09:32:18.913Z"}
{"error":"","level":"error","message":"Redis connection error","service":"vendorlink-api","timestamp":"2026-02-25T09:32:19.427Z"}
{"error":"","level":"error","message":"Redis connection error","service":"vendorlink-api","timestamp":"2026-02-25T09:32:19.943Z"}
{"error":"","level":"error","message":"Redis connection error","service":"vendorlink-api","timestamp":"2026-02-25T09:32:20.444Z"}
{"error":"","level":"error","message":"Redis connection error","service":"vendorlink-api","timestamp":"2026-02-25T09:32:20.961Z"}
{"error":"","level":"error","message":"Redis connection error","service":"vendorlink-api","timestamp":"2026-02-25T09:32:21.475Z"}
{"error":"","level":"error","message":"Redis connection error","service":"vendorlink-api","timestamp":"2026-02-25T09:32:21.976Z"}
{"error":"","level":"error","message":"Redis connection error","service":"vendorlink-api","timestamp":"2026-02-25T09:32:22.479Z"}
{"error":"","level":"error","message":"Redis connection error","service":"vendorlink-api","timestamp":"2026-02-25T09:32:22.993Z"}
{"error":"","level":"error","message":"Redis connection error","service":"vendorlink-api","timestamp":"2026-02-25T09:32:23.508Z"}
{"error":"","level":"error","message":"Redis connection error","service":"vendorlink-api","timestamp":"2026-02-25T09:32:24.011Z"}
{"error":"","level":"error","message":"Redis connection error","service":"vendorlink-api","timestamp":"2026-02-25T09:32:24.524Z"}
{"error":"","level":"error","message":"Redis connection error","service":"vendorlink-api","timestamp":"2026-02-25T09:32:25.042Z"}
{"error":"","level":"error","message":"Redis connection error","service":"vendorlink-api","timestamp":"2026-02-25T09:32:25.545Z"}
{"error":"","level":"error","message":"Redis connection error","service":"vendorlink-api","timestamp":"2026-02-25T09:32:26.046Z"}
{"error":"","level":"error","message":"Redis connection error","service":"vendorlink-api","timestamp":"2026-02-25T09:32:26.564Z"}
{"error":"","level":"error","message":"Redis connection error","service":"vendorlink-api","timestamp":"2026-02-25T09:32:27.079Z"}
{"error":"","level":"error","message":"Redis connection error","service":"vendorlink-api","timestamp":"2026-02-25T09:32:27.582Z"}
{"error":"","level":"error","message":"Redis connection error","service":"vendorlink-api","timestamp":"2026-02-25T09:32:28.098Z"}
{"error":"","level":"error","message":"Redis connection error","service":"vendorlink-api","timestamp":"2026-02-25T09:32:28.615Z"}
{"error":"","level":"error","message":"Redis connection error","service":"vendorlink-api","timestamp":"2026-02-25T09:32:29.127Z"}
{"error":"","level":"error","message":"Redis connection error","service":"vendorlink-api","timestamp":"2026-02-25T09:32:29.643Z"}
{"error":"","level":"error","message":"Redis connection error","service":"vendorlink-api","timestamp":"2026-02-25T09:32:30.144Z"}
{"error":"","level":"error","message":"Redis connection error","service":"vendorlink-api","timestamp":"2026-02-25T09:32:30.659Z"}
{"error":"","level":"error","message":"Redis connection error","service":"vendorlink-api","timestamp":"2026-02-25T09:32:31.174Z"}
{"error":"","level":"error","message":"Redis connection error","service":"vendorlink-api","timestamp":"2026-02-25T09:32:31.690Z"}
{"error":"","level":"error","message":"Redis connection error","service":"vendorlink-api","timestamp":"2026-02-25T09:32:32.204Z"}
{"error":"","level":"error","message":"Redis connection error","service":"vendorlink-api","timestamp":"2026-02-25T09:32:32.718Z"}
{"error":"","level":"error","message":"Redis connection error","service":"vendorlink-api","timestamp":"2026-02-25T09:32:33.233Z"}
{"error":"","level":"error","message":"Redis connection error","service":"vendorlink-api","timestamp":"2026-02-25T09:32:33.748Z"}
{"error":"","level":"error","message":"Redis connection error","service":"vendorlink-api","timestamp":"2026-02-25T09:32:34.264Z"}
{"error":"","level":"error","message":"Redis connection error","service":"vendorlink-api","timestamp":"2026-02-25T09:32:34.781Z"}
{"error":"","level":"error","message":"Redis connection error","service":"vendorlink-api","timestamp":"2026-02-25T09:32:35.296Z"}
{"error":"","level":"error","message":"Redis connection error","service":"vendorlink-api","timestamp":"2026-02-25T09:32:35.811Z"}
{"error":"","level":"error","message":"Redis connection error","service":"vendorlink-api","timestamp":"2026-02-25T09:32:36.324Z"}
{"error":"","level":"error","message":"Redis connection error","service":"vendorlink-api","timestamp":"2026-02-25T09:32:36.826Z"}
{"error":"","level":"error","message":"Redis connection error","service":"vendorlink-api","timestamp":"2026-02-25T09:32:37.340Z"}
{"error":"","level":"error","message":"Redis connection error","service":"vendorlink-api","timestamp":"2026-02-25T09:32:37.856Z"}
{"error":"","level":"error","message":"Redis connection error","service":"vendorlink-api","timestamp":"2026-02-25T09:32:38.367Z"}
{"error":"","level":"error","message":"Redis connection error","service":"vendorlink-api","timestamp":"2026-02-25T09:32:38.882Z"}
{"error":"","level":"error","message":"Redis connection error","service":"vendorlink-api","timestamp":"2026-02-25T09:32:39.395Z"}
{"error":"","level":"error","message":"Redis connection error","service":"vendorlink-api","timestamp":"2026-02-25T09:32:39.897Z"}
{"error":"","level":"error","message":"Redis connection error","service":"vendorlink-api","timestamp":"2026-02-25T09:32:40.399Z"}
{"error":"","level":"error","message":"Redis connection error","service":"vendorlink-api","timestamp":"2026-02-25T09:32:40.913Z"}
{"error":"","level":"error","message":"Redis connection error","service":"vendorlink-api","timestamp":"2026-02-25T09:32:41.428Z"}
{"error":"","level":"error","message":"Redis connection error","service":"vendorlink-api","timestamp":"2026-02-25T09:32:41.940Z"}
{"error":"","level":"error","message":"Redis connection error","service":"vendorlink-api","timestamp":"2026-02-25T09:32:42.452Z"}
{"error":"","level":"error","message":"Redis connection error","service":"vendorlink-api","timestamp":"2026-02-25T09:32:42.968Z"}
{"error":"","level":"error","message":"Redis connection error","service":"vendorlink-api","timestamp":"2026-02-25T09:32:43.471Z"}
{"error":"","level":"error","message":"Redis connection error","service":"vendorlink-api","timestamp":"2026-02-25T09:32:43.973Z"}
{"error":"","level":"error","message":"Redis connection error","service":"vendorlink-api","timestamp":"2026-02-25T09:32:44.489Z"}
{"error":"","level":"error","message":"Redis connection error","service":"vendorlink-api","timestamp":"2026-02-25T09:32:45.004Z"}
{"error":"","level":"error","message":"Redis connection error","service":"vendorlink-api","timestamp":"2026-02-25T09:32:45.506Z"}
{"error":"","level":"error","message":"Redis connection error","service":"vendorlink-api","timestamp":"2026-02-25T09:32:46.025Z"}
{"error":"","level":"error","message":"Redis connection error","service":"vendorlink-api","timestamp":"2026-02-25T09:32:46.541Z"}
{"error":"","level":"error","message":"Redis connection error","service":"vendorlink-api","timestamp":"2026-02-25T09:32:47.056Z"}
{"error":"","level":"error","message":"Redis connection error","service":"vendorlink-api","timestamp":"2026-02-25T09:32:47.573Z"}
{"error":"","level":"error","message":"Redis connection error","service":"vendorlink-api","timestamp":"2026-02-25T09:32:48.088Z"}
{"error":"","level":"error","message":"Redis connection error","service":"vendorlink-api","timestamp":"2026-02-25T09:32:48.604Z"}
{"error":"","level":"error","message":"Redis connection error","service":"vendorlink-api","timestamp":"2026-02-25T09:32:49.108Z"}
{"error":"","level":"error","message":"Redis connection error","service":"vendorlink-api","timestamp":"2026-02-25T09:32:49.621Z"}
{"error":"","level":"error","message":"Redis connection error","service":"vendorlink-api","timestamp":"2026-02-25T09:32:50.138Z"}
{"error":"","level":"error","message":"Redis connection error","service":"vendorlink-api","timestamp":"2026-02-25T09:32:50.652Z"}
{"error":"","level":"error","message":"Redis connection error","service":"vendorlink-api","timestamp":"2026-02-25T09:32:51.168Z"}
{"error":"","level":"error","message":"Redis connection error","service":"vendorlink-api","timestamp":"2026-02-25T09:32:51.684Z"}
{"error":"","level":"error","message":"Redis connection error","service":"vendorlink-api","timestamp":"2026-02-25T09:32:52.186Z"}
{"error":"","level":"error","message":"Redis connection error","service":"vendorlink-api","timestamp":"2026-02-25T09:32:52.700Z"}
{"error":"","level":"error","message":"Redis connection error","service":"vendorlink-api","timestamp":"2026-02-25T09:32:53.214Z"}
{"error":"","level":"error","message":"Redis connection error","service":"vendorlink-api","timestamp":"2026-02-25T09:32:53.729Z"}
{"error":"","level":"error","message":"Redis connection error","service":"vendorlink-api","timestamp":"2026-02-25T09:32:54.245Z"}
{"error":"","level":"error","message":"Redis connection error","service":"vendorlink-api","timestamp":"2026-02-25T09:32:54.747Z"}
{"error":"","level":"error","message":"Redis connection error","service":"vendorlink-api","timestamp":"2026-02-25T09:32:55.259Z"}
{"error":"","level":"error","message":"Redis connection error","service":"vendorlink-api","timestamp":"2026-02-25T09:32:55.771Z"}
{"error":"","level":"error","message":"Redis connection error","service":"vendorlink-api","timestamp":"2026-02-25T09:32:56.288Z"}
{"error":"","level":"error","message":"Redis connection error","service":"vendorlink-api","timestamp":"2026-02-25T09:32:56.806Z"}
{"error":"","level":"error","message":"Redis connection error","service":"vendorlink-api","timestamp":"2026-02-25T09:32:57.319Z"}
{"error":"","level":"error","message":"Redis connection error","service":"vendorlink-api","timestamp":"2026-02-25T09:32:57.834Z"}
{"error":"","level":"error","message":"Redis connection error","service":"vendorlink-api","timestamp":"2026-02-25T09:32:58.348Z"}
{"error":"","level":"error","message":"Redis connection error","service":"vendorlink-api","timestamp":"2026-02-25T09:32:58.864Z"}
{"error":"","level":"error","message":"Redis connection error","service":"vendorlink-api","timestamp":"2026-02-25T09:32:59.380Z"}
{"error":"","level":"error","message":"Redis connection error","service":"vendorlink-api","timestamp":"2026-02-25T09:32:59.894Z"}
{"error":"","level":"error","message":"Redis connection error","service":"vendorlink-api","timestamp":"2026-02-25T09:33:00.396Z"}
{"error":"","level":"error","message":"Redis connection error","service":"vendorlink-api","timestamp":"2026-02-25T09:33:00.910Z"}
{"error":"","level":"error","message":"Redis connection error","service":"vendorlink-api","timestamp":"2026-02-25T09:33:01.425Z"}
{"error":"","level":"error","message":"Redis connection error","service":"vendorlink-api","timestamp":"2026-02-25T09:33:01.936Z"}
{"error":"","level":"error","message":"Redis connection error","service":"vendorlink-api","timestamp":"2026-02-25T09:33:02.453Z"}
{"error":"","level":"error","message":"Redis connection error","service":"vendorlink-api","timestamp":"2026-02-25T09:33:02.954Z"}
{"error":"","level":"error","message":"Redis connection error","service":"vendorlink-api","timestamp":"2026-02-25T09:33:03.471Z"}
{"error":"","level":"error","message":"Redis connection error","service":"vendorlink-api","timestamp":"2026-02-25T09:33:03.988Z"}
{"error":"","level":"error","message":"Redis connection error","service":"vendorlink-api","timestamp":"2026-02-25T09:33:04.502Z"}
{"error":"","level":"error","message":"Redis connection error","service":"vendorlink-api","timestamp":"2026-02-25T09:33:05.005Z"}
{"error":"","level":"error","message":"Redis connection error","service":"vendorlink-api","timestamp":"2026-02-25T09:33:05.511Z"}
{"error":"","level":"error","message":"Redis connection error","service":"vendorlink-api","timestamp":"2026-02-25T09:33:06.016Z"}
{"error":"","level":"error","message":"Redis connection error","service":"vendorlink-api","timestamp":"2026-02-25T09:33:06.532Z"}
{"error":"","level":"error","message":"Redis connection error","service":"vendorlink-api","timestamp":"2026-02-25T09:33:07.036Z"}
{"error":"","level":"error","message":"Redis connection error","service":"vendorlink-api","timestamp":"2026-02-25T09:33:07.552Z"}
{"error":"","level":"error","message":"Redis connection error","service":"vendorlink-api","timestamp":"2026-02-25T09:33:08.067Z"}
{"error":"","level":"error","message":"Redis connection error","service":"vendorlink-api","timestamp":"2026-02-25T09:33:08.584Z"}
{"error":"","level":"error","message":"Redis connection error","service":"vendorlink-api","timestamp":"2026-02-25T09:33:09.100Z"}
{"error":"","level":"error","message":"Redis connection error","service":"vendorlink-api","timestamp":"2026-02-25T09:33:09.614Z"}
{"error":"","level":"error","message":"Redis connection error","service":"vendorlink-api","timestamp":"2026-02-25T09:33:10.129Z"}
{"error":"","level":"error","message":"Redis connection error","service":"vendorlink-api","timestamp":"2026-02-25T09:33:10.646Z"}
{"error":"","level":"error","message":"Redis connection error","service":"vendorlink-api","timestamp":"2026-02-25T09:33:11.159Z"}
{"error":"","level":"error","message":"Redis connection error","service":"vendorlink-api","timestamp":"2026-02-25T09:33:11.677Z"}
{"error":"","level":"error","message":"Redis connection error","service":"vendorlink-api","timestamp":"2026-02-25T09:33:12.191Z"}
{"error":"","level":"error","message":"Redis connection error","service":"vendorlink-api","timestamp":"2026-02-25T09:33:12.694Z"}
{"error":"","level":"error","message":"Redis connection error","service":"vendorlink-api","timestamp":"2026-02-25T09:33:13.208Z"}
{"error":"","level":"error","message":"Redis connection error","service":"vendorlink-api","timestamp":"2026-02-25T09:33:13.724Z"}
{"error":"","level":"error","message":"Redis connection error","service":"vendorlink-api","timestamp":"2026-02-25T09:33:14.240Z"}
{"error":"","level":"error","message":"Redis connection error","service":"vendorlink-api","timestamp":"2026-02-25T09:33:14.757Z"}
{"error":"","level":"error","message":"Redis connection error","service":"vendorlink-api","timestamp":"2026-02-25T09:33:15.265Z"}
{"error":"","level":"error","message":"Redis connection error","service":"vendorlink-api","timestamp":"2026-02-25T09:33:15.781Z"}
{"error":"","level":"error","message":"Redis connection error","service":"vendorlink-api","timestamp":"2026-02-25T09:33:16.283Z"}
{"error":"","level":"error","message":"Redis connection error","service":"vendorlink-api","timestamp":"2026-02-25T09:33:16.800Z"}
{"error":"","level":"error","message":"Redis connection error","service":"vendorlink-api","timestamp":"2026-02-25T09:33:17.302Z"}
{"error":"","level":"error","message":"Redis connection error","service":"vendorlink-api","timestamp":"2026-02-25T09:33:17.819Z"}
{"error":"","level":"error","message":"Redis connection error","service":"vendorlink-api","timestamp":"2026-02-25T09:33:18.335Z"}
{"error":"","level":"error","message":"Redis connection error","service":"vendorlink-api","timestamp":"2026-02-25T09:33:18.841Z"}
{"error":"","level":"error","message":"Redis connection error","service":"vendorlink-api","timestamp":"2026-02-25T09:33:19.348Z"}
{"error":"","level":"error","message":"Redis connection error","service":"vendorlink-api","timestamp":"2026-02-25T09:33:19.851Z"}
{"error":"","level":"error","message":"Redis connection error","service":"vendorlink-api","timestamp":"2026-02-25T09:33:20.355Z"}
{"error":"","level":"error","message":"Redis connection error","service":"vendorlink-api","timestamp":"2026-02-25T09:33:20.872Z"}
{"error":"","level":"error","message":"Redis connection error","service":"vendorlink-api","timestamp":"2026-02-25T09:33:21.386Z"}
{"error":"","level":"error","message":"Redis connection error","service":"vendorlink-api","timestamp":"2026-02-25T09:33:21.902Z"}
{"error":"","level":"error","message":"Redis connection error","service":"vendorlink-api","timestamp":"2026-02-25T09:33:22.417Z"}
{"error":"","level":"error","message":"Redis connection error","service":"vendorlink-api","timestamp":"2026-02-25T09:33:22.921Z"}
{"error":"","level":"error","message":"Redis connection error","service":"vendorlink-api","timestamp":"2026-02-25T09:33:23.424Z"}
{"error":"","level":"error","message":"Redis connection error","service":"vendorlink-api","timestamp":"2026-02-25T09:33:23.939Z"}
{"error":"","level":"error","message":"Redis connection error","service":"vendorlink-api","timestamp":"2026-02-25T09:33:24.443Z"}
{"error":"","level":"error","message":"Redis connection error","service":"vendorlink-api","timestamp":"2026-02-25T09:33:24.960Z"}
{"error":"","level":"error","message":"Redis connection error","service":"vendorlink-api","timestamp":"2026-02-25T09:33:25.474Z"}
{"error":"","level":"error","message":"Redis connection error","service":"vendorlink-api","timestamp":"2026-02-25T09:33:25.977Z"}
{"error":"","level":"error","message":"Redis connection error","service":"vendorlink-api","timestamp":"2026-02-25T09:33:26.482Z"}
{"error":"","level":"error","message":"Redis connection error","service":"vendorlink-api","timestamp":"2026-02-25T09:33:26.986Z"}
{"error":"","level":"error","message":"Redis connection error","service":"vendorlink-api","timestamp":"2026-02-25T09:33:27.502Z"}
{"error":"","level":"error","message":"Redis connection error","service":"vendorlink-api","timestamp":"2026-02-25T09:33:28.003Z"}
{"error":"","level":"error","message":"Redis connection error","service":"vendorlink-api","timestamp":"2026-02-25T09:33:28.507Z"}
{"error":"","level":"error","message":"Redis connection error","service":"vendorlink-api","timestamp":"2026-02-25T09:33:29.024Z"}
{"error":"","level":"error","message":"Redis connection error","service":"vendorlink-api","timestamp":"2026-02-25T09:33:29.526Z"}
{"error":"","level":"error","message":"Redis connection error","service":"vendorlink-api","timestamp":"2026-02-25T09:33:30.040Z"}
{"error":"","level":"error","message":"Redis connection error","service":"vendorlink-api","timestamp":"2026-02-25T09:33:30.558Z"}
{"error":"","level":"error","message":"Redis connection error","service":"vendorlink-api","timestamp":"2026-02-25T09:33:31.063Z"}
{"error":"","level":"error","message":"Redis connection error","service":"vendorlink-api","timestamp":"2026-02-25T09:33:31.565Z"}
{"error":"","level":"error","message":"Redis connection error","service":"vendorlink-api","timestamp":"2026-02-25T09:33:32.070Z"}
{"error":"","level":"error","message":"Redis connection error","service":"vendorlink-api","timestamp":"2026-02-25T09:33:32.585Z"}
{"error":"","level":"error","message":"Redis connection error","service":"vendorlink-api","timestamp":"2026-02-25T09:33:33.101Z"}
{"error":"","level":"error","message":"Redis connection error","service":"vendorlink-api","timestamp":"2026-02-25T09:33:33.603Z"}
{"error":"","level":"error","message":"Redis connection error","service":"vendorlink-api","timestamp":"2026-02-25T09:33:34.118Z"}
{"error":"","level":"error","message":"Redis connection error","service":"vendorlink-api","timestamp":"2026-02-25T09:33:34.631Z"}
{"error":"","level":"error","message":"Redis connection error","service":"vendorlink-api","timestamp":"2026-02-25T09:33:35.146Z"}
{"error":"","level":"error","message":"Redis connection error","service":"vendorlink-api","timestamp":"2026-02-25T09:33:35.661Z"}
{"error":"","level":"error","message":"Redis connection error","service":"vendorlink-api","timestamp":"2026-02-25T09:33:36.174Z"}
{"error":"","level":"error","message":"Redis connection error","service":"vendorlink-api","timestamp":"2026-02-25T09:33:36.689Z"}
{"error":"","level":"error","message":"Redis connection error","service":"vendorlink-api","timestamp":"2026-02-25T09:33:37.191Z"}
{"error":"","level":"error","message":"Redis connection error","service":"vendorlink-api","timestamp":"2026-02-25T09:33:37.693Z"}
{"error":"","level":"error","message":"Redis connection error","service":"vendorlink-api","timestamp":"2026-02-25T09:33:38.210Z"}
{"error":"","level":"error","message":"Redis connection error","service":"vendorlink-api","timestamp":"2026-02-25T09:33:38.724Z"}
{"error":"","level":"error","message":"Redis connection error","service":"vendorlink-api","timestamp":"2026-02-25T09:33:39.227Z"}
{"error":"","level":"error","message":"Redis connection error","service":"vendorlink-api","timestamp":"2026-02-25T09:33:39.731Z"}
{"error":"","level":"error","message":"Redis connection error","service":"vendorlink-api","timestamp":"2026-02-25T09:33:40.247Z"}
{"error":"","level":"error","message":"Redis connection error","service":"vendorlink-api","timestamp":"2026-02-25T09:33:40.761Z"}
{"error":"","level":"error","message":"Redis connection error","service":"vendorlink-api","timestamp":"2026-02-25T09:33:41.278Z"}
{"error":"","level":"error","message":"Redis connection error","service":"vendorlink-api","timestamp":"2026-02-25T09:33:41.793Z"}
{"error":"","level":"error","message":"Redis connection error","service":"vendorlink-api","timestamp":"2026-02-25T09:33:42.306Z"}
{"error":"","level":"error","message":"Redis connection error","service":"vendorlink-api","timestamp":"2026-02-25T09:33:42.819Z"}
{"error":"","level":"error","message":"Redis connection error","service":"vendorlink-api","timestamp":"2026-02-25T09:33:43.323Z"}
{"error":"","level":"error","message":"Redis connection error","service":"vendorlink-api","timestamp":"2026-02-25T09:33:43.838Z"}
{"error":"","level":"error","message":"Redis connection error","service":"vendorlink-api","timestamp":"2026-02-25T09:33:44.355Z"}
{"error":"","level":"error","message":"Redis connection error","service":"vendorlink-api","timestamp":"2026-02-25T09:33:44.869Z"}
{"error":"","level":"error","message":"Redis connection error","service":"vendorlink-api","timestamp":"2026-02-25T09:33:45.383Z"}
{"error":"","level":"error","message":"Redis connection error","service":"vendorlink-api","timestamp":"2026-02-25T09:33:45.897Z"}
{"error":"","level":"error","message":"Redis connection error","service":"vendorlink-api","timestamp":"2026-02-25T09:33:46.410Z"}
{"error":"","level":"error","message":"Redis connection error","service":"vendorlink-api","timestamp":"2026-02-25T09:33:46.925Z"}
{"error":"","level":"error","message":"Redis connection error","service":"vendorlink-api","timestamp":"2026-02-25T09:33:47.441Z"}
{"error":"","level":"error","message":"Redis connection error","service":"vendorlink-api","timestamp":"2026-02-25T09:33:47.957Z"}
{"error":"","level":"error","message":"Redis connection error","service":"vendorlink-api","timestamp":"2026-02-25T09:33:48.470Z"}
{"error":"","level":"error","message":"Redis connection error","service":"vendorlink-api","timestamp":"2026-02-25T09:33:48.988Z"}
{"error":"","level":"error","message":"Redis connection error","service":"vendorlink-api","timestamp":"2026-02-25T09:33:49.501Z"}
{"error":"","level":"error","message":"Redis connection error","service":"vendorlink-api","timestamp":"2026-02-25T09:33:50.003Z"}
{"error":"","level":"error","message":"Redis connection error","service":"vendorlink-api","timestamp":"2026-02-25T09:33:50.520Z"}
{"error":"","level":"error","message":"Redis connection error","service":"vendorlink-api","timestamp":"2026-02-25T09:33:51.034Z"}
{"error":"","level":"error","message":"Redis connection error","service":"vendorlink-api","timestamp":"2026-02-25T09:33:51.549Z"}
{"error":"","level":"error","message":"Redis connection error","service":"vendorlink-api","timestamp":"2026-02-25T09:33:52.063Z"}
{"error":"","level":"error","message":"Redis connection error","service":"vendorlink-api","timestamp":"2026-02-25T09:33:52.577Z"}
{"error":"","level":"error","message":"Redis connection error","service":"vendorlink-api","timestamp":"2026-02-25T09:33:53.087Z"}
{"error":"","level":"error","message":"Redis connection error","service":"vendorlink-api","timestamp":"2026-02-25T09:33:53.613Z"}
{"error":"","level":"error","message":"Redis connection error","service":"vendorlink-api","timestamp":"2026-02-25T09:33:54.116Z"}
{"error":"","level":"error","message":"Redis connection error","service":"vendorlink-api","timestamp":"2026-02-25T09:33:54.633Z"}
{"error":"","level":"error","message":"Redis connection error","service":"vendorlink-api","timestamp":"2026-02-25T09:33:55.147Z"}
{"error":"","level":"error","message":"Redis connection error","service":"vendorlink-api","timestamp":"2026-02-25T09:33:55.661Z"}
{"error":"","level":"error","message":"Redis connection error","service":"vendorlink-api","timestamp":"2026-02-25T09:33:56.178Z"}
{"error":"","level":"error","message":"Redis connection error","service":"vendorlink-api","timestamp":"2026-02-25T09:33:56.696Z"}
{"error":"","level":"error","message":"Redis connection error","service":"vendorlink-api","timestamp":"2026-02-25T09:33:57.207Z"}
{"error":"","level":"error","message":"Redis connection error","service":"vendorlink-api","timestamp":"2026-02-25T09:33:57.722Z"}
{"error":"","level":"error","message":"Redis connection error","service":"vendorlink-api","timestamp":"2026-02-25T09:33:58.234Z"}
{"error":"","level":"error","message":"Redis connection error","service":"vendorlink-api","timestamp":"2026-02-25T09:33:58.750Z"}
{"error":"","level":"error","message":"Redis connection error","service":"vendorlink-api","timestamp":"2026-02-25T09:33:59.267Z"}
{"error":"","level":"error","message":"Redis connection error","service":"vendorlink-api","timestamp":"2026-02-25T09:33:59.769Z"}
{"error":"","level":"error","message":"Redis connection error","service":"vendorlink-api","timestamp":"2026-02-25T09:34:00.284Z"}
{"error":"","level":"error","message":"Redis connection error","service":"vendorlink-api","timestamp":"2026-02-25T09:34:00.786Z"}
{"error":"","level":"error","message":"Redis connection error","service":"vendorlink-api","timestamp":"2026-02-25T09:34:01.300Z"}
{"error":"","level":"error","message":"Redis connection error","service":"vendorlink-api","timestamp":"2026-02-25T09:34:01.816Z"}
{"error":"","level":"error","message":"Redis connection error","service":"vendorlink-api","timestamp":"2026-02-25T09:34:02.328Z"}
{"error":"","level":"error","message":"Redis connection error","service":"vendorlink-api","timestamp":"2026-02-25T09:34:02.832Z"}
{"error":"","level":"error","message":"Redis connection error","service":"vendorlink-api","timestamp":"2026-02-25T09:34:03.346Z"}
{"error":"","level":"error","message":"Redis connection error","service":"vendorlink-api","timestamp":"2026-02-25T09:34:03.862Z"}
{"error":"","level":"error","message":"Redis connection error","service":"vendorlink-api","timestamp":"2026-02-25T09:34:04.379Z"}
{"error":"","level":"error","message":"Redis connection error","service":"vendorlink-api","timestamp":"2026-02-25T09:34:04.882Z"}
{"error":"","level":"error","message":"Redis connection error","service":"vendorlink-api","timestamp":"2026-02-25T09:34:05.397Z"}
{"error":"","level":"error","message":"Redis connection error","service":"vendorlink-api","timestamp":"2026-02-25T09:34:05.913Z"}
{"error":"","level":"error","message":"Redis connection error","service":"vendorlink-api","timestamp":"2026-02-25T09:34:06.429Z"}
{"error":"","level":"error","message":"Redis connection error","service":"vendorlink-api","timestamp":"2026-02-25T09:34:06.943Z"}
{"error":"","level":"error","message":"Redis connection error","service":"vendorlink-api","timestamp":"2026-02-25T09:34:07.458Z"}
{"error":"","level":"error","message":"Redis connection error","service":"vendorlink-api","timestamp":"2026-02-25T09:34:07.960Z"}
{"error":"","level":"error","message":"Redis connection error","service":"vendorlink-api","timestamp":"2026-02-25T09:34:08.476Z"}
{"error":"","level":"error","message":"Redis connection error","service":"vendorlink-api","timestamp":"2026-02-25T09:34:08.991Z"}
{"error":"","level":"error","message":"Redis connection error","service":"vendorlink-api","timestamp":"2026-02-25T09:34:09.505Z"}
{"error":"","level":"error","message":"Redis connection error","service":"vendorlink-api","timestamp":"2026-02-25T09:34:10.020Z"}
{"error":"","level":"error","message":"Redis connection error","service":"vendorlink-api","timestamp":"2026-02-25T09:34:10.536Z"}
{"error":"","level":"error","message":"Redis connection error","service":"vendorlink-api","timestamp":"2026-02-25T09:34:11.052Z"}
{"error":"","level":"error","message":"Redis connection error","service":"vendorlink-api","timestamp":"2026-02-25T09:34:11.555Z"}
{"error":"","level":"error","message":"Redis connection error","service":"vendorlink-api","timestamp":"2026-02-25T09:34:12.069Z"}
{"error":"","level":"error","message":"Redis connection error","service":"vendorlink-api","timestamp":"2026-02-25T09:34:12.584Z"}
{"error":"","level":"error","message":"Redis connection error","service":"vendorlink-api","timestamp":"2026-02-25T09:34:13.099Z"}
{"error":"","level":"error","message":"Redis connection error","service":"vendorlink-api","timestamp":"2026-02-25T09:34:13.601Z"}
{"error":"","level":"error","message":"Redis connection error","service":"vendorlink-api","timestamp":"2026-02-25T09:34:14.116Z"}
{"error":"","level":"error","message":"Redis connection error","service":"vendorlink-api","timestamp":"2026-02-25T09:34:14.630Z"}
{"error":"","level":"error","message":"Redis connection error","service":"vendorlink-api","timestamp":"2026-02-25T09:34:15.145Z"}
{"error":"","level":"error","message":"Redis connection error","service":"vendorlink-api","timestamp":"2026-02-25T09:34:15.660Z"}
{"error":"","level":"error","message":"Redis connection error","service":"vendorlink-api","timestamp":"2026-02-25T09:34:16.174Z"}
{"error":"","level":"error","message":"Redis connection error","service":"vendorlink-api","timestamp":"2026-02-25T09:34:16.689Z"}
{"error":"","level":"error","message":"Redis connection error","service":"vendorlink-api","timestamp":"2026-02-25T09:34:17.205Z"}
{"error":"","level":"error","message":"Redis connection error","service":"vendorlink-api","timestamp":"2026-02-25T09:34:17.722Z"}
{"error":"","level":"error","message":"Redis connection error","service":"vendorlink-api","timestamp":"2026-02-25T09:34:18.224Z"}
{"error":"","level":"error","message":"Redis connection error","service":"vendorlink-api","timestamp":"2026-02-25T09:34:18.740Z"}
{"error":"","level":"error","message":"Redis connection error","service":"vendorlink-api","timestamp":"2026-02-25T09:34:19.242Z"}
{"error":"","level":"error","message":"Redis connection error","service":"vendorlink-api","timestamp":"2026-02-25T09:34:19.758Z"}
{"error":"","level":"error","message":"Redis connection error","service":"vendorlink-api","timestamp":"2026-02-25T09:34:20.272Z"}
{"error":"","level":"error","message":"Redis connection error","service":"vendorlink-api","timestamp":"2026-02-25T09:34:20.789Z"}
{"error":"","level":"error","message":"Redis connection error","service":"vendorlink-api","timestamp":"2026-02-25T09:34:21.303Z"}
{"error":"","level":"error","message":"Redis connection error","service":"vendorlink-api","timestamp":"2026-02-25T09:34:21.819Z"}
{"error":"","level":"error","message":"Redis connection error","service":"vendorlink-api","timestamp":"2026-02-25T09:34:22.333Z"}
{"error":"","level":"error","message":"Redis connection error","service":"vendorlink-api","timestamp":"2026-02-25T09:34:22.849Z"}
{"error":"","level":"error","message":"Redis connection error","service":"vendorlink-api","timestamp":"2026-02-25T09:34:23.360Z"}
{"error":"","level":"error","message":"Redis connection error","service":"vendorlink-api","timestamp":"2026-02-25T09:34:23.874Z"}
{"error":"","level":"error","message":"Redis connection error","service":"vendorlink-api","timestamp":"2026-02-25T09:34:24.390Z"}
{"error":"","level":"error","message":"Redis connection error","service":"vendorlink-api","timestamp":"2026-02-25T09:34:24.907Z"}
{"error":"","level":"error","message":"Redis connection error","service":"vendorlink-api","timestamp":"2026-02-25T09:34:25.421Z"}
{"error":"","level":"error","message":"Redis connection error","service":"vendorlink-api","timestamp":"2026-02-25T09:34:25.938Z"}
{"error":"","level":"error","message":"Redis connection error","service":"vendorlink-api","timestamp":"2026-02-25T09:34:26.441Z"}
{"error":"","level":"error","message":"Redis connection error","service":"vendorlink-api","timestamp":"2026-02-25T09:34:26.959Z"}
{"error":"","level":"error","message":"Redis connection error","service":"vendorlink-api","timestamp":"2026-02-25T09:34:27.470Z"}
{"error":"","level":"error","message":"Redis connection error","service":"vendorlink-api","timestamp":"2026-02-25T09:34:27.973Z"}
{"error":"","level":"error","message":"Redis connection error","service":"vendorlink-api","timestamp":"2026-02-25T09:34:28.489Z"}
{"error":"","level":"error","message":"Redis connection error","service":"vendorlink-api","timestamp":"2026-02-25T09:34:28.991Z"}
{"error":"","level":"error","message":"Redis connection error","service":"vendorlink-api","timestamp":"2026-02-25T09:34:29.508Z"}
{"error":"","level":"error","message":"Redis connection error","service":"vendorlink-api","timestamp":"2026-02-25T09:34:30.024Z"}
{"error":"","level":"error","message":"Redis connection error","service":"vendorlink-api","timestamp":"2026-02-25T09:34:30.539Z"}
{"error":"","level":"error","message":"Redis connection error","service":"vendorlink-api","timestamp":"2026-02-25T09:34:31.054Z"}
{"error":"","level":"error","message":"Redis connection error","service":"vendorlink-api","timestamp":"2026-02-25T09:34:31.570Z"}
{"error":"","level":"error","message":"Redis connection error","service":"vendorlink-api","timestamp":"2026-02-25T09:34:32.085Z"}
{"error":"","level":"error","message":"Redis connection error","service":"vendorlink-api","timestamp":"2026-02-25T09:34:32.602Z"}
{"error":"","level":"error","message":"Redis connection error","service":"vendorlink-api","timestamp":"2026-02-25T09:34:33.115Z"}
{"error":"","level":"error","message":"Redis connection error","service":"vendorlink-api","timestamp":"2026-02-25T09:34:33.618Z"}
{"error":"","level":"error","message":"Redis connection error","service":"vendorlink-api","timestamp":"2026-02-25T09:34:34.120Z"}
{"error":"","level":"error","message":"Redis connection error","service":"vendorlink-api","timestamp":"2026-02-25T09:34:34.623Z"}
{"error":"","level":"error","message":"Redis connection error","service":"vendorlink-api","timestamp":"2026-02-25T09:34:35.138Z"}
{"error":"","level":"error","message":"Redis connection error","service":"vendorlink-api","timestamp":"2026-02-25T09:34:35.654Z"}
{"error":"","level":"error","message":"Redis connection error","service":"vendorlink-api","timestamp":"2026-02-25T09:34:36.170Z"}
{"error":"","level":"error","message":"Redis connection error","service":"vendorlink-api","timestamp":"2026-02-25T09:34:36.684Z"}
{"error":"","level":"error","message":"Redis connection error","service":"vendorlink-api","timestamp":"2026-02-25T09:34:37.197Z"}
{"error":"","level":"error","message":"Redis connection error","service":"vendorlink-api","timestamp":"2026-02-25T09:34:37.709Z"}
{"error":"","level":"error","message":"Redis connection error","service":"vendorlink-api","timestamp":"2026-02-25T09:34:38.226Z"}
{"error":"","level":"error","message":"Redis connection error","service":"vendorlink-api","timestamp":"2026-02-25T09:34:38.742Z"}
{"error":"","level":"error","message":"Redis connection error","service":"vendorlink-api","timestamp":"2026-02-25T09:34:39.256Z"}
{"error":"","level":"error","message":"Redis connection error","service":"vendorlink-api","timestamp":"2026-02-25T09:34:39.772Z"}
{"error":"","level":"error","message":"Redis connection error","service":"vendorlink-api","timestamp":"2026-02-25T09:34:40.287Z"}
{"error":"","level":"error","message":"Redis connection error","service":"vendorlink-api","timestamp":"2026-02-25T09:34:40.789Z"}
{"error":"","level":"error","message":"Redis connection error","service":"vendorlink-api","timestamp":"2026-02-25T09:34:41.305Z"}
{"error":"","level":"error","message":"Redis connection error","service":"vendorlink-api","timestamp":"2026-02-25T09:34:41.808Z"}
{"error":"","level":"error","message":"Redis connection error","service":"vendorlink-api","timestamp":"2026-02-25T09:34:42.324Z"}
{"error":"","level":"error","message":"Redis connection error","service":"vendorlink-api","timestamp":"2026-02-25T09:34:42.838Z"}
{"error":"","level":"error","message":"Redis connection error","service":"vendorlink-api","timestamp":"2026-02-25T09:34:43.352Z"}
{"error":"","level":"error","message":"Redis connection error","service":"vendorlink-api","timestamp":"2026-02-25T09:34:43.867Z"}
{"error":"","level":"error","message":"Redis connection error","service":"vendorlink-api","timestamp":"2026-02-25T09:34:44.382Z"}
{"error":"","level":"error","message":"Redis connection error","service":"vendorlink-api","timestamp":"2026-02-25T09:34:44.885Z"}
{"error":"","level":"error","message":"Redis connection error","service":"vendorlink-api","timestamp":"2026-02-25T09:34:45.388Z"}
{"error":"","level":"error","message":"Redis connection error","service":"vendorlink-api","timestamp":"2026-02-25T09:34:45.902Z"}
{"error":"","level":"error","message":"Redis connection error","service":"vendorlink-api","timestamp":"2026-02-25T09:34:46.414Z"}
{"error":"","level":"error","message":"Redis connection error","service":"vendorlink-api","timestamp":"2026-02-25T09:34:46.927Z"}
{"error":"","level":"error","message":"Redis connection error","service":"vendorlink-api","timestamp":"2026-02-25T09:34:47.442Z"}
{"error":"","level":"error","message":"Redis connection error","service":"vendorlink-api","timestamp":"2026-02-25T09:34:47.956Z"}
{"error":"","level":"error","message":"Redis connection error","service":"vendorlink-api","timestamp":"2026-02-25T09:34:48.472Z"}
{"error":"","level":"error","message":"Redis connection error","service":"vendorlink-api","timestamp":"2026-02-25T09:34:48.987Z"}
{"error":"","level":"error","message":"Redis connection error","service":"vendorlink-api","timestamp":"2026-02-25T09:34:49.503Z"}
{"error":"","level":"error","message":"Redis connection error","service":"vendorlink-api","timestamp":"2026-02-25T09:34:50.020Z"}
{"error":"","level":"error","message":"Redis connection error","service":"vendorlink-api","timestamp":"2026-02-25T09:34:50.537Z"}
{"error":"","level":"error","message":"Redis connection error","service":"vendorlink-api","timestamp":"2026-02-25T09:34:51.038Z"}
{"error":"","level":"error","message":"Redis connection error","service":"vendorlink-api","timestamp":"2026-02-25T09:34:51.554Z"}
{"error":"","level":"error","message":"Redis connection error","service":"vendorlink-api","timestamp":"2026-02-25T09:34:52.069Z"}
{"error":"","level":"error","message":"Redis connection error","service":"vendorlink-api","timestamp":"2026-02-25T09:34:52.585Z"}
{"error":"","level":"error","message":"Redis connection error","service":"vendorlink-api","timestamp":"2026-02-25T09:34:53.101Z"}
{"error":"","level":"error","message":"Redis connection error","service":"vendorlink-api","timestamp":"2026-02-25T09:34:53.615Z"}
{"error":"","level":"error","message":"Redis connection error","service":"vendorlink-api","timestamp":"2026-02-25T09:34:54.130Z"}
{"error":"","level":"error","message":"Redis connection error","service":"vendorlink-api","timestamp":"2026-02-25T09:34:54.643Z"}
{"error":"","level":"error","message":"Redis connection error","service":"vendorlink-api","timestamp":"2026-02-25T09:34:55.156Z"}
{"error":"","level":"error","message":"Redis connection error","service":"vendorlink-api","timestamp":"2026-02-25T09:34:55.658Z"}
{"error":"","level":"error","message":"Redis connection error","service":"vendorlink-api","timestamp":"2026-02-25T09:34:56.173Z"}
{"error":"","level":"error","message":"Redis connection error","service":"vendorlink-api","timestamp":"2026-02-25T09:34:56.686Z"}
{"error":"","level":"error","message":"Redis connection error","service":"vendorlink-api","timestamp":"2026-02-25T09:34:57.187Z"}
{"error":"","level":"error","message":"Redis connection error","service":"vendorlink-api","timestamp":"2026-02-25T09:34:57.689Z"}
{"error":"","level":"error","message":"Redis connection error","service":"vendorlink-api","timestamp":"2026-02-25T09:34:58.191Z"}
{"error":"","level":"error","message":"Redis connection error","service":"vendorlink-api","timestamp":"2026-02-25T09:34:58.708Z"}
{"error":"","level":"error","message":"Redis connection error","service":"vendorlink-api","timestamp":"2026-02-25T09:34:59.210Z"}
{"error":"","level":"error","message":"Redis connection error","service":"vendorlink-api","timestamp":"2026-02-25T09:34:59.725Z"}
{"error":"","level":"error","message":"Redis connection error","service":"vendorlink-api","timestamp":"2026-02-25T09:35:00.240Z"}
{"error":"","level":"error","message":"Redis connection error","service":"vendorlink-api","timestamp":"2026-02-25T09:35:00.755Z"}
{"error":"","level":"error","message":"Redis connection error","service":"vendorlink-api","timestamp":"2026-02-25T09:35:01.272Z"}
{"error":"","level":"error","message":"Redis connection error","service":"vendorlink-api","timestamp":"2026-02-25T09:35:01.788Z"}
{"error":"","level":"error","message":"Redis connection error","service":"vendorlink-api","timestamp":"2026-02-25T09:35:02.304Z"}
{"error":"","level":"error","message":"Redis connection error","service":"vendorlink-api","timestamp":"2026-02-25T09:35:02.819Z"}
{"error":"","level":"error","message":"Redis connection error","service":"vendorlink-api","timestamp":"2026-02-25T09:35:03.332Z"}
{"error":"","level":"error","message":"Redis connection error","service":"vendorlink-api","timestamp":"2026-02-25T09:35:03.847Z"}
{"error":"","level":"error","message":"Redis connection error","service":"vendorlink-api","timestamp":"2026-02-25T09:35:04.363Z"}
{"error":"","level":"error","message":"Redis connection error","service":"vendorlink-api","timestamp":"2026-02-25T09:35:04.878Z"}
{"error":"","level":"error","message":"Redis connection error","service":"vendorlink-api","timestamp":"2026-02-25T09:35:05.391Z"}
{"error":"","level":"error","message":"Redis connection error","service":"vendorlink-api","timestamp":"2026-02-25T09:35:05.908Z"}
{"error":"","level":"error","message":"Redis connection error","service":"vendorlink-api","timestamp":"2026-02-25T09:35:06.425Z"}
{"error":"","level":"error","message":"Redis connection error","service":"vendorlink-api","timestamp":"2026-02-25T09:35:06.940Z"}
{"error":"","level":"error","message":"Redis connection error","service":"vendorlink-api","timestamp":"2026-02-25T09:35:07.456Z"}
{"error":"","level":"error","message":"Redis connection error","service":"vendorlink-api","timestamp":"2026-02-25T09:35:07.970Z"}
{"error":"","level":"error","message":"Redis connection error","service":"vendorlink-api","timestamp":"2026-02-25T09:35:08.473Z"}
{"error":"","level":"error","message":"Redis connection error","service":"vendorlink-api","timestamp":"2026-02-25T09:35:08.991Z"}
{"error":"","level":"error","message":"Redis connection error","service":"vendorlink-api","timestamp":"2026-02-25T09:35:09.505Z"}
{"error":"","level":"error","message":"Redis connection error","service":"vendorlink-api","timestamp":"2026-02-25T09:35:10.007Z"}
{"error":"","level":"error","message":"Redis connection error","service":"vendorlink-api","timestamp":"2026-02-25T09:35:10.520Z"}
{"error":"","level":"error","message":"Redis connection error","service":"vendorlink-api","timestamp":"2026-02-25T09:35:11.036Z"}
{"error":"","level":"error","message":"Redis connection error","service":"vendorlink-api","timestamp":"2026-02-25T09:35:11.552Z"}
{"error":"","level":"error","message":"Redis connection error","service":"vendorlink-api","timestamp":"2026-02-25T09:35:12.068Z"}
{"error":"","level":"error","message":"Redis connection error","service":"vendorlink-api","timestamp":"2026-02-25T09:35:12.581Z"}
{"error":"","level":"error","message":"Redis connection error","service":"vendorlink-api","timestamp":"2026-02-25T09:35:13.096Z"}
{"error":"","level":"error","message":"Redis connection error","service":"vendorlink-api","timestamp":"2026-02-25T09:35:13.612Z"}
{"error":"","level":"error","message":"Redis connection error","service":"vendorlink-api","timestamp":"2026-02-25T09:35:14.114Z"}
{"error":"","level":"error","message":"Redis connection error","service":"vendorlink-api","timestamp":"2026-02-25T09:35:14.630Z"}
{"error":"","level":"error","message":"Redis connection error","service":"vendorlink-api","timestamp":"2026-02-25T09:35:15.144Z"}
{"error":"","level":"error","message":"Redis connection error","service":"vendorlink-api","timestamp":"2026-02-25T09:35:15.661Z"}
{"error":"","level":"error","message":"Redis connection error","service":"vendorlink-api","timestamp":"2026-02-25T09:35:16.174Z"}
{"error":"","level":"error","message":"Redis connection error","service":"vendorlink-api","timestamp":"2026-02-25T09:35:16.678Z"}
{"error":"","level":"error","message":"Redis connection error","service":"vendorlink-api","timestamp":"2026-02-25T09:35:17.193Z"}
{"error":"","level":"error","message":"Redis connection error","service":"vendorlink-api","timestamp":"2026-02-25T09:35:17.708Z"}
{"error":"","level":"error","message":"Redis connection error","service":"vendorlink-api","timestamp":"2026-02-25T09:35:18.225Z"}
{"error":"","level":"error","message":"Redis connection error","service":"vendorlink-api","timestamp":"2026-02-25T09:35:18.740Z"}
{"error":"","level":"error","message":"Redis connection error","service":"vendorlink-api","timestamp":"2026-02-25T09:35:19.255Z"}
{"error":"","level":"error","message":"Redis connection error","service":"vendorlink-api","timestamp":"2026-02-25T09:35:19.769Z"}
{"error":"","level":"error","message":"Redis connection error","service":"vendorlink-api","timestamp":"2026-02-25T09:35:20.284Z"}
{"error":"","level":"error","message":"Redis connection error","service":"vendorlink-api","timestamp":"2026-02-25T09:35:20.799Z"}
{"error":"","level":"error","message":"Redis connection error","service":"vendorlink-api","timestamp":"2026-02-25T09:35:21.315Z"}
{"error":"","level":"error","message":"Redis connection error","service":"vendorlink-api","timestamp":"2026-02-25T09:35:21.829Z"}
{"error":"","level":"error","message":"Redis connection error","service":"vendorlink-api","timestamp":"2026-02-25T09:35:22.343Z"}
{"error":"","level":"error","message":"Redis connection error","service":"vendorlink-api","timestamp":"2026-02-25T09:35:22.860Z"}
{"error":"","level":"error","message":"Redis connection error","service":"vendorlink-api","timestamp":"2026-02-25T09:35:23.377Z"}
{"error":"","level":"error","message":"Redis connection error","service":"vendorlink-api","timestamp":"2026-02-25T09:35:23.890Z"}
{"error":"","level":"error","message":"Redis connection error","service":"vendorlink-api","timestamp":"2026-02-25T09:35:24.406Z"}
{"error":"","level":"error","message":"Redis connection error","service":"vendorlink-api","timestamp":"2026-02-25T09:35:24.921Z"}
{"error":"","level":"error","message":"Redis connection error","service":"vendorlink-api","timestamp":"2026-02-25T09:35:25.425Z"}
{"error":"","level":"error","message":"Redis connection error","service":"vendorlink-api","timestamp":"2026-02-25T09:35:25.927Z"}
{"error":"","level":"error","message":"Redis connection error","service":"vendorlink-api","timestamp":"2026-02-25T09:35:26.440Z"}
{"error":"","level":"error","message":"Redis connection error","service":"vendorlink-api","timestamp":"2026-02-25T09:35:26.955Z"}
{"error":"","level":"error","message":"Redis connection error","service":"vendorlink-api","timestamp":"2026-02-25T09:35:27.467Z"}
{"error":"","level":"error","message":"Redis connection error","service":"vendorlink-api","timestamp":"2026-02-25T09:35:27.970Z"}
{"error":"","level":"error","message":"Redis connection error","service":"vendorlink-api","timestamp":"2026-02-25T09:35:28.473Z"}
{"error":"","level":"error","message":"Redis connection error","service":"vendorlink-api","timestamp":"2026-02-25T09:35:28.986Z"}
{"error":"","level":"error","message":"Redis connection error","service":"vendorlink-api","timestamp":"2026-02-25T09:35:29.489Z"}
{"error":"","level":"error","message":"Redis connection error","service":"vendorlink-api","timestamp":"2026-02-25T09:35:30.003Z"}
{"error":"","level":"error","message":"Redis connection error","service":"vendorlink-api","timestamp":"2026-02-25T09:35:30.518Z"}
{"error":"","level":"error","message":"Redis connection error","service":"vendorlink-api","timestamp":"2026-02-25T09:35:31.033Z"}
{"error":"","level":"error","message":"Redis connection error","service":"vendorlink-api","timestamp":"2026-02-25T09:35:31.547Z"}
{"error":"","level":"error","message":"Redis connection error","service":"vendorlink-api","timestamp":"2026-02-25T09:35:32.059Z"}
{"error":"","level":"error","message":"Redis connection error","service":"vendorlink-api","timestamp":"2026-02-25T09:35:32.575Z"}
{"error":"","level":"error","message":"Redis connection error","service":"vendorlink-api","timestamp":"2026-02-25T09:35:33.090Z"}
{"error":"","level":"error","message":"Redis connection error","service":"vendorlink-api","timestamp":"2026-02-25T09:35:33.607Z"}
{"error":"","level":"error","message":"Redis connection error","service":"vendorlink-api","timestamp":"2026-02-25T09:35:34.121Z"}
{"error":"","level":"error","message":"Redis connection error","service":"vendorlink-api","timestamp":"2026-02-25T09:35:34.635Z"}
{"error":"","level":"error","message":"Redis connection error","service":"vendorlink-api","timestamp":"2026-02-25T09:35:35.149Z"}
{"error":"","level":"error","message":"Redis connection error","service":"vendorlink-api","timestamp":"2026-02-25T09:35:35.663Z"}
{"error":"","level":"error","message":"Redis connection error","service":"vendorlink-api","timestamp":"2026-02-25T09:35:36.175Z"}
{"error":"","level":"error","message":"Redis connection error","service":"vendorlink-api","timestamp":"2026-02-25T09:35:36.691Z"}
{"error":"","level":"error","message":"Redis connection error","service":"vendorlink-api","timestamp":"2026-02-25T09:35:37.202Z"}
{"error":"","level":"error","message":"Redis connection error","service":"vendorlink-api","timestamp":"2026-02-25T09:35:37.718Z"}
{"error":"","level":"error","message":"Redis connection error","service":"vendorlink-api","timestamp":"2026-02-25T09:35:38.230Z"}
{"error":"","level":"error","message":"Redis connection error","service":"vendorlink-api","timestamp":"2026-02-25T09:35:38.744Z"}
{"error":"","level":"error","message":"Redis connection error","service":"vendorlink-api","timestamp":"2026-02-25T09:35:39.260Z"}
{"error":"","level":"error","message":"Redis connection error","service":"vendorlink-api","timestamp":"2026-02-25T09:35:39.776Z"}
{"error":"","level":"error","message":"Redis connection error","service":"vendorlink-api","timestamp":"2026-02-25T09:35:40.290Z"}
{"error":"","level":"error","message":"Redis connection error","service":"vendorlink-api","timestamp":"2026-02-25T09:35:40.803Z"}
{"error":"","level":"error","message":"Redis connection error","service":"vendorlink-api","timestamp":"2026-02-25T09:35:41.320Z"}
{"error":"","level":"error","message":"Redis connection error","service":"vendorlink-api","timestamp":"2026-02-25T09:35:41.834Z"}
{"error":"","level":"error","message":"Redis connection error","service":"vendorlink-api","timestamp":"2026-02-25T09:35:42.348Z"}
{"error":"","level":"error","message":"Redis connection error","service":"vendorlink-api","timestamp":"2026-02-25T09:35:42.863Z"}
{"error":"","level":"error","message":"Redis connection error","service":"vendorlink-api","timestamp":"2026-02-25T09:35:43.379Z"}
{"error":"","level":"error","message":"Redis connection error","service":"vendorlink-api","timestamp":"2026-02-25T09:35:43.895Z"}
{"error":"","level":"error","message":"Redis connection error","service":"vendorlink-api","timestamp":"2026-02-25T09:35:44.411Z"}
{"error":"","level":"error","message":"Redis connection error","service":"vendorlink-api","timestamp":"2026-02-25T09:35:44.927Z"}
{"error":"","level":"error","message":"Redis connection error","service":"vendorlink-api","timestamp":"2026-02-25T09:35:45.443Z"}
{"error":"","level":"error","message":"Redis connection error","service":"vendorlink-api","timestamp":"2026-02-25T09:35:45.958Z"}
{"error":"","level":"error","message":"Redis connection error","service":"vendorlink-api","timestamp":"2026-02-25T09:35:46.472Z"}
{"error":"","level":"error","message":"Redis connection error","service":"vendorlink-api","timestamp":"2026-02-25T09:35:46.986Z"}
{"error":"","level":"error","message":"Redis connection error","service":"vendorlink-api","timestamp":"2026-02-25T09:35:47.502Z"}
{"error":"","level":"error","message":"Redis connection error","service":"vendorlink-api","timestamp":"2026-02-25T09:35:48.018Z"}
{"error":"","level":"error","message":"Redis connection error","service":"vendorlink-api","timestamp":"2026-02-25T09:35:48.521Z"}
{"error":"","level":"error","message":"Redis connection error","service":"vendorlink-api","timestamp":"2026-02-25T09:35:49.036Z"}
{"error":"","level":"error","message":"Redis connection error","service":"vendorlink-api","timestamp":"2026-02-25T09:35:49.551Z"}
{"error":"","level":"error","message":"Redis connection error","service":"vendorlink-api","timestamp":"2026-02-25T09:35:50.066Z"}
{"error":"","level":"error","message":"Redis connection error","service":"vendorlink-api","timestamp":"2026-02-25T09:35:50.568Z"}
{"error":"","level":"error","message":"Redis connection error","service":"vendorlink-api","timestamp":"2026-02-25T09:35:51.083Z"}
{"error":"","level":"error","message":"Redis connection error","service":"vendorlink-api","timestamp":"2026-02-25T09:35:51.585Z"}
{"error":"","level":"error","message":"Redis connection error","service":"vendorlink-api","timestamp":"2026-02-25T09:35:52.099Z"}
{"error":"","level":"error","message":"Redis connection error","service":"vendorlink-api","timestamp":"2026-02-25T09:35:52.614Z"}
{"error":"","level":"error","message":"Redis connection error","service":"vendorlink-api","timestamp":"2026-02-25T09:35:53.129Z"}
{"error":"","level":"error","message":"Redis connection error","service":"vendorlink-api","timestamp":"2026-02-25T09:35:53.643Z"}
{"error":"","level":"error","message":"Redis connection error","service":"vendorlink-api","timestamp":"2026-02-25T09:35:54.158Z"}
{"error":"","level":"error","message":"Redis connection error","service":"vendorlink-api","timestamp":"2026-02-25T09:35:54.661Z"}
{"error":"","level":"error","message":"Redis connection error","service":"vendorlink-api","timestamp":"2026-02-25T09:35:55.162Z"}
{"error":"","level":"error","message":"Redis connection error","service":"vendorlink-api","timestamp":"2026-02-25T09:35:55.664Z"}
{"error":"","level":"error","message":"Redis connection error","service":"vendorlink-api","timestamp":"2026-02-25T09:35:56.176Z"}
{"error":"","level":"error","message":"Redis connection error","service":"vendorlink-api","timestamp":"2026-02-25T09:35:56.678Z"}
{"error":"","level":"error","message":"Redis connection error","service":"vendorlink-api","timestamp":"2026-02-25T09:35:57.195Z"}
{"error":"","level":"error","message":"Redis connection error","service":"vendorlink-api","timestamp":"2026-02-25T09:35:57.707Z"}
{"error":"","level":"error","message":"Redis connection error","service":"vendorlink-api","timestamp":"2026-02-25T09:35:58.221Z"}
{"error":"","level":"error","message":"Redis connection error","service":"vendorlink-api","timestamp":"2026-02-25T09:35:58.737Z"}
{"error":"","level":"error","message":"Redis connection error","service":"vendorlink-api","timestamp":"2026-02-25T09:35:59.239Z"}
{"error":"","level":"error","message":"Redis connection error","service":"vendorlink-api","timestamp":"2026-02-25T09:35:59.756Z"}
{"error":"","level":"error","message":"Redis connection error","service":"vendorlink-api","timestamp":"2026-02-25T09:36:00.269Z"}
{"error":"","level":"error","message":"Redis connection error","service":"vendorlink-api","timestamp":"2026-02-25T09:36:00.783Z"}
{"error":"","level":"error","message":"Redis connection error","service":"vendorlink-api","timestamp":"2026-02-25T09:36:01.299Z"}
{"error":"","level":"error","message":"Redis connection error","service":"vendorlink-api","timestamp":"2026-02-25T09:36:01.815Z"}
{"error":"","level":"error","message":"Redis connection error","service":"vendorlink-api","timestamp":"2026-02-25T09:36:02.331Z"}
{"error":"","level":"error","message":"Redis connection error","service":"vendorlink-api","timestamp":"2026-02-25T09:36:02.843Z"}
{"error":"","level":"error","message":"Redis connection error","service":"vendorlink-api","timestamp":"2026-02-25T09:36:03.355Z"}
{"error":"","level":"error","message":"Redis connection error","service":"vendorlink-api","timestamp":"2026-02-25T09:36:03.857Z"}
{"error":"","level":"error","message":"Redis connection error","service":"vendorlink-api","timestamp":"2026-02-25T09:36:04.359Z"}
{"error":"","level":"error","message":"Redis connection error","service":"vendorlink-api","timestamp":"2026-02-25T09:36:04.875Z"}
{"error":"","level":"error","message":"Redis connection error","service":"vendorlink-api","timestamp":"2026-02-25T09:36:05.391Z"}
{"error":"","level":"error","message":"Redis connection error","service":"vendorlink-api","timestamp":"2026-02-25T09:36:05.904Z"}
{"error":"","level":"error","message":"Redis connection error","service":"vendorlink-api","timestamp":"2026-02-25T09:36:06.406Z"}
{"error":"","level":"error","message":"Redis connection error","service":"vendorlink-api","timestamp":"2026-02-25T09:36:06.909Z"}
{"error":"","level":"error","message":"Redis connection error","service":"vendorlink-api","timestamp":"2026-02-25T09:36:07.424Z"}
{"error":"","level":"error","message":"Redis connection error","service":"vendorlink-api","timestamp":"2026-02-25T09:36:07.929Z"}
{"error":"","level":"error","message":"Redis connection error","service":"vendorlink-api","timestamp":"2026-02-25T09:36:08.441Z"}
{"error":"","level":"error","message":"Redis connection error","service":"vendorlink-api","timestamp":"2026-02-25T09:36:08.957Z"}
{"error":"","level":"error","message":"Redis connection error","service":"vendorlink-api","timestamp":"2026-02-25T09:36:09.470Z"}
{"error":"","level":"error","message":"Redis connection error","service":"vendorlink-api","timestamp":"2026-02-25T09:36:09.986Z"}
{"error":"time is not defined","level":"error","message":"❌ Uncaught Exception:","service":"vendorlink-api","timestamp":"2026-02-25T09:36:10.296Z"}
{"level":"info","message":"🚀 Starting VendorLink Server...","service":"vendorlink-api","timestamp":"2026-02-25T09:46:10.693Z"}
{"level":"warn","message":"⚠️  Email credentials not configured - email service disabled","service":"vendorlink-api","timestamp":"2026-02-25T09:46:10.715Z"}
{"level":"info","message":"✅ Core services initialized","service":"vendorlink-api","timestamp":"2026-02-25T09:46:10.715Z"}
{"level":"info","message":"\n╔════════════════════════════════════════╗","service":"vendorlink-api","timestamp":"2026-02-25T09:46:10.760Z"}
{"level":"info","message":"║  ✔ VendorLink Server Running           ║","service":"vendorlink-api","timestamp":"2026-02-25T09:46:10.760Z"}
{"level":"info","message":"║  Port: 3000                              ║","service":"vendorlink-api","timestamp":"2026-02-25T09:46:10.761Z"}
{"level":"info","message":"║  Socket.IO: Enabled                    ║","service":"vendorlink-api","timestamp":"2026-02-25T09:46:10.761Z"}
{"level":"info","message":"║  Notifications: Active                 ║","service":"vendorlink-api","timestamp":"2026-02-25T09:46:10.762Z"}
{"level":"info","message":"║  API Docs: http://localhost:3000/api-docs   ║","service":"vendorlink-api","timestamp":"2026-02-25T09:46:10.762Z"}
{"level":"info","message":"╚════════════════════════════════════════╝\n","service":"vendorlink-api","timestamp":"2026-02-25T09:46:10.763Z"}
{"error":"","level":"error","message":"Redis connection error","service":"vendorlink-api","timestamp":"2026-02-25T09:46:10.776Z"}
{"error":"","level":"error","message":"Redis connection error","service":"vendorlink-api","timestamp":"2026-02-25T09:46:10.785Z"}
{"error":"","level":"error","message":"Redis connection error","service":"vendorlink-api","timestamp":"2026-02-25T09:46:10.852Z"}
{"error":"","level":"error","message":"Redis connection error","service":"vendorlink-api","timestamp":"2026-02-25T09:46:10.963Z"}
{"level":"info","message":"🚀 Starting VendorLink Server...","service":"vendorlink-api","timestamp":"2026-02-25T09:46:12.786Z"}
{"level":"warn","message":"⚠️  Email credentials not configured - email service disabled","service":"vendorlink-api","timestamp":"2026-02-25T09:46:12.806Z"}
{"level":"info","message":"✅ Core services initialized","service":"vendorlink-api","timestamp":"2026-02-25T09:46:12.807Z"}
{"level":"info","message":"\n╔════════════════════════════════════════╗","service":"vendorlink-api","timestamp":"2026-02-25T09:46:12.856Z"}
{"level":"info","message":"║  ✔ VendorLink Server Running           ║","service":"vendorlink-api","timestamp":"2026-02-25T09:46:12.857Z"}
{"level":"info","message":"║  Port: 3000                              ║","service":"vendorlink-api","timestamp":"2026-02-25T09:46:12.858Z"}
{"level":"info","message":"║  Socket.IO: Enabled                    ║","service":"vendorlink-api","timestamp":"2026-02-25T09:46:12.859Z"}
{"level":"info","message":"║  Notifications: Active                 ║","service":"vendorlink-api","timestamp":"2026-02-25T09:46:12.860Z"}
{"level":"info","message":"║  API Docs: http://localhost:3000/api-docs   ║","service":"vendorlink-api","timestamp":"2026-02-25T09:46:12.860Z"}
{"level":"info","message":"╚════════════════════════════════════════╝\n","service":"vendorlink-api","timestamp":"2026-02-25T09:46:12.861Z"}
{"error":"","level":"error","message":"Redis connection error","service":"vendorlink-api","timestamp":"2026-02-25T09:46:12.885Z"}
{"error":"","level":"error","message":"Redis connection error","service":"vendorlink-api","timestamp":"2026-02-25T09:46:12.889Z"}
{"error":"","level":"error","message":"Redis connection error","service":"vendorlink-api","timestamp":"2026-02-25T09:46:12.942Z"}
{"error":"","level":"error","message":"Redis connection error","service":"vendorlink-api","timestamp":"2026-02-25T09:46:13.050Z"}
{"error":"","level":"error","message":"Redis connection error","service":"vendorlink-api","timestamp":"2026-02-25T09:46:13.203Z"}
{"error":"","level":"error","message":"Redis connection error","service":"vendorlink-api","timestamp":"2026-02-25T09:46:13.407Z"}
{"error":"","level":"error","message":"Redis connection error","service":"vendorlink-api","timestamp":"2026-02-25T09:46:13.670Z"}
{"error":"","level":"error","message":"Redis connection error","service":"vendorlink-api","timestamp":"2026-02-25T09:46:13.983Z"}
{"error":"","level":"error","message":"Redis connection error","service":"vendorlink-api","timestamp":"2026-02-25T09:46:14.342Z"}
{"error":"","level":"error","message":"Redis connection error","service":"vendorlink-api","timestamp":"2026-02-25T09:46:14.745Z"}
{"error":"","level":"error","message":"Redis connection error","service":"vendorlink-api","timestamp":"2026-02-25T09:46:15.199Z"}
{"error":"","level":"error","message":"Redis connection error","service":"vendorlink-api","timestamp":"2026-02-25T09:46:15.714Z"}
{"error":"","level":"error","message":"Redis connection error","service":"vendorlink-api","timestamp":"2026-02-25T09:46:16.225Z"}
{"error":"","level":"error","message":"Redis connection error","service":"vendorlink-api","timestamp":"2026-02-25T09:46:16.743Z"}
{"error":"","level":"error","message":"Redis connection error","service":"vendorlink-api","timestamp":"2026-02-25T09:46:17.246Z"}
{"error":"","level":"error","message":"Redis connection error","service":"vendorlink-api","timestamp":"2026-02-25T09:46:17.760Z"}
{"error":"","level":"error","message":"Redis connection error","service":"vendorlink-api","timestamp":"2026-02-25T09:46:18.275Z"}
{"error":"","level":"error","message":"Redis connection error","service":"vendorlink-api","timestamp":"2026-02-25T09:46:18.778Z"}
{"error":"","level":"error","message":"Redis connection error","service":"vendorlink-api","timestamp":"2026-02-25T09:46:19.295Z"}
{"error":"","level":"error","message":"Redis connection error","service":"vendorlink-api","timestamp":"2026-02-25T09:46:19.860Z"}
{"error":"","level":"error","message":"Redis connection error","service":"vendorlink-api","timestamp":"2026-02-25T09:46:20.390Z"}
{"error":"","level":"error","message":"Redis connection error","service":"vendorlink-api","timestamp":"2026-02-25T09:46:20.901Z"}
{"error":"","level":"error","message":"Redis connection error","service":"vendorlink-api","timestamp":"2026-02-25T09:46:21.415Z"}
{"error":"","level":"error","message":"Redis connection error","service":"vendorlink-api","timestamp":"2026-02-25T09:46:21.930Z"}
{"error":"","level":"error","message":"Redis connection error","service":"vendorlink-api","timestamp":"2026-02-25T09:46:22.434Z"}
{"error":"","level":"error","message":"Redis connection error","service":"vendorlink-api","timestamp":"2026-02-25T09:46:22.951Z"}
{"error":"","level":"error","message":"Redis connection error","service":"vendorlink-api","timestamp":"2026-02-25T09:46:23.462Z"}
{"error":"","level":"error","message":"Redis connection error","service":"vendorlink-api","timestamp":"2026-02-25T09:46:23.966Z"}
{"error":"","level":"error","message":"Redis connection error","service":"vendorlink-api","timestamp":"2026-02-25T09:46:24.468Z"}
{"error":"","level":"error","message":"Redis connection error","service":"vendorlink-api","timestamp":"2026-02-25T09:46:24.986Z"}
{"error":"","level":"error","message":"Redis connection error","service":"vendorlink-api","timestamp":"2026-02-25T09:46:25.501Z"}
{"error":"","level":"error","message":"Redis connection error","service":"vendorlink-api","timestamp":"2026-02-25T09:46:26.013Z"}
{"error":"","level":"error","message":"Redis connection error","service":"vendorlink-api","timestamp":"2026-02-25T09:46:26.516Z"}
{"error":"","level":"error","message":"Redis connection error","service":"vendorlink-api","timestamp":"2026-02-25T09:46:27.034Z"}
{"error":"","level":"error","message":"Redis connection error","service":"vendorlink-api","timestamp":"2026-02-25T09:46:27.549Z"}
{"error":"","level":"error","message":"Redis connection error","service":"vendorlink-api","timestamp":"2026-02-25T09:46:28.051Z"}
{"error":"","level":"error","message":"Redis connection error","service":"vendorlink-api","timestamp":"2026-02-25T09:46:28.567Z"}
{"error":"","level":"error","message":"Redis connection error","service":"vendorlink-api","timestamp":"2026-02-25T09:46:29.082Z"}
{"error":"","level":"error","message":"Redis connection error","service":"vendorlink-api","timestamp":"2026-02-25T09:46:29.584Z"}
{"error":"","level":"error","message":"Redis connection error","service":"vendorlink-api","timestamp":"2026-02-25T09:46:30.100Z"}
{"error":"","level":"error","message":"Redis connection error","service":"vendorlink-api","timestamp":"2026-02-25T09:46:30.615Z"}
{"error":"","level":"error","message":"Redis connection error","service":"vendorlink-api","timestamp":"2026-02-25T09:46:31.129Z"}
{"error":"","level":"error","message":"Redis connection error","service":"vendorlink-api","timestamp":"2026-02-25T09:46:31.642Z"}
{"error":"","level":"error","message":"Redis connection error","service":"vendorlink-api","timestamp":"2026-02-25T09:46:32.158Z"}
{"error":"","level":"error","message":"Redis connection error","service":"vendorlink-api","timestamp":"2026-02-25T09:46:32.670Z"}
{"error":"","level":"error","message":"Redis connection error","service":"vendorlink-api","timestamp":"2026-02-25T09:46:33.187Z"}
{"error":"","level":"error","message":"Redis connection error","service":"vendorlink-api","timestamp":"2026-02-25T09:46:33.700Z"}
{"error":"","level":"error","message":"Redis connection error","service":"vendorlink-api","timestamp":"2026-02-25T09:46:34.217Z"}
{"error":"","level":"error","message":"Redis connection error","service":"vendorlink-api","timestamp":"2026-02-25T09:46:34.730Z"}
{"error":"","level":"error","message":"Redis connection error","service":"vendorlink-api","timestamp":"2026-02-25T09:46:35.245Z"}
{"error":"","level":"error","message":"Redis connection error","service":"vendorlink-api","timestamp":"2026-02-25T09:46:35.760Z"}
{"error":"","level":"error","message":"Redis connection error","service":"vendorlink-api","timestamp":"2026-02-25T09:46:36.282Z"}
{"error":"","level":"error","message":"Redis connection error","service":"vendorlink-api","timestamp":"2026-02-25T09:46:36.798Z"}
{"error":"","level":"error","message":"Redis connection error","service":"vendorlink-api","timestamp":"2026-02-25T09:46:37.300Z"}
{"error":"","level":"error","message":"Redis connection error","service":"vendorlink-api","timestamp":"2026-02-25T09:46:37.817Z"}
{"error":"","level":"error","message":"Redis connection error","service":"vendorlink-api","timestamp":"2026-02-25T09:46:38.320Z"}
{"error":"","level":"error","message":"Redis connection error","service":"vendorlink-api","timestamp":"2026-02-25T09:46:38.822Z"}
{"error":"","level":"error","message":"Redis connection error","service":"vendorlink-api","timestamp":"2026-02-25T09:46:39.339Z"}
{"error":"","level":"error","message":"Redis connection error","service":"vendorlink-api","timestamp":"2026-02-25T09:46:39.853Z"}
{"error":"","level":"error","message":"Redis connection error","service":"vendorlink-api","timestamp":"2026-02-25T09:46:40.364Z"}
{"error":"","level":"error","message":"Redis connection error","service":"vendorlink-api","timestamp":"2026-02-25T09:46:40.876Z"}
{"error":"","level":"error","message":"Redis connection error","service":"vendorlink-api","timestamp":"2026-02-25T09:46:41.378Z"}
{"error":"","level":"error","message":"Redis connection error","service":"vendorlink-api","timestamp":"2026-02-25T09:46:41.890Z"}
{"error":"","level":"error","message":"Redis connection error","service":"vendorlink-api","timestamp":"2026-02-25T09:46:42.401Z"}
{"error":"","level":"error","message":"Redis connection error","service":"vendorlink-api","timestamp":"2026-02-25T09:46:42.912Z"}
{"error":"","level":"error","message":"Redis connection error","service":"vendorlink-api","timestamp":"2026-02-25T09:46:43.428Z"}
{"error":"","level":"error","message":"Redis connection error","service":"vendorlink-api","timestamp":"2026-02-25T09:46:43.942Z"}
{"error":"","level":"error","message":"Redis connection error","service":"vendorlink-api","timestamp":"2026-02-25T09:46:44.453Z"}
{"error":"","level":"error","message":"Redis connection error","service":"vendorlink-api","timestamp":"2026-02-25T09:46:44.968Z"}
{"error":"","level":"error","message":"Redis connection error","service":"vendorlink-api","timestamp":"2026-02-25T09:46:45.484Z"}
{"error":"","level":"error","message":"Redis connection error","service":"vendorlink-api","timestamp":"2026-02-25T09:46:46.000Z"}
{"error":"","level":"error","message":"Redis connection error","service":"vendorlink-api","timestamp":"2026-02-25T09:46:46.513Z"}
{"error":"","level":"error","message":"Redis connection error","service":"vendorlink-api","timestamp":"2026-02-25T09:46:47.030Z"}
{"error":"","level":"error","message":"Redis connection error","service":"vendorlink-api","timestamp":"2026-02-25T09:46:47.535Z"}
{"error":"","level":"error","message":"Redis connection error","service":"vendorlink-api","timestamp":"2026-02-25T09:46:48.048Z"}
{"error":"","level":"error","message":"Redis connection error","service":"vendorlink-api","timestamp":"2026-02-25T09:46:48.560Z"}
{"error":"","level":"error","message":"Redis connection error","service":"vendorlink-api","timestamp":"2026-02-25T09:46:49.064Z"}
{"error":"","level":"error","message":"Redis connection error","service":"vendorlink-api","timestamp":"2026-02-25T09:46:49.577Z"}
{"error":"","level":"error","message":"Redis connection error","service":"vendorlink-api","timestamp":"2026-02-25T09:46:50.092Z"}
{"error":"","level":"error","message":"Redis connection error","service":"vendorlink-api","timestamp":"2026-02-25T09:46:50.607Z"}
{"error":"","level":"error","message":"Redis connection error","service":"vendorlink-api","timestamp":"2026-02-25T09:46:51.124Z"}
{"error":"","level":"error","message":"Redis connection error","service":"vendorlink-api","timestamp":"2026-02-25T09:46:51.639Z"}
{"error":"","level":"error","message":"Redis connection error","service":"vendorlink-api","timestamp":"2026-02-25T09:46:52.153Z"}
{"error":"","level":"error","message":"Redis connection error","service":"vendorlink-api","timestamp":"2026-02-25T09:46:52.665Z"}
{"error":"","level":"error","message":"Redis connection error","service":"vendorlink-api","timestamp":"2026-02-25T09:46:53.183Z"}
{"error":"","level":"error","message":"Redis connection error","service":"vendorlink-api","timestamp":"2026-02-25T09:46:53.697Z"}
{"error":"","level":"error","message":"Redis connection error","service":"vendorlink-api","timestamp":"2026-02-25T09:46:54.214Z"}
{"error":"","level":"error","message":"Redis connection error","service":"vendorlink-api","timestamp":"2026-02-25T09:46:54.718Z"}
{"error":"","level":"error","message":"Redis connection error","service":"vendorlink-api","timestamp":"2026-02-25T09:46:55.231Z"}
{"error":"","level":"error","message":"Redis connection error","service":"vendorlink-api","timestamp":"2026-02-25T09:46:55.747Z"}
{"error":"","level":"error","message":"Redis connection error","service":"vendorlink-api","timestamp":"2026-02-25T09:46:56.250Z"}
{"error":"","level":"error","message":"Redis connection error","service":"vendorlink-api","timestamp":"2026-02-25T09:46:56.765Z"}
{"level":"info","message":"🚀 Starting VendorLink Server...","service":"vendorlink-api","timestamp":"2026-02-26T04:32:23.270Z"}
{"level":"warn","message":"⚠️  Email credentials not configured - email service disabled","service":"vendorlink-api","timestamp":"2026-02-26T04:32:23.297Z"}
{"level":"info","message":"✅ Core services initialized","service":"vendorlink-api","timestamp":"2026-02-26T04:32:23.298Z"}
{"level":"info","message":"\n╔════════════════════════════════════════╗","service":"vendorlink-api","timestamp":"2026-02-26T04:32:23.352Z"}
{"level":"info","message":"║  ✔ VendorLink Server Running           ║","service":"vendorlink-api","timestamp":"2026-02-26T04:32:23.352Z"}
{"level":"info","message":"║  Port: 5000                              ║","service":"vendorlink-api","timestamp":"2026-02-26T04:32:23.353Z"}
{"level":"info","message":"║  Socket.IO: Enabled                    ║","service":"vendorlink-api","timestamp":"2026-02-26T04:32:23.354Z"}
{"level":"info","message":"║  Notifications: Active                 ║","service":"vendorlink-api","timestamp":"2026-02-26T04:32:23.355Z"}
{"level":"info","message":"║  API Docs: http://localhost:5000/api-docs   ║","service":"vendorlink-api","timestamp":"2026-02-26T04:32:23.355Z"}
{"level":"info","message":"╚════════════════════════════════════════╝\n","service":"vendorlink-api","timestamp":"2026-02-26T04:32:23.356Z"}
{"error":"","level":"error","message":"Redis connection error","service":"vendorlink-api","timestamp":"2026-02-26T04:32:23.369Z"}
{"error":"","level":"error","message":"Redis connection error","service":"vendorlink-api","timestamp":"2026-02-26T04:32:23.382Z"}
{"error":"","level":"error","message":"Redis connection error","service":"vendorlink-api","timestamp":"2026-02-26T04:32:23.448Z"}
{"error":"","level":"error","message":"Redis connection error","service":"vendorlink-api","timestamp":"2026-02-26T04:32:23.559Z"}
{"error":"","level":"error","message":"Redis connection error","service":"vendorlink-api","timestamp":"2026-02-26T04:32:23.718Z"}
{"error":"","level":"error","message":"Redis connection error","service":"vendorlink-api","timestamp":"2026-02-26T04:32:23.923Z"}
{"error":"","level":"error","message":"Redis connection error","service":"vendorlink-api","timestamp":"2026-02-26T04:32:24.177Z"}
{"error":"","level":"error","message":"Redis connection error","service":"vendorlink-api","timestamp":"2026-02-26T04:32:24.492Z"}
{"error":"","level":"error","message":"Redis connection error","service":"vendorlink-api","timestamp":"2026-02-26T04:32:24.851Z"}
{"error":"","level":"error","message":"Redis connection error","service":"vendorlink-api","timestamp":"2026-02-26T04:32:25.263Z"}
{"error":"","level":"error","message":"Redis connection error","service":"vendorlink-api","timestamp":"2026-02-26T04:32:25.721Z"}
{"error":"","level":"error","message":"Redis connection error","service":"vendorlink-api","timestamp":"2026-02-26T04:32:26.226Z"}
{"error":"","level":"error","message":"Redis connection error","service":"vendorlink-api","timestamp":"2026-02-26T04:32:26.733Z"}
{"error":"","level":"error","message":"Redis connection error","service":"vendorlink-api","timestamp":"2026-02-26T04:32:27.240Z"}
{"error":"","level":"error","message":"Redis connection error","service":"vendorlink-api","timestamp":"2026-02-26T04:32:27.756Z"}
{"error":"","level":"error","message":"Redis connection error","service":"vendorlink-api","timestamp":"2026-02-26T04:32:28.260Z"}
{"error":"","level":"error","message":"Redis connection error","service":"vendorlink-api","timestamp":"2026-02-26T04:32:28.765Z"}
{"error":"","level":"error","message":"Redis connection error","service":"vendorlink-api","timestamp":"2026-02-26T04:32:29.273Z"}
{"error":"","level":"error","message":"Redis connection error","service":"vendorlink-api","timestamp":"2026-02-26T04:32:29.779Z"}
{"error":"","level":"error","message":"Redis connection error","service":"vendorlink-api","timestamp":"2026-02-26T04:32:30.287Z"}
{"error":"","level":"error","message":"Redis connection error","service":"vendorlink-api","timestamp":"2026-02-26T04:32:30.795Z"}
{"error":"","level":"error","message":"Redis connection error","service":"vendorlink-api","timestamp":"2026-02-26T04:32:31.300Z"}
{"error":"","level":"error","message":"Redis connection error","service":"vendorlink-api","timestamp":"2026-02-26T04:32:31.805Z"}
{"error":"","level":"error","message":"Redis connection error","service":"vendorlink-api","timestamp":"2026-02-26T04:32:32.314Z"}
{"error":"","level":"error","message":"Redis connection error","service":"vendorlink-api","timestamp":"2026-02-26T04:32:32.830Z"}
{"error":"","level":"error","message":"Redis connection error","service":"vendorlink-api","timestamp":"2026-02-26T04:32:33.335Z"}
{"error":"","level":"error","message":"Redis connection error","service":"vendorlink-api","timestamp":"2026-02-26T04:32:33.841Z"}
{"error":"","level":"error","message":"Redis connection error","service":"vendorlink-api","timestamp":"2026-02-26T04:32:34.348Z"}
{"error":"","level":"error","message":"Redis connection error","service":"vendorlink-api","timestamp":"2026-02-26T04:32:34.851Z"}
{"error":"","level":"error","message":"Redis connection error","service":"vendorlink-api","timestamp":"2026-02-26T04:32:35.355Z"}
{"error":"","level":"error","message":"Redis connection error","service":"vendorlink-api","timestamp":"2026-02-26T04:32:35.858Z"}
{"error":"","level":"error","message":"Redis connection error","service":"vendorlink-api","timestamp":"2026-02-26T04:32:36.365Z"}
{"error":"","level":"error","message":"Redis connection error","service":"vendorlink-api","timestamp":"2026-02-26T04:32:36.870Z"}
{"error":"","level":"error","message":"Redis connection error","service":"vendorlink-api","timestamp":"2026-02-26T04:32:37.378Z"}
{"error":"","level":"error","message":"Redis connection error","service":"vendorlink-api","timestamp":"2026-02-26T04:32:37.881Z"}
{"error":"","level":"error","message":"Redis connection error","service":"vendorlink-api","timestamp":"2026-02-26T04:32:38.383Z"}
{"error":"","level":"error","message":"Redis connection error","service":"vendorlink-api","timestamp":"2026-02-26T04:32:38.887Z"}
{"error":"","level":"error","message":"Redis connection error","service":"vendorlink-api","timestamp":"2026-02-26T04:32:39.391Z"}
{"error":"","level":"error","message":"Redis connection error","service":"vendorlink-api","timestamp":"2026-02-26T04:32:39.895Z"}
{"error":"","level":"error","message":"Redis connection error","service":"vendorlink-api","timestamp":"2026-02-26T04:32:40.399Z"}
{"error":"","level":"error","message":"Redis connection error","service":"vendorlink-api","timestamp":"2026-02-26T04:32:40.915Z"}
{"error":"","level":"error","message":"Redis connection error","service":"vendorlink-api","timestamp":"2026-02-26T04:32:41.423Z"}
{"error":"","level":"error","message":"Redis connection error","service":"vendorlink-api","timestamp":"2026-02-26T04:32:41.926Z"}
{"error":"","level":"error","message":"Redis connection error","service":"vendorlink-api","timestamp":"2026-02-26T04:32:42.431Z"}
{"error":"","level":"error","message":"Redis connection error","service":"vendorlink-api","timestamp":"2026-02-26T04:32:42.937Z"}
{"error":"","level":"error","message":"Redis connection error","service":"vendorlink-api","timestamp":"2026-02-26T04:32:43.444Z"}
{"error":"","level":"error","message":"Redis connection error","service":"vendorlink-api","timestamp":"2026-02-26T04:32:43.946Z"}
{"error":"","level":"error","message":"Redis connection error","service":"vendorlink-api","timestamp":"2026-02-26T04:32:44.451Z"}
{"error":"","level":"error","message":"Redis connection error","service":"vendorlink-api","timestamp":"2026-02-26T04:32:44.957Z"}
{"error":"","level":"error","message":"Redis connection error","service":"vendorlink-api","timestamp":"2026-02-26T04:32:45.464Z"}
{"error":"","level":"error","message":"Redis connection error","service":"vendorlink-api","timestamp":"2026-02-26T04:32:45.970Z"}
{"error":"","level":"error","message":"Redis connection error","service":"vendorlink-api","timestamp":"2026-02-26T04:32:46.475Z"}
{"error":"","level":"error","message":"Redis connection error","service":"vendorlink-api","timestamp":"2026-02-26T04:32:46.982Z"}
{"error":"","level":"error","message":"Redis connection error","service":"vendorlink-api","timestamp":"2026-02-26T04:32:47.489Z"}
{"error":"","level":"error","message":"Redis connection error","service":"vendorlink-api","timestamp":"2026-02-26T04:32:47.996Z"}
{"error":"","level":"error","message":"Redis connection error","service":"vendorlink-api","timestamp":"2026-02-26T04:32:48.502Z"}
{"error":"","level":"error","message":"Redis connection error","service":"vendorlink-api","timestamp":"2026-02-26T04:32:49.010Z"}
{"error":"","level":"error","message":"Redis connection error","service":"vendorlink-api","timestamp":"2026-02-26T04:32:49.516Z"}
{"error":"","level":"error","message":"Redis connection error","service":"vendorlink-api","timestamp":"2026-02-26T04:32:50.019Z"}
{"error":"","level":"error","message":"Redis connection error","service":"vendorlink-api","timestamp":"2026-02-26T04:32:50.523Z"}
{"error":"","level":"error","message":"Redis connection error","service":"vendorlink-api","timestamp":"2026-02-26T04:32:51.032Z"}
{"error":"","level":"error","message":"Redis connection error","service":"vendorlink-api","timestamp":"2026-02-26T04:32:51.540Z"}
{"error":"","level":"error","message":"Redis connection error","service":"vendorlink-api","timestamp":"2026-02-26T04:32:52.044Z"}
{"error":"","level":"error","message":"Redis connection error","service":"vendorlink-api","timestamp":"2026-02-26T04:32:52.549Z"}
{"error":"","level":"error","message":"Redis connection error","service":"vendorlink-api","timestamp":"2026-02-26T04:32:53.057Z"}
{"error":"","level":"error","message":"Redis connection error","service":"vendorlink-api","timestamp":"2026-02-26T04:32:53.561Z"}
{"error":"","level":"error","message":"Redis connection error","service":"vendorlink-api","timestamp":"2026-02-26T04:32:54.070Z"}
{"error":"","level":"error","message":"Redis connection error","service":"vendorlink-api","timestamp":"2026-02-26T04:32:54.573Z"}
{"error":"","level":"error","message":"Redis connection error","service":"vendorlink-api","timestamp":"2026-02-26T04:32:55.079Z"}
{"error":"","level":"error","message":"Redis connection error","service":"vendorlink-api","timestamp":"2026-02-26T04:32:55.586Z"}
{"error":"","level":"error","message":"Redis connection error","service":"vendorlink-api","timestamp":"2026-02-26T04:32:56.092Z"}
{"error":"","level":"error","message":"Redis connection error","service":"vendorlink-api","timestamp":"2026-02-26T04:32:56.597Z"}
{"error":"","level":"error","message":"Redis connection error","service":"vendorlink-api","timestamp":"2026-02-26T04:32:57.101Z"}
{"error":"","level":"error","message":"Redis connection error","service":"vendorlink-api","timestamp":"2026-02-26T04:32:57.617Z"}
{"error":"","level":"error","message":"Redis connection error","service":"vendorlink-api","timestamp":"2026-02-26T04:32:58.120Z"}
{"error":"","level":"error","message":"Redis connection error","service":"vendorlink-api","timestamp":"2026-02-26T04:32:58.632Z"}
{"error":"","level":"error","message":"Redis connection error","service":"vendorlink-api","timestamp":"2026-02-26T04:32:59.150Z"}
{"error":"","level":"error","message":"Redis connection error","service":"vendorlink-api","timestamp":"2026-02-26T04:32:59.668Z"}
{"error":"","level":"error","message":"Redis connection error","service":"vendorlink-api","timestamp":"2026-02-26T04:33:00.185Z"}
{"error":"","level":"error","message":"Redis connection error","service":"vendorlink-api","timestamp":"2026-02-26T04:33:00.699Z"}
{"error":"","level":"error","message":"Redis connection error","service":"vendorlink-api","timestamp":"2026-02-26T04:33:01.216Z"}
{"error":"","level":"error","message":"Redis connection error","service":"vendorlink-api","timestamp":"2026-02-26T04:33:01.732Z"}
{"error":"","level":"error","message":"Redis connection error","service":"vendorlink-api","timestamp":"2026-02-26T04:33:02.234Z"}
{"error":"","level":"error","message":"Redis connection error","service":"vendorlink-api","timestamp":"2026-02-26T04:33:02.746Z"}
{"error":"","level":"error","message":"Redis connection error","service":"vendorlink-api","timestamp":"2026-02-26T04:33:03.252Z"}
{"error":"","level":"error","message":"Redis connection error","service":"vendorlink-api","timestamp":"2026-02-26T04:33:03.768Z"}
{"error":"","level":"error","message":"Redis connection error","service":"vendorlink-api","timestamp":"2026-02-26T04:33:04.271Z"}
{"error":"","level":"error","message":"Redis connection error","service":"vendorlink-api","timestamp":"2026-02-26T04:33:04.785Z"}
{"error":"","level":"error","message":"Redis connection error","service":"vendorlink-api","timestamp":"2026-02-26T04:33:05.299Z"}
{"error":"","level":"error","message":"Redis connection error","service":"vendorlink-api","timestamp":"2026-02-26T04:33:05.813Z"}
{"error":"","level":"error","message":"Redis connection error","service":"vendorlink-api","timestamp":"2026-02-26T04:33:06.330Z"}
{"error":"","level":"error","message":"Redis connection error","service":"vendorlink-api","timestamp":"2026-02-26T04:33:06.842Z"}
{"error":"","level":"error","message":"Redis connection error","service":"vendorlink-api","timestamp":"2026-02-26T04:33:07.358Z"}
{"error":"","level":"error","message":"Redis connection error","service":"vendorlink-api","timestamp":"2026-02-26T04:33:07.876Z"}
{"error":"","level":"error","message":"Redis connection error","service":"vendorlink-api","timestamp":"2026-02-26T04:33:08.390Z"}
{"error":"","level":"error","message":"Redis connection error","service":"vendorlink-api","timestamp":"2026-02-26T04:33:08.907Z"}
{"error":"","level":"error","message":"Redis connection error","service":"vendorlink-api","timestamp":"2026-02-26T04:33:09.422Z"}
{"error":"","level":"error","message":"Redis connection error","service":"vendorlink-api","timestamp":"2026-02-26T04:33:09.936Z"}
{"error":"","level":"error","message":"Redis connection error","service":"vendorlink-api","timestamp":"2026-02-26T04:33:10.440Z"}
{"error":"","level":"error","message":"Redis connection error","service":"vendorlink-api","timestamp":"2026-02-26T04:33:10.958Z"}
{"error":"","level":"error","message":"Redis connection error","service":"vendorlink-api","timestamp":"2026-02-26T04:33:11.461Z"}
{"error":"","level":"error","message":"Redis connection error","service":"vendorlink-api","timestamp":"2026-02-26T04:33:11.965Z"}
{"error":"","level":"error","message":"Redis connection error","service":"vendorlink-api","timestamp":"2026-02-26T04:33:12.468Z"}
{"error":"","level":"error","message":"Redis connection error","service":"vendorlink-api","timestamp":"2026-02-26T04:33:12.970Z"}
{"error":"","level":"error","message":"Redis connection error","service":"vendorlink-api","timestamp":"2026-02-26T04:33:13.475Z"}
{"error":"","level":"error","message":"Redis connection error","service":"vendorlink-api","timestamp":"2026-02-26T04:33:13.977Z"}
{"error":"","level":"error","message":"Redis connection error","service":"vendorlink-api","timestamp":"2026-02-26T04:33:14.490Z"}
{"error":"","level":"error","message":"Redis connection error","service":"vendorlink-api","timestamp":"2026-02-26T04:33:15.004Z"}
{"error":"","level":"error","message":"Redis connection error","service":"vendorlink-api","timestamp":"2026-02-26T04:33:15.516Z"}
{"error":"","level":"error","message":"Redis connection error","service":"vendorlink-api","timestamp":"2026-02-26T04:33:16.019Z"}
{"error":"","level":"error","message":"Redis connection error","service":"vendorlink-api","timestamp":"2026-02-26T04:33:16.535Z"}
{"error":"","level":"error","message":"Redis connection error","service":"vendorlink-api","timestamp":"2026-02-26T04:33:17.051Z"}
{"error":"","level":"error","message":"Redis connection error","service":"vendorlink-api","timestamp":"2026-02-26T04:33:17.567Z"}
{"error":"","level":"error","message":"Redis connection error","service":"vendorlink-api","timestamp":"2026-02-26T04:33:18.071Z"}
{"error":"","level":"error","message":"Redis connection error","service":"vendorlink-api","timestamp":"2026-02-26T04:33:18.576Z"}
{"error":"","level":"error","message":"Redis connection error","service":"vendorlink-api","timestamp":"2026-02-26T04:33:19.092Z"}
{"error":"","level":"error","message":"Redis connection error","service":"vendorlink-api","timestamp":"2026-02-26T04:33:19.606Z"}
{"error":"","level":"error","message":"Redis connection error","service":"vendorlink-api","timestamp":"2026-02-26T04:33:20.123Z"}
{"error":"","level":"error","message":"Redis connection error","service":"vendorlink-api","timestamp":"2026-02-26T04:33:20.637Z"}
{"error":"","level":"error","message":"Redis connection error","service":"vendorlink-api","timestamp":"2026-02-26T04:33:21.152Z"}
{"error":"","level":"error","message":"Redis connection error","service":"vendorlink-api","timestamp":"2026-02-26T04:33:21.666Z"}
{"error":"","level":"error","message":"Redis connection error","service":"vendorlink-api","timestamp":"2026-02-26T04:33:22.182Z"}
{"error":"","level":"error","message":"Redis connection error","service":"vendorlink-api","timestamp":"2026-02-26T04:33:22.684Z"}
{"error":"","level":"error","message":"Redis connection error","service":"vendorlink-api","timestamp":"2026-02-26T04:33:23.187Z"}
{"error":"","level":"error","message":"Redis connection error","service":"vendorlink-api","timestamp":"2026-02-26T04:33:23.703Z"}
{"error":"","level":"error","message":"Redis connection error","service":"vendorlink-api","timestamp":"2026-02-26T04:33:24.219Z"}
{"error":"","level":"error","message":"Redis connection error","service":"vendorlink-api","timestamp":"2026-02-26T04:33:24.736Z"}
{"error":"","level":"error","message":"Redis connection error","service":"vendorlink-api","timestamp":"2026-02-26T04:33:25.253Z"}
{"error":"","level":"error","message":"Redis connection error","service":"vendorlink-api","timestamp":"2026-02-26T04:33:25.769Z"}
{"error":"","level":"error","message":"Redis connection error","service":"vendorlink-api","timestamp":"2026-02-26T04:33:26.286Z"}
{"error":"","level":"error","message":"Redis connection error","service":"vendorlink-api","timestamp":"2026-02-26T04:33:26.788Z"}
{"error":"","level":"error","message":"Redis connection error","service":"vendorlink-api","timestamp":"2026-02-26T04:33:27.293Z"}
{"error":"","level":"error","message":"Redis connection error","service":"vendorlink-api","timestamp":"2026-02-26T04:33:27.811Z"}
{"error":"","level":"error","message":"Redis connection error","service":"vendorlink-api","timestamp":"2026-02-26T04:33:28.326Z"}
{"error":"","level":"error","message":"Redis connection error","service":"vendorlink-api","timestamp":"2026-02-26T04:33:28.841Z"}
{"error":"","level":"error","message":"Redis connection error","service":"vendorlink-api","timestamp":"2026-02-26T04:33:29.358Z"}
{"error":"","level":"error","message":"Redis connection error","service":"vendorlink-api","timestamp":"2026-02-26T04:33:29.874Z"}
{"error":"","level":"error","message":"Redis connection error","service":"vendorlink-api","timestamp":"2026-02-26T04:33:30.391Z"}
{"error":"","level":"error","message":"Redis connection error","service":"vendorlink-api","timestamp":"2026-02-26T04:33:30.906Z"}
{"error":"","level":"error","message":"Redis connection error","service":"vendorlink-api","timestamp":"2026-02-26T04:33:31.419Z"}
{"error":"","level":"error","message":"Redis connection error","service":"vendorlink-api","timestamp":"2026-02-26T04:33:31.922Z"}
{"error":"","level":"error","message":"Redis connection error","service":"vendorlink-api","timestamp":"2026-02-26T04:33:32.438Z"}
{"error":"","level":"error","message":"Redis connection error","service":"vendorlink-api","timestamp":"2026-02-26T04:33:32.940Z"}
{"error":"","level":"error","message":"Redis connection error","service":"vendorlink-api","timestamp":"2026-02-26T04:33:33.458Z"}
{"error":"","level":"error","message":"Redis connection error","service":"vendorlink-api","timestamp":"2026-02-26T04:33:33.974Z"}
{"error":"","level":"error","message":"Redis connection error","service":"vendorlink-api","timestamp":"2026-02-26T04:33:34.491Z"}
{"error":"","level":"error","message":"Redis connection error","service":"vendorlink-api","timestamp":"2026-02-26T04:33:35.004Z"}
{"error":"","level":"error","message":"Redis connection error","service":"vendorlink-api","timestamp":"2026-02-26T04:33:35.522Z"}
{"error":"","level":"error","message":"Redis connection error","service":"vendorlink-api","timestamp":"2026-02-26T04:33:36.039Z"}
{"error":"","level":"error","message":"Redis connection error","service":"vendorlink-api","timestamp":"2026-02-26T04:33:36.557Z"}
{"error":"","level":"error","message":"Redis connection error","service":"vendorlink-api","timestamp":"2026-02-26T04:33:37.072Z"}
{"error":"","level":"error","message":"Redis connection error","service":"vendorlink-api","timestamp":"2026-02-26T04:33:37.587Z"}
{"error":"","level":"error","message":"Redis connection error","service":"vendorlink-api","timestamp":"2026-02-26T04:33:38.103Z"}
{"error":"","level":"error","message":"Redis connection error","service":"vendorlink-api","timestamp":"2026-02-26T04:33:38.617Z"}
{"error":"","level":"error","message":"Redis connection error","service":"vendorlink-api","timestamp":"2026-02-26T04:33:39.122Z"}
{"error":"","level":"error","message":"Redis connection error","service":"vendorlink-api","timestamp":"2026-02-26T04:33:39.638Z"}
{"error":"","level":"error","message":"Redis connection error","service":"vendorlink-api","timestamp":"2026-02-26T04:33:40.153Z"}
{"error":"","level":"error","message":"Redis connection error","service":"vendorlink-api","timestamp":"2026-02-26T04:33:40.668Z"}
{"error":"","level":"error","message":"Redis connection error","service":"vendorlink-api","timestamp":"2026-02-26T04:33:41.184Z"}
{"error":"","level":"error","message":"Redis connection error","service":"vendorlink-api","timestamp":"2026-02-26T04:33:41.701Z"}
{"error":"","level":"error","message":"Redis connection error","service":"vendorlink-api","timestamp":"2026-02-26T04:33:42.204Z"}
{"error":"","level":"error","message":"Redis connection error","service":"vendorlink-api","timestamp":"2026-02-26T04:33:42.708Z"}
{"error":"","level":"error","message":"Redis connection error","service":"vendorlink-api","timestamp":"2026-02-26T04:33:43.225Z"}
{"error":"","level":"error","message":"Redis connection error","service":"vendorlink-api","timestamp":"2026-02-26T04:33:43.740Z"}
{"error":"","level":"error","message":"Redis connection error","service":"vendorlink-api","timestamp":"2026-02-26T04:33:44.244Z"}
{"error":"","level":"error","message":"Redis connection error","service":"vendorlink-api","timestamp":"2026-02-26T04:33:44.761Z"}
{"error":"","level":"error","message":"Redis connection error","service":"vendorlink-api","timestamp":"2026-02-26T04:33:45.276Z"}
{"error":"","level":"error","message":"Redis connection error","service":"vendorlink-api","timestamp":"2026-02-26T04:33:45.793Z"}
{"error":"","level":"error","message":"Redis connection error","service":"vendorlink-api","timestamp":"2026-02-26T04:33:46.303Z"}
{"error":"","level":"error","message":"Redis connection error","service":"vendorlink-api","timestamp":"2026-02-26T04:33:46.806Z"}
{"error":"","level":"error","message":"Redis connection error","service":"vendorlink-api","timestamp":"2026-02-26T04:33:47.319Z"}
{"error":"","level":"error","message":"Redis connection error","service":"vendorlink-api","timestamp":"2026-02-26T04:33:47.822Z"}
{"error":"","level":"error","message":"Redis connection error","service":"vendorlink-api","timestamp":"2026-02-26T04:33:48.325Z"}
{"error":"","level":"error","message":"Redis connection error","service":"vendorlink-api","timestamp":"2026-02-26T04:33:48.841Z"}
{"error":"","level":"error","message":"Redis connection error","service":"vendorlink-api","timestamp":"2026-02-26T04:33:49.355Z"}
{"error":"","level":"error","message":"Redis connection error","service":"vendorlink-api","timestamp":"2026-02-26T04:33:49.871Z"}
{"error":"","level":"error","message":"Redis connection error","service":"vendorlink-api","timestamp":"2026-02-26T04:33:50.384Z"}
{"error":"","level":"error","message":"Redis connection error","service":"vendorlink-api","timestamp":"2026-02-26T04:33:50.888Z"}
{"error":"","level":"error","message":"Redis connection error","service":"vendorlink-api","timestamp":"2026-02-26T04:33:51.405Z"}
{"error":"","level":"error","message":"Redis connection error","service":"vendorlink-api","timestamp":"2026-02-26T04:33:51.921Z"}
{"error":"","level":"error","message":"Redis connection error","service":"vendorlink-api","timestamp":"2026-02-26T04:33:52.426Z"}
{"error":"","level":"error","message":"Redis connection error","service":"vendorlink-api","timestamp":"2026-02-26T04:33:52.940Z"}
{"error":"","level":"error","message":"Redis connection error","service":"vendorlink-api","timestamp":"2026-02-26T04:33:53.459Z"}
{"error":"","level":"error","message":"Redis connection error","service":"vendorlink-api","timestamp":"2026-02-26T04:33:53.976Z"}
{"error":"","level":"error","message":"Redis connection error","service":"vendorlink-api","timestamp":"2026-02-26T04:33:54.493Z"}
{"error":"","level":"error","message":"Redis connection error","service":"vendorlink-api","timestamp":"2026-02-26T04:33:55.008Z"}
{"error":"","level":"error","message":"Redis connection error","service":"vendorlink-api","timestamp":"2026-02-26T04:33:55.523Z"}
{"error":"","level":"error","message":"Redis connection error","service":"vendorlink-api","timestamp":"2026-02-26T04:33:56.037Z"}
{"error":"","level":"error","message":"Redis connection error","service":"vendorlink-api","timestamp":"2026-02-26T04:33:56.555Z"}
{"error":"","level":"error","message":"Redis connection error","service":"vendorlink-api","timestamp":"2026-02-26T04:33:57.072Z"}
{"error":"","level":"error","message":"Redis connection error","service":"vendorlink-api","timestamp":"2026-02-26T04:33:57.583Z"}
{"error":"","level":"error","message":"Redis connection error","service":"vendorlink-api","timestamp":"2026-02-26T04:33:58.100Z"}
{"error":"","level":"error","message":"Redis connection error","service":"vendorlink-api","timestamp":"2026-02-26T04:33:58.604Z"}
{"error":"","level":"error","message":"Redis connection error","service":"vendorlink-api","timestamp":"2026-02-26T04:33:59.121Z"}
{"error":"","level":"error","message":"Redis connection error","service":"vendorlink-api","timestamp":"2026-02-26T04:33:59.635Z"}
{"error":"","level":"error","message":"Redis connection error","service":"vendorlink-api","timestamp":"2026-02-26T04:34:00.137Z"}
{"error":"","level":"error","message":"Redis connection error","service":"vendorlink-api","timestamp":"2026-02-26T04:34:00.653Z"}
{"error":"","level":"error","message":"Redis connection error","service":"vendorlink-api","timestamp":"2026-02-26T04:34:01.158Z"}
{"error":"","level":"error","message":"Redis connection error","service":"vendorlink-api","timestamp":"2026-02-26T04:34:01.673Z"}
{"error":"","level":"error","message":"Redis connection error","service":"vendorlink-api","timestamp":"2026-02-26T04:34:02.189Z"}
{"error":"","level":"error","message":"Redis connection error","service":"vendorlink-api","timestamp":"2026-02-26T04:34:02.695Z"}
{"error":"","level":"error","message":"Redis connection error","service":"vendorlink-api","timestamp":"2026-02-26T04:34:03.212Z"}
{"error":"","level":"error","message":"Redis connection error","service":"vendorlink-api","timestamp":"2026-02-26T04:34:03.729Z"}
{"error":"","level":"error","message":"Redis connection error","service":"vendorlink-api","timestamp":"2026-02-26T04:34:04.245Z"}
{"error":"","level":"error","message":"Redis connection error","service":"vendorlink-api","timestamp":"2026-02-26T04:34:04.761Z"}
{"error":"","level":"error","message":"Redis connection error","service":"vendorlink-api","timestamp":"2026-02-26T04:34:05.274Z"}
{"error":"","level":"error","message":"Redis connection error","service":"vendorlink-api","timestamp":"2026-02-26T04:34:05.791Z"}
{"error":"","level":"error","message":"Redis connection error","service":"vendorlink-api","timestamp":"2026-02-26T04:34:06.295Z"}
{"error":"","level":"error","message":"Redis connection error","service":"vendorlink-api","timestamp":"2026-02-26T04:34:06.798Z"}
{"error":"","level":"error","message":"Redis connection error","service":"vendorlink-api","timestamp":"2026-02-26T04:34:07.304Z"}
{"error":"","level":"error","message":"Redis connection error","service":"vendorlink-api","timestamp":"2026-02-26T04:34:07.808Z"}
{"error":"","level":"error","message":"Redis connection error","service":"vendorlink-api","timestamp":"2026-02-26T04:34:08.312Z"}
{"error":"","level":"error","message":"Redis connection error","service":"vendorlink-api","timestamp":"2026-02-26T04:34:08.816Z"}
{"error":"","level":"error","message":"Redis connection error","service":"vendorlink-api","timestamp":"2026-02-26T04:34:09.331Z"}
{"error":"","level":"error","message":"Redis connection error","service":"vendorlink-api","timestamp":"2026-02-26T04:34:09.845Z"}
{"error":"","level":"error","message":"Redis connection error","service":"vendorlink-api","timestamp":"2026-02-26T04:34:10.359Z"}
{"error":"","level":"error","message":"Redis connection error","service":"vendorlink-api","timestamp":"2026-02-26T04:34:10.875Z"}
{"error":"","level":"error","message":"Redis connection error","service":"vendorlink-api","timestamp":"2026-02-26T04:34:11.393Z"}
{"error":"","level":"error","message":"Redis connection error","service":"vendorlink-api","timestamp":"2026-02-26T04:34:11.911Z"}
{"error":"","level":"error","message":"Redis connection error","service":"vendorlink-api","timestamp":"2026-02-26T04:34:12.427Z"}
{"error":"","level":"error","message":"Redis connection error","service":"vendorlink-api","timestamp":"2026-02-26T04:34:12.928Z"}
{"error":"","level":"error","message":"Redis connection error","service":"vendorlink-api","timestamp":"2026-02-26T04:34:13.432Z"}
{"error":"","level":"error","message":"Redis connection error","service":"vendorlink-api","timestamp":"2026-02-26T04:34:13.948Z"}
{"error":"","level":"error","message":"Redis connection error","service":"vendorlink-api","timestamp":"2026-02-26T04:34:14.450Z"}
{"error":"","level":"error","message":"Redis connection error","service":"vendorlink-api","timestamp":"2026-02-26T04:34:14.967Z"}
{"error":"","level":"error","message":"Redis connection error","service":"vendorlink-api","timestamp":"2026-02-26T04:34:15.470Z"}
{"error":"","level":"error","message":"Redis connection error","service":"vendorlink-api","timestamp":"2026-02-26T04:34:15.988Z"}
{"error":"","level":"error","message":"Redis connection error","service":"vendorlink-api","timestamp":"2026-02-26T04:34:16.506Z"}
{"error":"","level":"error","message":"Redis connection error","service":"vendorlink-api","timestamp":"2026-02-26T04:34:17.020Z"}
{"error":"","level":"error","message":"Redis connection error","service":"vendorlink-api","timestamp":"2026-02-26T04:34:17.524Z"}
{"error":"","level":"error","message":"Redis connection error","service":"vendorlink-api","timestamp":"2026-02-26T04:34:18.027Z"}
{"error":"","level":"error","message":"Redis connection error","service":"vendorlink-api","timestamp":"2026-02-26T04:34:18.531Z"}
{"error":"","level":"error","message":"Redis connection error","service":"vendorlink-api","timestamp":"2026-02-26T04:34:19.035Z"}
{"error":"","level":"error","message":"Redis connection error","service":"vendorlink-api","timestamp":"2026-02-26T04:34:19.538Z"}
{"error":"","level":"error","message":"Redis connection error","service":"vendorlink-api","timestamp":"2026-02-26T04:34:20.043Z"}
{"error":"","level":"error","message":"Redis connection error","service":"vendorlink-api","timestamp":"2026-02-26T04:34:20.545Z"}
{"error":"","level":"error","message":"Redis connection error","service":"vendorlink-api","timestamp":"2026-02-26T04:34:21.062Z"}
{"error":"","level":"error","message":"Redis connection error","service":"vendorlink-api","timestamp":"2026-02-26T04:34:21.567Z"}
{"error":"","level":"error","message":"Redis connection error","service":"vendorlink-api","timestamp":"2026-02-26T04:34:22.083Z"}
{"error":"","level":"error","message":"Redis connection error","service":"vendorlink-api","timestamp":"2026-02-26T04:34:22.599Z"}
{"error":"","level":"error","message":"Redis connection error","service":"vendorlink-api","timestamp":"2026-02-26T04:34:23.117Z"}
{"error":"","level":"error","message":"Redis connection error","service":"vendorlink-api","timestamp":"2026-02-26T04:34:23.634Z"}
{"error":"","level":"error","message":"Redis connection error","service":"vendorlink-api","timestamp":"2026-02-26T04:34:24.151Z"}
{"error":"","level":"error","message":"Redis connection error","service":"vendorlink-api","timestamp":"2026-02-26T04:34:24.665Z"}
{"error":"","level":"error","message":"Redis connection error","service":"vendorlink-api","timestamp":"2026-02-26T04:34:25.178Z"}
{"error":"","level":"error","message":"Redis connection error","service":"vendorlink-api","timestamp":"2026-02-26T04:34:25.695Z"}
{"error":"","level":"error","message":"Redis connection error","service":"vendorlink-api","timestamp":"2026-02-26T04:34:26.211Z"}
{"error":"","level":"error","message":"Redis connection error","service":"vendorlink-api","timestamp":"2026-02-26T04:34:26.713Z"}
{"error":"","level":"error","message":"Redis connection error","service":"vendorlink-api","timestamp":"2026-02-26T04:34:27.229Z"}
{"error":"","level":"error","message":"Redis connection error","service":"vendorlink-api","timestamp":"2026-02-26T04:34:27.744Z"}
{"error":"","level":"error","message":"Redis connection error","service":"vendorlink-api","timestamp":"2026-02-26T04:34:28.259Z"}
{"error":"","level":"error","message":"Redis connection error","service":"vendorlink-api","timestamp":"2026-02-26T04:34:28.775Z"}
{"error":"","level":"error","message":"Redis connection error","service":"vendorlink-api","timestamp":"2026-02-26T04:34:29.288Z"}
{"error":"","level":"error","message":"Redis connection error","service":"vendorlink-api","timestamp":"2026-02-26T04:34:29.806Z"}
{"error":"","level":"error","message":"Redis connection error","service":"vendorlink-api","timestamp":"2026-02-26T04:34:30.312Z"}
{"error":"","level":"error","message":"Redis connection error","service":"vendorlink-api","timestamp":"2026-02-26T04:34:30.825Z"}
{"error":"","level":"error","message":"Redis connection error","service":"vendorlink-api","timestamp":"2026-02-26T04:34:31.340Z"}
{"error":"","level":"error","message":"Redis connection error","service":"vendorlink-api","timestamp":"2026-02-26T04:34:31.854Z"}
{"error":"","level":"error","message":"Redis connection error","service":"vendorlink-api","timestamp":"2026-02-26T04:34:32.368Z"}
{"error":"","level":"error","message":"Redis connection error","service":"vendorlink-api","timestamp":"2026-02-26T04:34:32.885Z"}
{"error":"","level":"error","message":"Redis connection error","service":"vendorlink-api","timestamp":"2026-02-26T04:34:33.388Z"}
{"error":"","level":"error","message":"Redis connection error","service":"vendorlink-api","timestamp":"2026-02-26T04:34:33.906Z"}
{"error":"","level":"error","message":"Redis connection error","service":"vendorlink-api","timestamp":"2026-02-26T04:34:34.410Z"}
{"error":"","level":"error","message":"Redis connection error","service":"vendorlink-api","timestamp":"2026-02-26T04:34:34.925Z"}
{"error":"","level":"error","message":"Redis connection error","service":"vendorlink-api","timestamp":"2026-02-26T04:34:35.429Z"}
{"error":"","level":"error","message":"Redis connection error","service":"vendorlink-api","timestamp":"2026-02-26T04:34:35.944Z"}
{"error":"","level":"error","message":"Redis connection error","service":"vendorlink-api","timestamp":"2026-02-26T04:34:36.460Z"}
{"error":"","level":"error","message":"Redis connection error","service":"vendorlink-api","timestamp":"2026-02-26T04:34:36.965Z"}
{"error":"","level":"error","message":"Redis connection error","service":"vendorlink-api","timestamp":"2026-02-26T04:34:37.472Z"}
{"error":"","level":"error","message":"Redis connection error","service":"vendorlink-api","timestamp":"2026-02-26T04:34:37.989Z"}
{"error":"","level":"error","message":"Redis connection error","service":"vendorlink-api","timestamp":"2026-02-26T04:34:38.506Z"}
{"error":"","level":"error","message":"Redis connection error","service":"vendorlink-api","timestamp":"2026-02-26T04:34:39.010Z"}
{"error":"","level":"error","message":"Redis connection error","service":"vendorlink-api","timestamp":"2026-02-26T04:34:39.512Z"}
{"error":"","level":"error","message":"Redis connection error","service":"vendorlink-api","timestamp":"2026-02-26T04:34:40.017Z"}
{"error":"","level":"error","message":"Redis connection error","service":"vendorlink-api","timestamp":"2026-02-26T04:34:40.525Z"}
{"error":"","level":"error","message":"Redis connection error","service":"vendorlink-api","timestamp":"2026-02-26T04:34:41.042Z"}
{"error":"","level":"error","message":"Redis connection error","service":"vendorlink-api","timestamp":"2026-02-26T04:34:41.557Z"}
{"error":"","level":"error","message":"Redis connection error","service":"vendorlink-api","timestamp":"2026-02-26T04:34:42.060Z"}
{"error":"","level":"error","message":"Redis connection error","service":"vendorlink-api","timestamp":"2026-02-26T04:34:42.565Z"}
{"error":"","level":"error","message":"Redis connection error","service":"vendorlink-api","timestamp":"2026-02-26T04:34:43.068Z"}
{"error":"","level":"error","message":"Redis connection error","service":"vendorlink-api","timestamp":"2026-02-26T04:34:43.574Z"}
{"error":"","level":"error","message":"Redis connection error","service":"vendorlink-api","timestamp":"2026-02-26T04:34:44.090Z"}
{"error":"","level":"error","message":"Redis connection error","service":"vendorlink-api","timestamp":"2026-02-26T04:34:44.594Z"}
{"error":"","level":"error","message":"Redis connection error","service":"vendorlink-api","timestamp":"2026-02-26T04:34:45.096Z"}
{"error":"","level":"error","message":"Redis connection error","service":"vendorlink-api","timestamp":"2026-02-26T04:34:45.605Z"}
{"error":"","level":"error","message":"Redis connection error","service":"vendorlink-api","timestamp":"2026-02-26T04:34:46.112Z"}
{"error":"","level":"error","message":"Redis connection error","service":"vendorlink-api","timestamp":"2026-02-26T04:34:46.616Z"}
{"error":"","level":"error","message":"Redis connection error","service":"vendorlink-api","timestamp":"2026-02-26T04:34:47.119Z"}
{"error":"","level":"error","message":"Redis connection error","service":"vendorlink-api","timestamp":"2026-02-26T04:34:47.629Z"}
{"error":"","level":"error","message":"Redis connection error","service":"vendorlink-api","timestamp":"2026-02-26T04:34:48.137Z"}
{"error":"","level":"error","message":"Redis connection error","service":"vendorlink-api","timestamp":"2026-02-26T04:34:48.645Z"}
{"error":"","level":"error","message":"Redis connection error","service":"vendorlink-api","timestamp":"2026-02-26T04:34:49.162Z"}
{"error":"","level":"error","message":"Redis connection error","service":"vendorlink-api","timestamp":"2026-02-26T04:34:49.678Z"}
{"error":"","level":"error","message":"Redis connection error","service":"vendorlink-api","timestamp":"2026-02-26T04:34:50.194Z"}
{"error":"","level":"error","message":"Redis connection error","service":"vendorlink-api","timestamp":"2026-02-26T04:34:50.696Z"}
{"error":"","level":"error","message":"Redis connection error","service":"vendorlink-api","timestamp":"2026-02-26T04:34:51.211Z"}
{"error":"","level":"error","message":"Redis connection error","service":"vendorlink-api","timestamp":"2026-02-26T04:34:51.729Z"}
{"error":"","level":"error","message":"Redis connection error","service":"vendorlink-api","timestamp":"2026-02-26T04:34:52.242Z"}
{"error":"","level":"error","message":"Redis connection error","service":"vendorlink-api","timestamp":"2026-02-26T04:34:52.754Z"}
{"error":"","level":"error","message":"Redis connection error","service":"vendorlink-api","timestamp":"2026-02-26T04:34:53.262Z"}
{"error":"","level":"error","message":"Redis connection error","service":"vendorlink-api","timestamp":"2026-02-26T04:34:53.779Z"}
{"error":"","level":"error","message":"Redis connection error","service":"vendorlink-api","timestamp":"2026-02-26T04:34:54.294Z"}
{"error":"","level":"error","message":"Redis connection error","service":"vendorlink-api","timestamp":"2026-02-26T04:34:54.808Z"}
{"error":"","level":"error","message":"Redis connection error","service":"vendorlink-api","timestamp":"2026-02-26T04:34:55.324Z"}
{"error":"","level":"error","message":"Redis connection error","service":"vendorlink-api","timestamp":"2026-02-26T04:34:55.829Z"}
{"error":"","level":"error","message":"Redis connection error","service":"vendorlink-api","timestamp":"2026-02-26T04:34:56.346Z"}
{"error":"","level":"error","message":"Redis connection error","service":"vendorlink-api","timestamp":"2026-02-26T04:34:56.863Z"}
{"error":"","level":"error","message":"Redis connection error","service":"vendorlink-api","timestamp":"2026-02-26T04:34:57.376Z"}
{"error":"","level":"error","message":"Redis connection error","service":"vendorlink-api","timestamp":"2026-02-26T04:34:57.881Z"}
{"error":"","level":"error","message":"Redis connection error","service":"vendorlink-api","timestamp":"2026-02-26T04:34:58.398Z"}
{"error":"","level":"error","message":"Redis connection error","service":"vendorlink-api","timestamp":"2026-02-26T04:34:58.902Z"}
{"error":"","level":"error","message":"Redis connection error","service":"vendorlink-api","timestamp":"2026-02-26T04:34:59.416Z"}
{"error":"","level":"error","message":"Redis connection error","service":"vendorlink-api","timestamp":"2026-02-26T04:34:59.919Z"}
{"error":"","level":"error","message":"Redis connection error","service":"vendorlink-api","timestamp":"2026-02-26T04:35:00.435Z"}
{"error":"","level":"error","message":"Redis connection error","service":"vendorlink-api","timestamp":"2026-02-26T04:35:00.937Z"}
{"error":"","level":"error","message":"Redis connection error","service":"vendorlink-api","timestamp":"2026-02-26T04:35:01.453Z"}
{"error":"","level":"error","message":"Redis connection error","service":"vendorlink-api","timestamp":"2026-02-26T04:35:01.968Z"}
{"error":"","level":"error","message":"Redis connection error","service":"vendorlink-api","timestamp":"2026-02-26T04:35:02.481Z"}
{"error":"","level":"error","message":"Redis connection error","service":"vendorlink-api","timestamp":"2026-02-26T04:35:02.996Z"}
{"error":"","level":"error","message":"Redis connection error","service":"vendorlink-api","timestamp":"2026-02-26T04:35:03.499Z"}
{"error":"","level":"error","message":"Redis connection error","service":"vendorlink-api","timestamp":"2026-02-26T04:35:04.005Z"}
{"error":"","level":"error","message":"Redis connection error","service":"vendorlink-api","timestamp":"2026-02-26T04:35:04.510Z"}
{"error":"time is not defined","level":"error","message":"❌ Uncaught Exception:","service":"vendorlink-api","timestamp":"2026-02-26T04:35:04.779Z"}
{"level":"info","message":"🚀 Starting VendorLink Server...","service":"vendorlink-api","timestamp":"2026-02-26T04:38:35.854Z"}
{"level":"warn","message":"⚠️  Email credentials not configured - email service disabled","service":"vendorlink-api","timestamp":"2026-02-26T04:38:35.882Z"}
{"level":"info","message":"✅ Core services initialized","service":"vendorlink-api","timestamp":"2026-02-26T04:38:35.883Z"}
{"level":"info","message":"\n╔════════════════════════════════════════╗","service":"vendorlink-api","timestamp":"2026-02-26T04:38:35.930Z"}
{"level":"info","message":"║  ✔ VendorLink Server Running           ║","service":"vendorlink-api","timestamp":"2026-02-26T04:38:35.931Z"}
{"level":"info","message":"║  Port: 5000                              ║","service":"vendorlink-api","timestamp":"2026-02-26T04:38:35.932Z"}
{"level":"info","message":"║  Socket.IO: Enabled                    ║","service":"vendorlink-api","timestamp":"2026-02-26T04:38:35.933Z"}
{"level":"info","message":"║  Notifications: Active                 ║","service":"vendorlink-api","timestamp":"2026-02-26T04:38:35.933Z"}
{"level":"info","message":"║  API Docs: http://localhost:5000/api-docs   ║","service":"vendorlink-api","timestamp":"2026-02-26T04:38:35.934Z"}
{"level":"info","message":"╚════════════════════════════════════════╝\n","service":"vendorlink-api","timestamp":"2026-02-26T04:38:35.935Z"}
{"error":"","level":"error","message":"Redis connection error","service":"vendorlink-api","timestamp":"2026-02-26T04:38:35.958Z"}
{"error":"","level":"error","message":"Redis connection error","service":"vendorlink-api","timestamp":"2026-02-26T04:38:35.977Z"}
{"error":"","level":"error","message":"Redis connection error","service":"vendorlink-api","timestamp":"2026-02-26T04:38:36.045Z"}
{"error":"","level":"error","message":"Redis connection error","service":"vendorlink-api","timestamp":"2026-02-26T04:38:36.165Z"}
{"error":"","level":"error","message":"Redis connection error","service":"vendorlink-api","timestamp":"2026-02-26T04:38:36.322Z"}
{"error":"","level":"error","message":"Redis connection error","service":"vendorlink-api","timestamp":"2026-02-26T04:38:36.529Z"}
{"error":"","level":"error","message":"Redis connection error","service":"vendorlink-api","timestamp":"2026-02-26T04:38:36.784Z"}
{"error":"","level":"error","message":"Redis connection error","service":"vendorlink-api","timestamp":"2026-02-26T04:38:37.101Z"}
{"error":"","level":"error","message":"Redis connection error","service":"vendorlink-api","timestamp":"2026-02-26T04:38:37.459Z"}
{"error":"","level":"error","message":"Redis connection error","service":"vendorlink-api","timestamp":"2026-02-26T04:38:37.871Z"}
{"error":"","level":"error","message":"Redis connection error","service":"vendorlink-api","timestamp":"2026-02-26T04:38:38.339Z"}
{"error":"","level":"error","message":"Redis connection error","service":"vendorlink-api","timestamp":"2026-02-26T04:38:38.853Z"}
{"error":"","level":"error","message":"Redis connection error","service":"vendorlink-api","timestamp":"2026-02-26T04:38:39.358Z"}
{"error":"","level":"error","message":"Redis connection error","service":"vendorlink-api","timestamp":"2026-02-26T04:38:39.862Z"}
{"error":"","level":"error","message":"Redis connection error","service":"vendorlink-api","timestamp":"2026-02-26T04:38:40.364Z"}
{"error":"","level":"error","message":"Redis connection error","service":"vendorlink-api","timestamp":"2026-02-26T04:38:40.869Z"}
{"error":"","level":"error","message":"Redis connection error","service":"vendorlink-api","timestamp":"2026-02-26T04:38:41.385Z"}
{"error":"","level":"error","message":"Redis connection error","service":"vendorlink-api","timestamp":"2026-02-26T04:38:41.900Z"}
{"error":"","level":"error","message":"Redis connection error","service":"vendorlink-api","timestamp":"2026-02-26T04:38:42.413Z"}
{"error":"","level":"error","message":"Redis connection error","service":"vendorlink-api","timestamp":"2026-02-26T04:38:42.917Z"}
{"error":"","level":"error","message":"Redis connection error","service":"vendorlink-api","timestamp":"2026-02-26T04:38:43.429Z"}
{"error":"","level":"error","message":"Redis connection error","service":"vendorlink-api","timestamp":"2026-02-26T04:38:43.931Z"}
{"error":"","level":"error","message":"Redis connection error","service":"vendorlink-api","timestamp":"2026-02-26T04:38:44.446Z"}
{"error":"","level":"error","message":"Redis connection error","service":"vendorlink-api","timestamp":"2026-02-26T04:38:44.963Z"}
{"error":"","level":"error","message":"Redis connection error","service":"vendorlink-api","timestamp":"2026-02-26T04:38:45.477Z"}
{"error":"","level":"error","message":"Redis connection error","service":"vendorlink-api","timestamp":"2026-02-26T04:38:45.979Z"}
{"error":"","level":"error","message":"Redis connection error","service":"vendorlink-api","timestamp":"2026-02-26T04:38:46.494Z"}
{"error":"","level":"error","message":"Redis connection error","service":"vendorlink-api","timestamp":"2026-02-26T04:38:47.006Z"}
{"error":"","level":"error","message":"Redis connection error","service":"vendorlink-api","timestamp":"2026-02-26T04:38:47.525Z"}
{"error":"","level":"error","message":"Redis connection error","service":"vendorlink-api","timestamp":"2026-02-26T04:38:48.042Z"}
{"error":"","level":"error","message":"Redis connection error","service":"vendorlink-api","timestamp":"2026-02-26T04:38:48.558Z"}
{"error":"","level":"error","message":"Redis connection error","service":"vendorlink-api","timestamp":"2026-02-26T04:38:49.071Z"}
{"error":"","level":"error","message":"Redis connection error","service":"vendorlink-api","timestamp":"2026-02-26T04:38:49.573Z"}
{"error":"","level":"error","message":"Redis connection error","service":"vendorlink-api","timestamp":"2026-02-26T04:38:50.075Z"}
{"error":"","level":"error","message":"Redis connection error","service":"vendorlink-api","timestamp":"2026-02-26T04:38:50.592Z"}
{"error":"","level":"error","message":"Redis connection error","service":"vendorlink-api","timestamp":"2026-02-26T04:38:51.108Z"}
{"error":"","level":"error","message":"Redis connection error","service":"vendorlink-api","timestamp":"2026-02-26T04:38:51.623Z"}
{"error":"","level":"error","message":"Redis connection error","service":"vendorlink-api","timestamp":"2026-02-26T04:38:52.136Z"}
{"error":"","level":"error","message":"Redis connection error","service":"vendorlink-api","timestamp":"2026-02-26T04:38:52.654Z"}
{"error":"","level":"error","message":"Redis connection error","service":"vendorlink-api","timestamp":"2026-02-26T04:38:53.158Z"}
{"error":"","level":"error","message":"Redis connection error","service":"vendorlink-api","timestamp":"2026-02-26T04:38:53.660Z"}
{"error":"","level":"error","message":"Redis connection error","service":"vendorlink-api","timestamp":"2026-02-26T04:38:54.176Z"}
{"error":"","level":"error","message":"Redis connection error","service":"vendorlink-api","timestamp":"2026-02-26T04:38:54.694Z"}
{"error":"","level":"error","message":"Redis connection error","service":"vendorlink-api","timestamp":"2026-02-26T04:38:55.210Z"}
{"error":"","level":"error","message":"Redis connection error","service":"vendorlink-api","timestamp":"2026-02-26T04:38:55.724Z"}
{"error":"","level":"error","message":"Redis connection error","service":"vendorlink-api","timestamp":"2026-02-26T04:38:56.239Z"}
{"error":"","level":"error","message":"Redis connection error","service":"vendorlink-api","timestamp":"2026-02-26T04:38:56.753Z"}
{"error":"","level":"error","message":"Redis connection error","service":"vendorlink-api","timestamp":"2026-02-26T04:38:57.272Z"}
{"error":"","level":"error","message":"Redis connection error","service":"vendorlink-api","timestamp":"2026-02-26T04:38:57.787Z"}
{"error":"","level":"error","message":"Redis connection error","service":"vendorlink-api","timestamp":"2026-02-26T04:38:58.290Z"}
{"error":"","level":"error","message":"Redis connection error","service":"vendorlink-api","timestamp":"2026-02-26T04:38:58.804Z"}
{"error":"","level":"error","message":"Redis connection error","service":"vendorlink-api","timestamp":"2026-02-26T04:38:59.320Z"}
{"error":"","level":"error","message":"Redis connection error","service":"vendorlink-api","timestamp":"2026-02-26T04:38:59.837Z"}
{"error":"","level":"error","message":"Redis connection error","service":"vendorlink-api","timestamp":"2026-02-26T04:39:00.350Z"}
{"error":"","level":"error","message":"Redis connection error","service":"vendorlink-api","timestamp":"2026-02-26T04:39:00.868Z"}
{"error":"","level":"error","message":"Redis connection error","service":"vendorlink-api","timestamp":"2026-02-26T04:39:01.383Z"}
{"error":"","level":"error","message":"Redis connection error","service":"vendorlink-api","timestamp":"2026-02-26T04:39:01.899Z"}
{"error":"","level":"error","message":"Redis connection error","service":"vendorlink-api","timestamp":"2026-02-26T04:39:02.401Z"}
{"error":"","level":"error","message":"Redis connection error","service":"vendorlink-api","timestamp":"2026-02-26T04:39:02.915Z"}
{"error":"","level":"error","message":"Redis connection error","service":"vendorlink-api","timestamp":"2026-02-26T04:39:03.432Z"}
{"error":"","level":"error","message":"Redis connection error","service":"vendorlink-api","timestamp":"2026-02-26T04:39:03.935Z"}
{"error":"","level":"error","message":"Redis connection error","service":"vendorlink-api","timestamp":"2026-02-26T04:39:04.450Z"}
{"error":"","level":"error","message":"Redis connection error","service":"vendorlink-api","timestamp":"2026-02-26T04:39:04.963Z"}
{"error":"","level":"error","message":"Redis connection error","service":"vendorlink-api","timestamp":"2026-02-26T04:39:05.479Z"}
{"error":"","level":"error","message":"Redis connection error","service":"vendorlink-api","timestamp":"2026-02-26T04:39:06.008Z"}
{"error":"","level":"error","message":"Redis connection error","service":"vendorlink-api","timestamp":"2026-02-26T04:39:06.524Z"}
{"error":"","level":"error","message":"Redis connection error","service":"vendorlink-api","timestamp":"2026-02-26T04:39:07.040Z"}
{"error":"","level":"error","message":"Redis connection error","service":"vendorlink-api","timestamp":"2026-02-26T04:39:07.554Z"}
{"error":"","level":"error","message":"Redis connection error","service":"vendorlink-api","timestamp":"2026-02-26T04:39:08.066Z"}
{"error":"","level":"error","message":"Redis connection error","service":"vendorlink-api","timestamp":"2026-02-26T04:39:08.580Z"}
{"error":"","level":"error","message":"Redis connection error","service":"vendorlink-api","timestamp":"2026-02-26T04:39:09.095Z"}
{"error":"","level":"error","message":"Redis connection error","service":"vendorlink-api","timestamp":"2026-02-26T04:39:09.610Z"}
{"error":"","level":"error","message":"Redis connection error","service":"vendorlink-api","timestamp":"2026-02-26T04:39:10.112Z"}
{"error":"","level":"error","message":"Redis connection error","service":"vendorlink-api","timestamp":"2026-02-26T04:39:10.628Z"}
{"error":"","level":"error","message":"Redis connection error","service":"vendorlink-api","timestamp":"2026-02-26T04:39:11.144Z"}
{"error":"","level":"error","message":"Redis connection error","service":"vendorlink-api","timestamp":"2026-02-26T04:39:11.661Z"}
{"error":"","level":"error","message":"Redis connection error","service":"vendorlink-api","timestamp":"2026-02-26T04:39:12.179Z"}
{"error":"","level":"error","message":"Redis connection error","service":"vendorlink-api","timestamp":"2026-02-26T04:39:12.697Z"}
{"error":"","level":"error","message":"Redis connection error","service":"vendorlink-api","timestamp":"2026-02-26T04:39:13.212Z"}
{"error":"","level":"error","message":"Redis connection error","service":"vendorlink-api","timestamp":"2026-02-26T04:39:13.716Z"}
{"error":"","level":"error","message":"Redis connection error","service":"vendorlink-api","timestamp":"2026-02-26T04:39:14.221Z"}
{"error":"","level":"error","message":"Redis connection error","service":"vendorlink-api","timestamp":"2026-02-26T04:39:14.724Z"}
{"error":"","level":"error","message":"Redis connection error","service":"vendorlink-api","timestamp":"2026-02-26T04:39:15.229Z"}
{"error":"","level":"error","message":"Redis connection error","service":"vendorlink-api","timestamp":"2026-02-26T04:39:15.743Z"}
{"error":"","level":"error","message":"Redis connection error","service":"vendorlink-api","timestamp":"2026-02-26T04:39:16.257Z"}
{"error":"","level":"error","message":"Redis connection error","service":"vendorlink-api","timestamp":"2026-02-26T04:39:16.770Z"}
{"error":"","level":"error","message":"Redis connection error","service":"vendorlink-api","timestamp":"2026-02-26T04:39:17.272Z"}
{"error":"","level":"error","message":"Redis connection error","service":"vendorlink-api","timestamp":"2026-02-26T04:39:17.787Z"}
{"error":"","level":"error","message":"Redis connection error","service":"vendorlink-api","timestamp":"2026-02-26T04:39:18.305Z"}
{"error":"","level":"error","message":"Redis connection error","service":"vendorlink-api","timestamp":"2026-02-26T04:39:18.819Z"}
{"error":"","level":"error","message":"Redis connection error","service":"vendorlink-api","timestamp":"2026-02-26T04:39:19.335Z"}
{"error":"","level":"error","message":"Redis connection error","service":"vendorlink-api","timestamp":"2026-02-26T04:39:19.849Z"}
{"error":"","level":"error","message":"Redis connection error","service":"vendorlink-api","timestamp":"2026-02-26T04:39:20.366Z"}
{"error":"","level":"error","message":"Redis connection error","service":"vendorlink-api","timestamp":"2026-02-26T04:39:20.870Z"}
{"error":"","level":"error","message":"Redis connection error","service":"vendorlink-api","timestamp":"2026-02-26T04:39:21.383Z"}
{"error":"","level":"error","message":"Redis connection error","service":"vendorlink-api","timestamp":"2026-02-26T04:39:21.888Z"}
{"error":"","level":"error","message":"Redis connection error","service":"vendorlink-api","timestamp":"2026-02-26T04:39:22.403Z"}
{"error":"","level":"error","message":"Redis connection error","service":"vendorlink-api","timestamp":"2026-02-26T04:39:22.917Z"}
{"error":"","level":"error","message":"Redis connection error","service":"vendorlink-api","timestamp":"2026-02-26T04:39:23.421Z"}
{"error":"","level":"error","message":"Redis connection error","service":"vendorlink-api","timestamp":"2026-02-26T04:39:23.936Z"}
{"error":"","level":"error","message":"Redis connection error","service":"vendorlink-api","timestamp":"2026-02-26T04:39:24.453Z"}
{"error":"","level":"error","message":"Redis connection error","service":"vendorlink-api","timestamp":"2026-02-26T04:39:24.967Z"}
{"error":"","level":"error","message":"Redis connection error","service":"vendorlink-api","timestamp":"2026-02-26T04:39:25.482Z"}
{"error":"","level":"error","message":"Redis connection error","service":"vendorlink-api","timestamp":"2026-02-26T04:39:25.998Z"}
{"error":"","level":"error","message":"Redis connection error","service":"vendorlink-api","timestamp":"2026-02-26T04:39:26.512Z"}
{"error":"","level":"error","message":"Redis connection error","service":"vendorlink-api","timestamp":"2026-02-26T04:39:27.030Z"}
{"error":"","level":"error","message":"Redis connection error","service":"vendorlink-api","timestamp":"2026-02-26T04:39:27.547Z"}
{"error":"","level":"error","message":"Redis connection error","service":"vendorlink-api","timestamp":"2026-02-26T04:39:28.049Z"}
{"error":"","level":"error","message":"Redis connection error","service":"vendorlink-api","timestamp":"2026-02-26T04:39:28.564Z"}
{"error":"","level":"error","message":"Redis connection error","service":"vendorlink-api","timestamp":"2026-02-26T04:39:29.077Z"}
{"error":"","level":"error","message":"Redis connection error","service":"vendorlink-api","timestamp":"2026-02-26T04:39:29.591Z"}
{"error":"","level":"error","message":"Redis connection error","service":"vendorlink-api","timestamp":"2026-02-26T04:39:30.095Z"}
{"error":"","level":"error","message":"Redis connection error","service":"vendorlink-api","timestamp":"2026-02-26T04:39:30.597Z"}
{"error":"","level":"error","message":"Redis connection error","service":"vendorlink-api","timestamp":"2026-02-26T04:39:31.113Z"}
{"error":"","level":"error","message":"Redis connection error","service":"vendorlink-api","timestamp":"2026-02-26T04:39:31.629Z"}
{"error":"","level":"error","message":"Redis connection error","service":"vendorlink-api","timestamp":"2026-02-26T04:39:32.132Z"}
{"error":"","level":"error","message":"Redis connection error","service":"vendorlink-api","timestamp":"2026-02-26T04:39:32.647Z"}
{"error":"","level":"error","message":"Redis connection error","service":"vendorlink-api","timestamp":"2026-02-26T04:39:33.160Z"}
{"error":"","level":"error","message":"Redis connection error","service":"vendorlink-api","timestamp":"2026-02-26T04:39:33.675Z"}
{"error":"","level":"error","message":"Redis connection error","service":"vendorlink-api","timestamp":"2026-02-26T04:39:34.187Z"}
{"error":"","level":"error","message":"Redis connection error","service":"vendorlink-api","timestamp":"2026-02-26T04:39:34.703Z"}
{"error":"","level":"error","message":"Redis connection error","service":"vendorlink-api","timestamp":"2026-02-26T04:39:35.220Z"}
{"error":"","level":"error","message":"Redis connection error","service":"vendorlink-api","timestamp":"2026-02-26T04:39:35.723Z"}
{"error":"","level":"error","message":"Redis connection error","service":"vendorlink-api","timestamp":"2026-02-26T04:39:36.237Z"}
{"error":"","level":"error","message":"Redis connection error","service":"vendorlink-api","timestamp":"2026-02-26T04:39:36.740Z"}
{"error":"","level":"error","message":"Redis connection error","service":"vendorlink-api","timestamp":"2026-02-26T04:39:37.243Z"}
{"error":"","level":"error","message":"Redis connection error","service":"vendorlink-api","timestamp":"2026-02-26T04:39:37.746Z"}
{"error":"","level":"error","message":"Redis connection error","service":"vendorlink-api","timestamp":"2026-02-26T04:39:38.263Z"}
{"error":"","level":"error","message":"Redis connection error","service":"vendorlink-api","timestamp":"2026-02-26T04:39:38.765Z"}
{"error":"","level":"error","message":"Redis connection error","service":"vendorlink-api","timestamp":"2026-02-26T04:39:39.281Z"}
{"error":"","level":"error","message":"Redis connection error","service":"vendorlink-api","timestamp":"2026-02-26T04:39:39.784Z"}
{"error":"","level":"error","message":"Redis connection error","service":"vendorlink-api","timestamp":"2026-02-26T04:39:40.287Z"}
{"error":"","level":"error","message":"Redis connection error","service":"vendorlink-api","timestamp":"2026-02-26T04:39:40.796Z"}
{"error":"","level":"error","message":"Redis connection error","service":"vendorlink-api","timestamp":"2026-02-26T04:39:41.312Z"}
{"error":"","level":"error","message":"Redis connection error","service":"vendorlink-api","timestamp":"2026-02-26T04:39:41.824Z"}
{"error":"","level":"error","message":"Redis connection error","service":"vendorlink-api","timestamp":"2026-02-26T04:39:42.340Z"}
{"error":"","level":"error","message":"Redis connection error","service":"vendorlink-api","timestamp":"2026-02-26T04:39:42.852Z"}
{"error":"","level":"error","message":"Redis connection error","service":"vendorlink-api","timestamp":"2026-02-26T04:39:43.367Z"}
{"error":"","level":"error","message":"Redis connection error","service":"vendorlink-api","timestamp":"2026-02-26T04:39:43.880Z"}
{"error":"","level":"error","message":"Redis connection error","service":"vendorlink-api","timestamp":"2026-02-26T04:39:44.397Z"}
{"error":"","level":"error","message":"Redis connection error","service":"vendorlink-api","timestamp":"2026-02-26T04:39:44.911Z"}
{"error":"","level":"error","message":"Redis connection error","service":"vendorlink-api","timestamp":"2026-02-26T04:39:45.428Z"}
{"error":"","level":"error","message":"Redis connection error","service":"vendorlink-api","timestamp":"2026-02-26T04:39:45.943Z"}
{"error":"","level":"error","message":"Redis connection error","service":"vendorlink-api","timestamp":"2026-02-26T04:39:46.454Z"}
{"error":"","level":"error","message":"Redis connection error","service":"vendorlink-api","timestamp":"2026-02-26T04:39:46.969Z"}
{"error":"","level":"error","message":"Redis connection error","service":"vendorlink-api","timestamp":"2026-02-26T04:39:47.495Z"}
{"error":"","level":"error","message":"Redis connection error","service":"vendorlink-api","timestamp":"2026-02-26T04:39:48.005Z"}
{"error":"","level":"error","message":"Redis connection error","service":"vendorlink-api","timestamp":"2026-02-26T04:39:48.520Z"}
{"error":"","level":"error","message":"Redis connection error","service":"vendorlink-api","timestamp":"2026-02-26T04:39:49.033Z"}
{"error":"","level":"error","message":"Redis connection error","service":"vendorlink-api","timestamp":"2026-02-26T04:39:49.550Z"}
{"error":"","level":"error","message":"Redis connection error","service":"vendorlink-api","timestamp":"2026-02-26T04:39:50.053Z"}
{"error":"","level":"error","message":"Redis connection error","service":"vendorlink-api","timestamp":"2026-02-26T04:39:50.557Z"}
{"error":"","level":"error","message":"Redis connection error","service":"vendorlink-api","timestamp":"2026-02-26T04:39:51.059Z"}
{"error":"","level":"error","message":"Redis connection error","service":"vendorlink-api","timestamp":"2026-02-26T04:39:51.576Z"}
{"error":"","level":"error","message":"Redis connection error","service":"vendorlink-api","timestamp":"2026-02-26T04:39:52.078Z"}
{"error":"","level":"error","message":"Redis connection error","service":"vendorlink-api","timestamp":"2026-02-26T04:39:52.595Z"}
{"error":"","level":"error","message":"Redis connection error","service":"vendorlink-api","timestamp":"2026-02-26T04:39:53.106Z"}
{"error":"","level":"error","message":"Redis connection error","service":"vendorlink-api","timestamp":"2026-02-26T04:39:53.620Z"}
{"error":"","level":"error","message":"Redis connection error","service":"vendorlink-api","timestamp":"2026-02-26T04:39:54.136Z"}
{"error":"","level":"error","message":"Redis connection error","service":"vendorlink-api","timestamp":"2026-02-26T04:39:54.652Z"}
{"error":"","level":"error","message":"Redis connection error","service":"vendorlink-api","timestamp":"2026-02-26T04:39:55.165Z"}
{"error":"","level":"error","message":"Redis connection error","service":"vendorlink-api","timestamp":"2026-02-26T04:39:55.682Z"}
{"error":"","level":"error","message":"Redis connection error","service":"vendorlink-api","timestamp":"2026-02-26T04:39:56.195Z"}
{"error":"","level":"error","message":"Redis connection error","service":"vendorlink-api","timestamp":"2026-02-26T04:39:56.699Z"}
{"error":"","level":"error","message":"Redis connection error","service":"vendorlink-api","timestamp":"2026-02-26T04:39:57.214Z"}
{"error":"","level":"error","message":"Redis connection error","service":"vendorlink-api","timestamp":"2026-02-26T04:39:57.731Z"}
{"error":"","level":"error","message":"Redis connection error","service":"vendorlink-api","timestamp":"2026-02-26T04:39:58.243Z"}
{"error":"","level":"error","message":"Redis connection error","service":"vendorlink-api","timestamp":"2026-02-26T04:39:58.746Z"}
{"error":"","level":"error","message":"Redis connection error","service":"vendorlink-api","timestamp":"2026-02-26T04:39:59.265Z"}
{"error":"","level":"error","message":"Redis connection error","service":"vendorlink-api","timestamp":"2026-02-26T04:39:59.780Z"}
{"error":"","level":"error","message":"Redis connection error","service":"vendorlink-api","timestamp":"2026-02-26T04:40:00.296Z"}
{"error":"","level":"error","message":"Redis connection error","service":"vendorlink-api","timestamp":"2026-02-26T04:40:00.809Z"}
{"error":"","level":"error","message":"Redis connection error","service":"vendorlink-api","timestamp":"2026-02-26T04:40:01.322Z"}
{"error":"","level":"error","message":"Redis connection error","service":"vendorlink-api","timestamp":"2026-02-26T04:40:01.837Z"}
{"error":"","level":"error","message":"Redis connection error","service":"vendorlink-api","timestamp":"2026-02-26T04:40:02.349Z"}
{"error":"","level":"error","message":"Redis connection error","service":"vendorlink-api","timestamp":"2026-02-26T04:40:02.863Z"}
{"error":"","level":"error","message":"Redis connection error","service":"vendorlink-api","timestamp":"2026-02-26T04:40:03.372Z"}
{"error":"","level":"error","message":"Redis connection error","service":"vendorlink-api","timestamp":"2026-02-26T04:40:03.885Z"}
{"error":"","level":"error","message":"Redis connection error","service":"vendorlink-api","timestamp":"2026-02-26T04:40:04.398Z"}
{"error":"","level":"error","message":"Redis connection error","service":"vendorlink-api","timestamp":"2026-02-26T04:40:04.907Z"}
{"error":"","level":"error","message":"Redis connection error","service":"vendorlink-api","timestamp":"2026-02-26T04:40:05.419Z"}
{"error":"","level":"error","message":"Redis connection error","service":"vendorlink-api","timestamp":"2026-02-26T04:40:05.933Z"}
{"error":"","level":"error","message":"Redis connection error","service":"vendorlink-api","timestamp":"2026-02-26T04:40:06.447Z"}
{"error":"","level":"error","message":"Redis connection error","service":"vendorlink-api","timestamp":"2026-02-26T04:40:06.958Z"}
{"error":"","level":"error","message":"Redis connection error","service":"vendorlink-api","timestamp":"2026-02-26T04:40:07.461Z"}
{"error":"","level":"error","message":"Redis connection error","service":"vendorlink-api","timestamp":"2026-02-26T04:40:07.970Z"}
{"error":"","level":"error","message":"Redis connection error","service":"vendorlink-api","timestamp":"2026-02-26T04:40:08.483Z"}
{"error":"","level":"error","message":"Redis connection error","service":"vendorlink-api","timestamp":"2026-02-26T04:40:08.994Z"}
{"error":"","level":"error","message":"Redis connection error","service":"vendorlink-api","timestamp":"2026-02-26T04:40:09.508Z"}
{"error":"","level":"error","message":"Redis connection error","service":"vendorlink-api","timestamp":"2026-02-26T04:40:10.023Z"}
{"error":"","level":"error","message":"Redis connection error","service":"vendorlink-api","timestamp":"2026-02-26T04:40:10.540Z"}
{"error":"","level":"error","message":"Redis connection error","service":"vendorlink-api","timestamp":"2026-02-26T04:40:11.056Z"}
{"error":"","level":"error","message":"Redis connection error","service":"vendorlink-api","timestamp":"2026-02-26T04:40:11.584Z"}
{"error":"","level":"error","message":"Redis connection error","service":"vendorlink-api","timestamp":"2026-02-26T04:40:12.104Z"}
{"error":"","level":"error","message":"Redis connection error","service":"vendorlink-api","timestamp":"2026-02-26T04:40:12.621Z"}
{"error":"","level":"error","message":"Redis connection error","service":"vendorlink-api","timestamp":"2026-02-26T04:40:13.124Z"}
{"error":"","level":"error","message":"Redis connection error","service":"vendorlink-api","timestamp":"2026-02-26T04:40:13.638Z"}
{"error":"","level":"error","message":"Redis connection error","service":"vendorlink-api","timestamp":"2026-02-26T04:40:14.151Z"}
{"error":"","level":"error","message":"Redis connection error","service":"vendorlink-api","timestamp":"2026-02-26T04:40:14.662Z"}
{"error":"","level":"error","message":"Redis connection error","service":"vendorlink-api","timestamp":"2026-02-26T04:40:15.175Z"}
{"error":"","level":"error","message":"Redis connection error","service":"vendorlink-api","timestamp":"2026-02-26T04:40:15.687Z"}
{"error":"","level":"error","message":"Redis connection error","service":"vendorlink-api","timestamp":"2026-02-26T04:40:16.197Z"}
{"error":"","level":"error","message":"Redis connection error","service":"vendorlink-api","timestamp":"2026-02-26T04:40:16.713Z"}
{"error":"","level":"error","message":"Redis connection error","service":"vendorlink-api","timestamp":"2026-02-26T04:40:17.224Z"}
{"error":"","level":"error","message":"Redis connection error","service":"vendorlink-api","timestamp":"2026-02-26T04:40:17.738Z"}
{"error":"","level":"error","message":"Redis connection error","service":"vendorlink-api","timestamp":"2026-02-26T04:40:18.254Z"}
{"error":"","level":"error","message":"Redis connection error","service":"vendorlink-api","timestamp":"2026-02-26T04:40:18.766Z"}
{"error":"","level":"error","message":"Redis connection error","service":"vendorlink-api","timestamp":"2026-02-26T04:40:19.277Z"}
{"error":"","level":"error","message":"Redis connection error","service":"vendorlink-api","timestamp":"2026-02-26T04:40:19.789Z"}
{"error":"","level":"error","message":"Redis connection error","service":"vendorlink-api","timestamp":"2026-02-26T04:40:20.307Z"}
{"error":"","level":"error","message":"Redis connection error","service":"vendorlink-api","timestamp":"2026-02-26T04:40:20.816Z"}
{"error":"","level":"error","message":"Redis connection error","service":"vendorlink-api","timestamp":"2026-02-26T04:40:21.330Z"}
{"error":"","level":"error","message":"Redis connection error","service":"vendorlink-api","timestamp":"2026-02-26T04:40:21.846Z"}
{"error":"","level":"error","message":"Redis connection error","service":"vendorlink-api","timestamp":"2026-02-26T04:40:22.361Z"}
{"error":"","level":"error","message":"Redis connection error","service":"vendorlink-api","timestamp":"2026-02-26T04:40:22.872Z"}
{"error":"","level":"error","message":"Redis connection error","service":"vendorlink-api","timestamp":"2026-02-26T04:40:23.385Z"}
{"error":"","level":"error","message":"Redis connection error","service":"vendorlink-api","timestamp":"2026-02-26T04:40:23.895Z"}
{"error":"","level":"error","message":"Redis connection error","service":"vendorlink-api","timestamp":"2026-02-26T04:40:24.410Z"}
{"error":"","level":"error","message":"Redis connection error","service":"vendorlink-api","timestamp":"2026-02-26T04:40:24.922Z"}
{"error":"","level":"error","message":"Redis connection error","service":"vendorlink-api","timestamp":"2026-02-26T04:40:25.436Z"}
{"error":"","level":"error","message":"Redis connection error","service":"vendorlink-api","timestamp":"2026-02-26T04:40:25.946Z"}
{"error":"","level":"error","message":"Redis connection error","service":"vendorlink-api","timestamp":"2026-02-26T04:40:26.453Z"}
{"error":"","level":"error","message":"Redis connection error","service":"vendorlink-api","timestamp":"2026-02-26T04:40:26.960Z"}
{"error":"","level":"error","message":"Redis connection error","service":"vendorlink-api","timestamp":"2026-02-26T04:40:27.476Z"}
{"error":"","level":"error","message":"Redis connection error","service":"vendorlink-api","timestamp":"2026-02-26T04:40:27.992Z"}
{"error":"","level":"error","message":"Redis connection error","service":"vendorlink-api","timestamp":"2026-02-26T04:40:28.509Z"}
{"error":"","level":"error","message":"Redis connection error","service":"vendorlink-api","timestamp":"2026-02-26T04:40:29.026Z"}
{"error":"","level":"error","message":"Redis connection error","service":"vendorlink-api","timestamp":"2026-02-26T04:40:29.530Z"}
{"error":"","level":"error","message":"Redis connection error","service":"vendorlink-api","timestamp":"2026-02-26T04:40:30.042Z"}
{"error":"","level":"error","message":"Redis connection error","service":"vendorlink-api","timestamp":"2026-02-26T04:40:30.548Z"}
{"error":"","level":"error","message":"Redis connection error","service":"vendorlink-api","timestamp":"2026-02-26T04:40:31.063Z"}
{"error":"","level":"error","message":"Redis connection error","service":"vendorlink-api","timestamp":"2026-02-26T04:40:31.566Z"}
{"error":"","level":"error","message":"Redis connection error","service":"vendorlink-api","timestamp":"2026-02-26T04:40:32.081Z"}
{"error":"","level":"error","message":"Redis connection error","service":"vendorlink-api","timestamp":"2026-02-26T04:40:32.596Z"}
{"error":"","level":"error","message":"Redis connection error","service":"vendorlink-api","timestamp":"2026-02-26T04:40:33.109Z"}
{"error":"","level":"error","message":"Redis connection error","service":"vendorlink-api","timestamp":"2026-02-26T04:40:33.624Z"}
{"error":"","level":"error","message":"Redis connection error","service":"vendorlink-api","timestamp":"2026-02-26T04:40:34.139Z"}
{"error":"","level":"error","message":"Redis connection error","service":"vendorlink-api","timestamp":"2026-02-26T04:40:34.643Z"}
{"error":"","level":"error","message":"Redis connection error","service":"vendorlink-api","timestamp":"2026-02-26T04:40:35.155Z"}
{"error":"","level":"error","message":"Redis connection error","service":"vendorlink-api","timestamp":"2026-02-26T04:40:35.660Z"}
{"error":"","level":"error","message":"Redis connection error","service":"vendorlink-api","timestamp":"2026-02-26T04:40:36.178Z"}
{"error":"","level":"error","message":"Redis connection error","service":"vendorlink-api","timestamp":"2026-02-26T04:40:36.694Z"}
{"error":"","level":"error","message":"Redis connection error","service":"vendorlink-api","timestamp":"2026-02-26T04:40:37.196Z"}
{"error":"","level":"error","message":"Redis connection error","service":"vendorlink-api","timestamp":"2026-02-26T04:40:37.712Z"}
{"error":"","level":"error","message":"Redis connection error","service":"vendorlink-api","timestamp":"2026-02-26T04:40:38.225Z"}
{"error":"","level":"error","message":"Redis connection error","service":"vendorlink-api","timestamp":"2026-02-26T04:40:38.728Z"}
{"error":"","level":"error","message":"Redis connection error","service":"vendorlink-api","timestamp":"2026-02-26T04:40:39.235Z"}
{"error":"","level":"error","message":"Redis connection error","service":"vendorlink-api","timestamp":"2026-02-26T04:40:39.744Z"}
{"error":"","level":"error","message":"Redis connection error","service":"vendorlink-api","timestamp":"2026-02-26T04:40:40.260Z"}
{"error":"","level":"error","message":"Redis connection error","service":"vendorlink-api","timestamp":"2026-02-26T04:40:40.777Z"}
{"error":"","level":"error","message":"Redis connection error","service":"vendorlink-api","timestamp":"2026-02-26T04:40:41.292Z"}
{"error":"","level":"error","message":"Redis connection error","service":"vendorlink-api","timestamp":"2026-02-26T04:40:41.797Z"}
{"error":"","level":"error","message":"Redis connection error","service":"vendorlink-api","timestamp":"2026-02-26T04:40:42.308Z"}
{"error":"","level":"error","message":"Redis connection error","service":"vendorlink-api","timestamp":"2026-02-26T04:40:42.820Z"}
{"error":"","level":"error","message":"Redis connection error","service":"vendorlink-api","timestamp":"2026-02-26T04:40:43.327Z"}
{"error":"","level":"error","message":"Redis connection error","service":"vendorlink-api","timestamp":"2026-02-26T04:40:43.836Z"}
{"error":"","level":"error","message":"Redis connection error","service":"vendorlink-api","timestamp":"2026-02-26T04:40:44.341Z"}
{"error":"","level":"error","message":"Redis connection error","service":"vendorlink-api","timestamp":"2026-02-26T04:40:44.849Z"}
{"error":"","level":"error","message":"Redis connection error","service":"vendorlink-api","timestamp":"2026-02-26T04:40:45.351Z"}
{"error":"","level":"error","message":"Redis connection error","service":"vendorlink-api","timestamp":"2026-02-26T04:40:45.861Z"}
{"error":"","level":"error","message":"Redis connection error","service":"vendorlink-api","timestamp":"2026-02-26T04:40:46.369Z"}
{"error":"","level":"error","message":"Redis connection error","service":"vendorlink-api","timestamp":"2026-02-26T04:40:46.879Z"}
{"error":"","level":"error","message":"Redis connection error","service":"vendorlink-api","timestamp":"2026-02-26T04:40:47.386Z"}
{"error":"","level":"error","message":"Redis connection error","service":"vendorlink-api","timestamp":"2026-02-26T04:40:47.897Z"}
{"error":"","level":"error","message":"Redis connection error","service":"vendorlink-api","timestamp":"2026-02-26T04:40:48.402Z"}
{"error":"","level":"error","message":"Redis connection error","service":"vendorlink-api","timestamp":"2026-02-26T04:40:48.924Z"}
{"error":"","level":"error","message":"Redis connection error","service":"vendorlink-api","timestamp":"2026-02-26T04:40:49.440Z"}
{"error":"","level":"error","message":"Redis connection error","service":"vendorlink-api","timestamp":"2026-02-26T04:40:49.958Z"}
{"error":"","level":"error","message":"Redis connection error","service":"vendorlink-api","timestamp":"2026-02-26T04:40:50.472Z"}
{"error":"","level":"error","message":"Redis connection error","service":"vendorlink-api","timestamp":"2026-02-26T04:40:50.989Z"}
{"error":"","level":"error","message":"Redis connection error","service":"vendorlink-api","timestamp":"2026-02-26T04:40:51.494Z"}
{"error":"","level":"error","message":"Redis connection error","service":"vendorlink-api","timestamp":"2026-02-26T04:40:52.009Z"}
{"error":"","level":"error","message":"Redis connection error","service":"vendorlink-api","timestamp":"2026-02-26T04:40:52.524Z"}
{"error":"","level":"error","message":"Redis connection error","service":"vendorlink-api","timestamp":"2026-02-26T04:40:53.030Z"}
{"error":"","level":"error","message":"Redis connection error","service":"vendorlink-api","timestamp":"2026-02-26T04:40:53.546Z"}
{"error":"","level":"error","message":"Redis connection error","service":"vendorlink-api","timestamp":"2026-02-26T04:40:54.054Z"}
{"error":"","level":"error","message":"Redis connection error","service":"vendorlink-api","timestamp":"2026-02-26T04:40:54.564Z"}
{"error":"","level":"error","message":"Redis connection error","service":"vendorlink-api","timestamp":"2026-02-26T04:40:55.074Z"}
{"error":"","level":"error","message":"Redis connection error","service":"vendorlink-api","timestamp":"2026-02-26T04:40:55.591Z"}
{"error":"","level":"error","message":"Redis connection error","service":"vendorlink-api","timestamp":"2026-02-26T04:40:56.107Z"}
{"error":"","level":"error","message":"Redis connection error","service":"vendorlink-api","timestamp":"2026-02-26T04:40:56.617Z"}
{"error":"","level":"error","message":"Redis connection error","service":"vendorlink-api","timestamp":"2026-02-26T04:40:57.130Z"}
{"error":"","level":"error","message":"Redis connection error","service":"vendorlink-api","timestamp":"2026-02-26T04:40:57.639Z"}
{"error":"","level":"error","message":"Redis connection error","service":"vendorlink-api","timestamp":"2026-02-26T04:40:58.148Z"}
{"error":"","level":"error","message":"Redis connection error","service":"vendorlink-api","timestamp":"2026-02-26T04:40:58.659Z"}
{"error":"","level":"error","message":"Redis connection error","service":"vendorlink-api","timestamp":"2026-02-26T04:40:59.163Z"}
{"error":"","level":"error","message":"Redis connection error","service":"vendorlink-api","timestamp":"2026-02-26T04:40:59.681Z"}
{"error":"","level":"error","message":"Redis connection error","service":"vendorlink-api","timestamp":"2026-02-26T04:41:00.198Z"}
{"error":"","level":"error","message":"Redis connection error","service":"vendorlink-api","timestamp":"2026-02-26T04:41:00.713Z"}
{"error":"","level":"error","message":"Redis connection error","service":"vendorlink-api","timestamp":"2026-02-26T04:41:01.227Z"}
{"error":"","level":"error","message":"Redis connection error","service":"vendorlink-api","timestamp":"2026-02-26T04:41:01.743Z"}
{"error":"","level":"error","message":"Redis connection error","service":"vendorlink-api","timestamp":"2026-02-26T04:41:02.288Z"}
{"error":"","level":"error","message":"Redis connection error","service":"vendorlink-api","timestamp":"2026-02-26T04:41:02.800Z"}
{"error":"","level":"error","message":"Redis connection error","service":"vendorlink-api","timestamp":"2026-02-26T04:41:03.307Z"}
{"error":"","level":"error","message":"Redis connection error","service":"vendorlink-api","timestamp":"2026-02-26T04:41:03.813Z"}
{"error":"","level":"error","message":"Redis connection error","service":"vendorlink-api","timestamp":"2026-02-26T04:41:04.323Z"}
{"error":"","level":"error","message":"Redis connection error","service":"vendorlink-api","timestamp":"2026-02-26T04:41:04.834Z"}
{"error":"","level":"error","message":"Redis connection error","service":"vendorlink-api","timestamp":"2026-02-26T04:41:05.348Z"}
{"error":"","level":"error","message":"Redis connection error","service":"vendorlink-api","timestamp":"2026-02-26T04:41:05.880Z"}
{"error":"","level":"error","message":"Redis connection error","service":"vendorlink-api","timestamp":"2026-02-26T04:41:06.441Z"}
{"error":"","level":"error","message":"Redis connection error","service":"vendorlink-api","timestamp":"2026-02-26T04:41:06.954Z"}
{"error":"","level":"error","message":"Redis connection error","service":"vendorlink-api","timestamp":"2026-02-26T04:41:07.467Z"}
{"error":"","level":"error","message":"Redis connection error","service":"vendorlink-api","timestamp":"2026-02-26T04:41:07.981Z"}
{"error":"","level":"error","message":"Redis connection error","service":"vendorlink-api","timestamp":"2026-02-26T04:41:08.484Z"}
{"error":"","level":"error","message":"Redis connection error","service":"vendorlink-api","timestamp":"2026-02-26T04:41:08.987Z"}
{"error":"","level":"error","message":"Redis connection error","service":"vendorlink-api","timestamp":"2026-02-26T04:41:09.492Z"}
{"error":"","level":"error","message":"Redis connection error","service":"vendorlink-api","timestamp":"2026-02-26T04:41:10.006Z"}
{"error":"","level":"error","message":"Redis connection error","service":"vendorlink-api","timestamp":"2026-02-26T04:41:10.521Z"}
{"error":"","level":"error","message":"Redis connection error","service":"vendorlink-api","timestamp":"2026-02-26T04:41:11.035Z"}
{"error":"","level":"error","message":"Redis connection error","service":"vendorlink-api","timestamp":"2026-02-26T04:41:11.539Z"}
{"error":"","level":"error","message":"Redis connection error","service":"vendorlink-api","timestamp":"2026-02-26T04:41:12.051Z"}
{"error":"","level":"error","message":"Redis connection error","service":"vendorlink-api","timestamp":"2026-02-26T04:41:12.553Z"}
{"error":"","level":"error","message":"Redis connection error","service":"vendorlink-api","timestamp":"2026-02-26T04:41:13.070Z"}
{"error":"","level":"error","message":"Redis connection error","service":"vendorlink-api","timestamp":"2026-02-26T04:41:13.588Z"}
{"error":"","level":"error","message":"Redis connection error","service":"vendorlink-api","timestamp":"2026-02-26T04:41:14.104Z"}
{"error":"","level":"error","message":"Redis connection error","service":"vendorlink-api","timestamp":"2026-02-26T04:41:14.621Z"}
{"error":"","level":"error","message":"Redis connection error","service":"vendorlink-api","timestamp":"2026-02-26T04:41:15.136Z"}
{"error":"","level":"error","message":"Redis connection error","service":"vendorlink-api","timestamp":"2026-02-26T04:41:15.643Z"}
{"error":"","level":"error","message":"Redis connection error","service":"vendorlink-api","timestamp":"2026-02-26T04:41:16.153Z"}
{"error":"","level":"error","message":"Redis connection error","service":"vendorlink-api","timestamp":"2026-02-26T04:41:16.665Z"}
{"error":"","level":"error","message":"Redis connection error","service":"vendorlink-api","timestamp":"2026-02-26T04:41:17.177Z"}
{"error":"","level":"error","message":"Redis connection error","service":"vendorlink-api","timestamp":"2026-02-26T04:41:17.695Z"}
{"error":"","level":"error","message":"Redis connection error","service":"vendorlink-api","timestamp":"2026-02-26T04:41:18.226Z"}
{"error":"","level":"error","message":"Redis connection error","service":"vendorlink-api","timestamp":"2026-02-26T04:41:18.793Z"}
{"error":"","level":"error","message":"Redis connection error","service":"vendorlink-api","timestamp":"2026-02-26T04:41:19.311Z"}
{"error":"","level":"error","message":"Redis connection error","service":"vendorlink-api","timestamp":"2026-02-26T04:41:19.820Z"}
{"error":"","level":"error","message":"Redis connection error","service":"vendorlink-api","timestamp":"2026-02-26T04:41:20.333Z"}
{"error":"","level":"error","message":"Redis connection error","service":"vendorlink-api","timestamp":"2026-02-26T04:41:20.844Z"}
{"error":"","level":"error","message":"Redis connection error","service":"vendorlink-api","timestamp":"2026-02-26T04:41:21.359Z"}
{"error":"","level":"error","message":"Redis connection error","service":"vendorlink-api","timestamp":"2026-02-26T04:41:21.863Z"}
{"error":"","level":"error","message":"Redis connection error","service":"vendorlink-api","timestamp":"2026-02-26T04:41:22.368Z"}
{"error":"","level":"error","message":"Redis connection error","service":"vendorlink-api","timestamp":"2026-02-26T04:41:22.884Z"}
{"error":"","level":"error","message":"Redis connection error","service":"vendorlink-api","timestamp":"2026-02-26T04:41:23.402Z"}
{"error":"","level":"error","message":"Redis connection error","service":"vendorlink-api","timestamp":"2026-02-26T04:41:23.905Z"}
{"error":"","level":"error","message":"Redis connection error","service":"vendorlink-api","timestamp":"2026-02-26T04:41:24.418Z"}
{"error":"","level":"error","message":"Redis connection error","service":"vendorlink-api","timestamp":"2026-02-26T04:41:24.936Z"}
{"error":"","level":"error","message":"Redis connection error","service":"vendorlink-api","timestamp":"2026-02-26T04:41:25.447Z"}
{"error":"","level":"error","message":"Redis connection error","service":"vendorlink-api","timestamp":"2026-02-26T04:41:25.963Z"}
{"error":"","level":"error","message":"Redis connection error","service":"vendorlink-api","timestamp":"2026-02-26T04:41:26.480Z"}
{"error":"","level":"error","message":"Redis connection error","service":"vendorlink-api","timestamp":"2026-02-26T04:41:26.993Z"}
{"error":"","level":"error","message":"Redis connection error","service":"vendorlink-api","timestamp":"2026-02-26T04:41:27.504Z"}
{"error":"","level":"error","message":"Redis connection error","service":"vendorlink-api","timestamp":"2026-02-26T04:41:28.017Z"}
{"error":"","level":"error","message":"Redis connection error","service":"vendorlink-api","timestamp":"2026-02-26T04:41:28.533Z"}
{"error":"","level":"error","message":"Redis connection error","service":"vendorlink-api","timestamp":"2026-02-26T04:41:29.047Z"}
{"error":"","level":"error","message":"Redis connection error","service":"vendorlink-api","timestamp":"2026-02-26T04:41:29.564Z"}
{"error":"","level":"error","message":"Redis connection error","service":"vendorlink-api","timestamp":"2026-02-26T04:41:30.068Z"}
{"error":"","level":"error","message":"Redis connection error","service":"vendorlink-api","timestamp":"2026-02-26T04:41:30.581Z"}
{"error":"","level":"error","message":"Redis connection error","service":"vendorlink-api","timestamp":"2026-02-26T04:41:31.091Z"}
{"error":"","level":"error","message":"Redis connection error","service":"vendorlink-api","timestamp":"2026-02-26T04:41:31.607Z"}
{"error":"","level":"error","message":"Redis connection error","service":"vendorlink-api","timestamp":"2026-02-26T04:41:32.120Z"}
{"error":"","level":"error","message":"Redis connection error","service":"vendorlink-api","timestamp":"2026-02-26T04:41:32.634Z"}
{"error":"","level":"error","message":"Redis connection error","service":"vendorlink-api","timestamp":"2026-02-26T04:41:33.148Z"}
{"error":"","level":"error","message":"Redis connection error","service":"vendorlink-api","timestamp":"2026-02-26T04:41:33.666Z"}
{"error":"","level":"error","message":"Redis connection error","service":"vendorlink-api","timestamp":"2026-02-26T04:41:34.175Z"}
{"error":"","level":"error","message":"Redis connection error","service":"vendorlink-api","timestamp":"2026-02-26T04:41:34.691Z"}
{"error":"","level":"error","message":"Redis connection error","service":"vendorlink-api","timestamp":"2026-02-26T04:41:35.207Z"}
{"error":"","level":"error","message":"Redis connection error","service":"vendorlink-api","timestamp":"2026-02-26T04:41:35.725Z"}
{"error":"","level":"error","message":"Redis connection error","service":"vendorlink-api","timestamp":"2026-02-26T04:41:36.227Z"}
{"error":"","level":"error","message":"Redis connection error","service":"vendorlink-api","timestamp":"2026-02-26T04:41:36.732Z"}
{"error":"","level":"error","message":"Redis connection error","service":"vendorlink-api","timestamp":"2026-02-26T04:41:37.250Z"}
{"error":"","level":"error","message":"Redis connection error","service":"vendorlink-api","timestamp":"2026-02-26T04:41:37.753Z"}
{"error":"","level":"error","message":"Redis connection error","service":"vendorlink-api","timestamp":"2026-02-26T04:41:38.270Z"}
{"error":"","level":"error","message":"Redis connection error","service":"vendorlink-api","timestamp":"2026-02-26T04:41:38.775Z"}
{"error":"","level":"error","message":"Redis connection error","service":"vendorlink-api","timestamp":"2026-02-26T04:41:39.290Z"}
{"error":"","level":"error","message":"Redis connection error","service":"vendorlink-api","timestamp":"2026-02-26T04:41:39.807Z"}
{"error":"","level":"error","message":"Redis connection error","service":"vendorlink-api","timestamp":"2026-02-26T04:41:40.324Z"}
{"error":"","level":"error","message":"Redis connection error","service":"vendorlink-api","timestamp":"2026-02-26T04:41:40.835Z"}
{"error":"","level":"error","message":"Redis connection error","service":"vendorlink-api","timestamp":"2026-02-26T04:41:41.347Z"}
{"error":"","level":"error","message":"Redis connection error","service":"vendorlink-api","timestamp":"2026-02-26T04:41:41.867Z"}
{"error":"","level":"error","message":"Redis connection error","service":"vendorlink-api","timestamp":"2026-02-26T04:41:42.379Z"}
{"error":"","level":"error","message":"Redis connection error","service":"vendorlink-api","timestamp":"2026-02-26T04:41:42.894Z"}
{"error":"","level":"error","message":"Redis connection error","service":"vendorlink-api","timestamp":"2026-02-26T04:41:43.409Z"}
{"error":"","level":"error","message":"Redis connection error","service":"vendorlink-api","timestamp":"2026-02-26T04:41:43.922Z"}
{"error":"","level":"error","message":"Redis connection error","service":"vendorlink-api","timestamp":"2026-02-26T04:41:44.436Z"}
{"error":"","level":"error","message":"Redis connection error","service":"vendorlink-api","timestamp":"2026-02-26T04:41:44.949Z"}
{"error":"","level":"error","message":"Redis connection error","service":"vendorlink-api","timestamp":"2026-02-26T04:41:45.463Z"}
{"error":"","level":"error","message":"Redis connection error","service":"vendorlink-api","timestamp":"2026-02-26T04:41:45.979Z"}
{"error":"","level":"error","message":"Redis connection error","service":"vendorlink-api","timestamp":"2026-02-26T04:41:46.492Z"}
{"error":"","level":"error","message":"Redis connection error","service":"vendorlink-api","timestamp":"2026-02-26T04:41:47.005Z"}
{"error":"","level":"error","message":"Redis connection error","service":"vendorlink-api","timestamp":"2026-02-26T04:41:47.515Z"}
{"error":"","level":"error","message":"Redis connection error","service":"vendorlink-api","timestamp":"2026-02-26T04:41:48.027Z"}
{"error":"","level":"error","message":"Redis connection error","service":"vendorlink-api","timestamp":"2026-02-26T04:41:48.530Z"}
{"error":"","level":"error","message":"Redis connection error","service":"vendorlink-api","timestamp":"2026-02-26T04:41:49.048Z"}
{"error":"","level":"error","message":"Redis connection error","service":"vendorlink-api","timestamp":"2026-02-26T04:41:49.552Z"}
{"error":"","level":"error","message":"Redis connection error","service":"vendorlink-api","timestamp":"2026-02-26T04:41:50.069Z"}
{"error":"","level":"error","message":"Redis connection error","service":"vendorlink-api","timestamp":"2026-02-26T04:41:50.587Z"}
{"error":"","level":"error","message":"Redis connection error","service":"vendorlink-api","timestamp":"2026-02-26T04:41:51.103Z"}
{"error":"","level":"error","message":"Redis connection error","service":"vendorlink-api","timestamp":"2026-02-26T04:41:51.617Z"}
{"error":"","level":"error","message":"Redis connection error","service":"vendorlink-api","timestamp":"2026-02-26T04:41:52.134Z"}
{"error":"","level":"error","message":"Redis connection error","service":"vendorlink-api","timestamp":"2026-02-26T04:41:52.636Z"}
{"error":"","level":"error","message":"Redis connection error","service":"vendorlink-api","timestamp":"2026-02-26T04:41:53.140Z"}
{"error":"","level":"error","message":"Redis connection error","service":"vendorlink-api","timestamp":"2026-02-26T04:41:53.644Z"}
{"error":"","level":"error","message":"Redis connection error","service":"vendorlink-api","timestamp":"2026-02-26T04:41:54.149Z"}
{"error":"","level":"error","message":"Redis connection error","service":"vendorlink-api","timestamp":"2026-02-26T04:41:54.663Z"}
{"error":"","level":"error","message":"Redis connection error","service":"vendorlink-api","timestamp":"2026-02-26T04:41:55.178Z"}
{"error":"","level":"error","message":"Redis connection error","service":"vendorlink-api","timestamp":"2026-02-26T04:41:55.682Z"}
{"error":"","level":"error","message":"Redis connection error","service":"vendorlink-api","timestamp":"2026-02-26T04:41:56.200Z"}
{"error":"","level":"error","message":"Redis connection error","service":"vendorlink-api","timestamp":"2026-02-26T04:41:56.715Z"}
{"error":"","level":"error","message":"Redis connection error","service":"vendorlink-api","timestamp":"2026-02-26T04:41:57.230Z"}
{"error":"","level":"error","message":"Redis connection error","service":"vendorlink-api","timestamp":"2026-02-26T04:41:57.752Z"}
{"error":"","level":"error","message":"Redis connection error","service":"vendorlink-api","timestamp":"2026-02-26T04:41:58.270Z"}
{"error":"","level":"error","message":"Redis connection error","service":"vendorlink-api","timestamp":"2026-02-26T04:41:58.785Z"}
{"error":"","level":"error","message":"Redis connection error","service":"vendorlink-api","timestamp":"2026-02-26T04:41:59.296Z"}
{"error":"","level":"error","message":"Redis connection error","service":"vendorlink-api","timestamp":"2026-02-26T04:41:59.813Z"}
{"error":"","level":"error","message":"Redis connection error","service":"vendorlink-api","timestamp":"2026-02-26T04:42:00.325Z"}
{"error":"","level":"error","message":"Redis connection error","service":"vendorlink-api","timestamp":"2026-02-26T04:42:00.842Z"}
{"error":"","level":"error","message":"Redis connection error","service":"vendorlink-api","timestamp":"2026-02-26T04:42:01.355Z"}
{"error":"","level":"error","message":"Redis connection error","service":"vendorlink-api","timestamp":"2026-02-26T04:42:01.869Z"}
{"error":"","level":"error","message":"Redis connection error","service":"vendorlink-api","timestamp":"2026-02-26T04:42:02.382Z"}
{"error":"","level":"error","message":"Redis connection error","service":"vendorlink-api","timestamp":"2026-02-26T04:42:02.895Z"}
{"error":"","level":"error","message":"Redis connection error","service":"vendorlink-api","timestamp":"2026-02-26T04:42:03.411Z"}
{"error":"","level":"error","message":"Redis connection error","service":"vendorlink-api","timestamp":"2026-02-26T04:42:03.927Z"}
{"error":"","level":"error","message":"Redis connection error","service":"vendorlink-api","timestamp":"2026-02-26T04:42:04.443Z"}
{"error":"","level":"error","message":"Redis connection error","service":"vendorlink-api","timestamp":"2026-02-26T04:42:04.946Z"}
{"error":"","level":"error","message":"Redis connection error","service":"vendorlink-api","timestamp":"2026-02-26T04:42:05.464Z"}
{"error":"","level":"error","message":"Redis connection error","service":"vendorlink-api","timestamp":"2026-02-26T04:42:05.980Z"}
{"error":"","level":"error","message":"Redis connection error","service":"vendorlink-api","timestamp":"2026-02-26T04:42:06.495Z"}
{"error":"","level":"error","message":"Redis connection error","service":"vendorlink-api","timestamp":"2026-02-26T04:42:07.009Z"}
{"error":"","level":"error","message":"Redis connection error","service":"vendorlink-api","timestamp":"2026-02-26T04:42:07.525Z"}
{"error":"","level":"error","message":"Redis connection error","service":"vendorlink-api","timestamp":"2026-02-26T04:42:08.035Z"}
{"error":"","level":"error","message":"Redis connection error","service":"vendorlink-api","timestamp":"2026-02-26T04:42:08.547Z"}
{"error":"","level":"error","message":"Redis connection error","service":"vendorlink-api","timestamp":"2026-02-26T04:42:09.056Z"}
{"error":"","level":"error","message":"Redis connection error","service":"vendorlink-api","timestamp":"2026-02-26T04:42:09.563Z"}
{"error":"","level":"error","message":"Redis connection error","service":"vendorlink-api","timestamp":"2026-02-26T04:42:10.073Z"}
{"error":"","level":"error","message":"Redis connection error","service":"vendorlink-api","timestamp":"2026-02-26T04:42:10.586Z"}
{"error":"","level":"error","message":"Redis connection error","service":"vendorlink-api","timestamp":"2026-02-26T04:42:11.101Z"}
{"error":"","level":"error","message":"Redis connection error","service":"vendorlink-api","timestamp":"2026-02-26T04:42:11.608Z"}
{"error":"","level":"error","message":"Redis connection error","service":"vendorlink-api","timestamp":"2026-02-26T04:42:12.123Z"}
{"error":"","level":"error","message":"Redis connection error","service":"vendorlink-api","timestamp":"2026-02-26T04:42:12.638Z"}
{"error":"","level":"error","message":"Redis connection error","service":"vendorlink-api","timestamp":"2026-02-26T04:42:13.148Z"}
{"error":"","level":"error","message":"Redis connection error","service":"vendorlink-api","timestamp":"2026-02-26T04:42:13.665Z"}
{"error":"","level":"error","message":"Redis connection error","service":"vendorlink-api","timestamp":"2026-02-26T04:42:14.184Z"}
{"error":"","level":"error","message":"Redis connection error","service":"vendorlink-api","timestamp":"2026-02-26T04:42:14.717Z"}
{"error":"","level":"error","message":"Redis connection error","service":"vendorlink-api","timestamp":"2026-02-26T04:42:15.240Z"}
{"error":"","level":"error","message":"Redis connection error","service":"vendorlink-api","timestamp":"2026-02-26T04:42:15.756Z"}
{"error":"","level":"error","message":"Redis connection error","service":"vendorlink-api","timestamp":"2026-02-26T04:42:16.265Z"}
{"error":"","level":"error","message":"Redis connection error","service":"vendorlink-api","timestamp":"2026-02-26T04:42:16.782Z"}
{"error":"","level":"error","message":"Redis connection error","service":"vendorlink-api","timestamp":"2026-02-26T04:42:17.294Z"}
{"error":"","level":"error","message":"Redis connection error","service":"vendorlink-api","timestamp":"2026-02-26T04:42:17.811Z"}
{"error":"","level":"error","message":"Redis connection error","service":"vendorlink-api","timestamp":"2026-02-26T04:42:18.326Z"}
{"error":"","level":"error","message":"Redis connection error","service":"vendorlink-api","timestamp":"2026-02-26T04:42:18.844Z"}
{"error":"","level":"error","message":"Redis connection error","service":"vendorlink-api","timestamp":"2026-02-26T04:42:19.362Z"}
{"error":"","level":"error","message":"Redis connection error","service":"vendorlink-api","timestamp":"2026-02-26T04:42:19.874Z"}
{"error":"","level":"error","message":"Redis connection error","service":"vendorlink-api","timestamp":"2026-02-26T04:42:20.388Z"}
{"error":"","level":"error","message":"Redis connection error","service":"vendorlink-api","timestamp":"2026-02-26T04:42:20.904Z"}
{"error":"","level":"error","message":"Redis connection error","service":"vendorlink-api","timestamp":"2026-02-26T04:42:21.418Z"}
{"error":"","level":"error","message":"Redis connection error","service":"vendorlink-api","timestamp":"2026-02-26T04:42:21.932Z"}
{"error":"","level":"error","message":"Redis connection error","service":"vendorlink-api","timestamp":"2026-02-26T04:42:22.447Z"}
{"error":"","level":"error","message":"Redis connection error","service":"vendorlink-api","timestamp":"2026-02-26T04:42:22.951Z"}
{"error":"","level":"error","message":"Redis connection error","service":"vendorlink-api","timestamp":"2026-02-26T04:42:23.467Z"}
{"error":"","level":"error","message":"Redis connection error","service":"vendorlink-api","timestamp":"2026-02-26T04:42:23.983Z"}
{"error":"","level":"error","message":"Redis connection error","service":"vendorlink-api","timestamp":"2026-02-26T04:42:24.496Z"}
{"error":"","level":"error","message":"Redis connection error","service":"vendorlink-api","timestamp":"2026-02-26T04:42:25.010Z"}
{"error":"","level":"error","message":"Redis connection error","service":"vendorlink-api","timestamp":"2026-02-26T04:42:25.526Z"}
{"error":"","level":"error","message":"Redis connection error","service":"vendorlink-api","timestamp":"2026-02-26T04:42:26.029Z"}
{"error":"","level":"error","message":"Redis connection error","service":"vendorlink-api","timestamp":"2026-02-26T04:42:26.531Z"}
{"error":"","level":"error","message":"Redis connection error","service":"vendorlink-api","timestamp":"2026-02-26T04:42:27.047Z"}
{"error":"","level":"error","message":"Redis connection error","service":"vendorlink-api","timestamp":"2026-02-26T04:42:27.564Z"}
{"error":"","level":"error","message":"Redis connection error","service":"vendorlink-api","timestamp":"2026-02-26T04:42:28.077Z"}
{"error":"","level":"error","message":"Redis connection error","service":"vendorlink-api","timestamp":"2026-02-26T04:42:28.593Z"}
{"error":"","level":"error","message":"Redis connection error","service":"vendorlink-api","timestamp":"2026-02-26T04:42:29.107Z"}
{"error":"","level":"error","message":"Redis connection error","service":"vendorlink-api","timestamp":"2026-02-26T04:42:29.621Z"}
{"error":"","level":"error","message":"Redis connection error","service":"vendorlink-api","timestamp":"2026-02-26T04:42:30.138Z"}
{"error":"","level":"error","message":"Redis connection error","service":"vendorlink-api","timestamp":"2026-02-26T04:42:30.645Z"}
{"error":"","level":"error","message":"Redis connection error","service":"vendorlink-api","timestamp":"2026-02-26T04:42:31.157Z"}
{"error":"","level":"error","message":"Redis connection error","service":"vendorlink-api","timestamp":"2026-02-26T04:42:31.673Z"}
{"error":"","level":"error","message":"Redis connection error","service":"vendorlink-api","timestamp":"2026-02-26T04:42:32.194Z"}
{"error":"","level":"error","message":"Redis connection error","service":"vendorlink-api","timestamp":"2026-02-26T04:42:32.710Z"}
{"error":"","level":"error","message":"Redis connection error","service":"vendorlink-api","timestamp":"2026-02-26T04:42:33.212Z"}
{"error":"","level":"error","message":"Redis connection error","service":"vendorlink-api","timestamp":"2026-02-26T04:42:33.718Z"}
{"error":"","level":"error","message":"Redis connection error","service":"vendorlink-api","timestamp":"2026-02-26T04:42:34.235Z"}
{"error":"","level":"error","message":"Redis connection error","service":"vendorlink-api","timestamp":"2026-02-26T04:42:34.749Z"}
{"error":"","level":"error","message":"Redis connection error","service":"vendorlink-api","timestamp":"2026-02-26T04:42:35.253Z"}
{"error":"","level":"error","message":"Redis connection error","service":"vendorlink-api","timestamp":"2026-02-26T04:42:35.766Z"}
{"error":"","level":"error","message":"Redis connection error","service":"vendorlink-api","timestamp":"2026-02-26T04:42:36.279Z"}
{"error":"","level":"error","message":"Redis connection error","service":"vendorlink-api","timestamp":"2026-02-26T04:42:36.789Z"}
{"error":"","level":"error","message":"Redis connection error","service":"vendorlink-api","timestamp":"2026-02-26T04:42:37.304Z"}
{"error":"","level":"error","message":"Redis connection error","service":"vendorlink-api","timestamp":"2026-02-26T04:42:37.817Z"}
{"error":"","level":"error","message":"Redis connection error","service":"vendorlink-api","timestamp":"2026-02-26T04:42:38.328Z"}
{"error":"","level":"error","message":"Redis connection error","service":"vendorlink-api","timestamp":"2026-02-26T04:42:38.831Z"}
{"error":"","level":"error","message":"Redis connection error","service":"vendorlink-api","timestamp":"2026-02-26T04:42:39.347Z"}
{"error":"","level":"error","message":"Redis connection error","service":"vendorlink-api","timestamp":"2026-02-26T04:42:39.865Z"}
{"error":"","level":"error","message":"Redis connection error","service":"vendorlink-api","timestamp":"2026-02-26T04:42:40.378Z"}
{"error":"","level":"error","message":"Redis connection error","service":"vendorlink-api","timestamp":"2026-02-26T04:42:40.897Z"}
{"error":"","level":"error","message":"Redis connection error","service":"vendorlink-api","timestamp":"2026-02-26T04:42:41.409Z"}
{"error":"","level":"error","message":"Redis connection error","service":"vendorlink-api","timestamp":"2026-02-26T04:42:41.923Z"}
{"error":"","level":"error","message":"Redis connection error","service":"vendorlink-api","timestamp":"2026-02-26T04:42:42.439Z"}
{"error":"","level":"error","message":"Redis connection error","service":"vendorlink-api","timestamp":"2026-02-26T04:42:42.968Z"}
{"error":"","level":"error","message":"Redis connection error","service":"vendorlink-api","timestamp":"2026-02-26T04:42:43.481Z"}
{"error":"","level":"error","message":"Redis connection error","service":"vendorlink-api","timestamp":"2026-02-26T04:42:43.996Z"}
{"error":"","level":"error","message":"Redis connection error","service":"vendorlink-api","timestamp":"2026-02-26T04:42:44.508Z"}
{"error":"","level":"error","message":"Redis connection error","service":"vendorlink-api","timestamp":"2026-02-26T04:42:45.020Z"}
{"error":"","level":"error","message":"Redis connection error","service":"vendorlink-api","timestamp":"2026-02-26T04:42:45.532Z"}
{"error":"","level":"error","message":"Redis connection error","service":"vendorlink-api","timestamp":"2026-02-26T04:42:46.044Z"}
{"error":"","level":"error","message":"Redis connection error","service":"vendorlink-api","timestamp":"2026-02-26T04:42:46.552Z"}
{"error":"","level":"error","message":"Redis connection error","service":"vendorlink-api","timestamp":"2026-02-26T04:42:47.070Z"}
{"error":"","level":"error","message":"Redis connection error","service":"vendorlink-api","timestamp":"2026-02-26T04:42:47.575Z"}
{"error":"","level":"error","message":"Redis connection error","service":"vendorlink-api","timestamp":"2026-02-26T04:42:48.081Z"}
{"error":"","level":"error","message":"Redis connection error","service":"vendorlink-api","timestamp":"2026-02-26T04:42:48.594Z"}
{"error":"","level":"error","message":"Redis connection error","service":"vendorlink-api","timestamp":"2026-02-26T04:42:49.107Z"}
{"error":"","level":"error","message":"Redis connection error","service":"vendorlink-api","timestamp":"2026-02-26T04:42:49.622Z"}
{"error":"","level":"error","message":"Redis connection error","service":"vendorlink-api","timestamp":"2026-02-26T04:42:50.133Z"}
{"error":"","level":"error","message":"Redis connection error","service":"vendorlink-api","timestamp":"2026-02-26T04:42:50.647Z"}
{"error":"","level":"error","message":"Redis connection error","service":"vendorlink-api","timestamp":"2026-02-26T04:42:51.161Z"}
{"error":"","level":"error","message":"Redis connection error","service":"vendorlink-api","timestamp":"2026-02-26T04:42:51.668Z"}
{"error":"","level":"error","message":"Redis connection error","service":"vendorlink-api","timestamp":"2026-02-26T04:42:52.170Z"}
{"error":"","level":"error","message":"Redis connection error","service":"vendorlink-api","timestamp":"2026-02-26T04:42:52.686Z"}
{"error":"","level":"error","message":"Redis connection error","service":"vendorlink-api","timestamp":"2026-02-26T04:42:53.202Z"}
{"error":"","level":"error","message":"Redis connection error","service":"vendorlink-api","timestamp":"2026-02-26T04:42:53.717Z"}
{"error":"","level":"error","message":"Redis connection error","service":"vendorlink-api","timestamp":"2026-02-26T04:42:54.219Z"}
{"error":"","level":"error","message":"Redis connection error","service":"vendorlink-api","timestamp":"2026-02-26T04:42:54.722Z"}
{"error":"","level":"error","message":"Redis connection error","service":"vendorlink-api","timestamp":"2026-02-26T04:42:55.225Z"}
{"error":"","level":"error","message":"Redis connection error","service":"vendorlink-api","timestamp":"2026-02-26T04:42:55.728Z"}
{"error":"","level":"error","message":"Redis connection error","service":"vendorlink-api","timestamp":"2026-02-26T04:42:56.235Z"}
{"error":"","level":"error","message":"Redis connection error","service":"vendorlink-api","timestamp":"2026-02-26T04:42:56.750Z"}
{"error":"","level":"error","message":"Redis connection error","service":"vendorlink-api","timestamp":"2026-02-26T04:42:57.252Z"}
{"error":"","level":"error","message":"Redis connection error","service":"vendorlink-api","timestamp":"2026-02-26T04:42:57.769Z"}
{"error":"","level":"error","message":"Redis connection error","service":"vendorlink-api","timestamp":"2026-02-26T04:42:58.287Z"}
{"error":"","level":"error","message":"Redis connection error","service":"vendorlink-api","timestamp":"2026-02-26T04:42:58.804Z"}
{"error":"","level":"error","message":"Redis connection error","service":"vendorlink-api","timestamp":"2026-02-26T04:42:59.319Z"}
{"error":"","level":"error","message":"Redis connection error","service":"vendorlink-api","timestamp":"2026-02-26T04:42:59.824Z"}
{"error":"","level":"error","message":"Redis connection error","service":"vendorlink-api","timestamp":"2026-02-26T04:43:00.329Z"}
{"error":"","level":"error","message":"Redis connection error","service":"vendorlink-api","timestamp":"2026-02-26T04:43:00.847Z"}
{"error":"","level":"error","message":"Redis connection error","service":"vendorlink-api","timestamp":"2026-02-26T04:43:01.352Z"}
{"error":"","level":"error","message":"Redis connection error","service":"vendorlink-api","timestamp":"2026-02-26T04:43:01.866Z"}
{"error":"","level":"error","message":"Redis connection error","service":"vendorlink-api","timestamp":"2026-02-26T04:43:02.379Z"}
{"error":"","level":"error","message":"Redis connection error","service":"vendorlink-api","timestamp":"2026-02-26T04:43:02.893Z"}
{"error":"","level":"error","message":"Redis connection error","service":"vendorlink-api","timestamp":"2026-02-26T04:43:03.408Z"}
{"error":"","level":"error","message":"Redis connection error","service":"vendorlink-api","timestamp":"2026-02-26T04:43:03.920Z"}
{"error":"","level":"error","message":"Redis connection error","service":"vendorlink-api","timestamp":"2026-02-26T04:43:04.434Z"}
{"error":"","level":"error","message":"Redis connection error","service":"vendorlink-api","timestamp":"2026-02-26T04:43:04.949Z"}
{"error":"","level":"error","message":"Redis connection error","service":"vendorlink-api","timestamp":"2026-02-26T04:43:05.452Z"}
{"error":"","level":"error","message":"Redis connection error","service":"vendorlink-api","timestamp":"2026-02-26T04:43:05.967Z"}
{"error":"","level":"error","message":"Redis connection error","service":"vendorlink-api","timestamp":"2026-02-26T04:43:06.471Z"}
{"error":"","level":"error","message":"Redis connection error","service":"vendorlink-api","timestamp":"2026-02-26T04:43:06.988Z"}
{"error":"","level":"error","message":"Redis connection error","service":"vendorlink-api","timestamp":"2026-02-26T04:43:07.505Z"}
{"error":"","level":"error","message":"Redis connection error","service":"vendorlink-api","timestamp":"2026-02-26T04:43:08.023Z"}
{"error":"","level":"error","message":"Redis connection error","service":"vendorlink-api","timestamp":"2026-02-26T04:43:08.528Z"}
{"error":"","level":"error","message":"Redis connection error","service":"vendorlink-api","timestamp":"2026-02-26T04:43:09.045Z"}
{"error":"","level":"error","message":"Redis connection error","service":"vendorlink-api","timestamp":"2026-02-26T04:43:09.563Z"}
{"error":"","level":"error","message":"Redis connection error","service":"vendorlink-api","timestamp":"2026-02-26T04:43:10.076Z"}
{"error":"","level":"error","message":"Redis connection error","service":"vendorlink-api","timestamp":"2026-02-26T04:43:10.590Z"}
{"error":"","level":"error","message":"Redis connection error","service":"vendorlink-api","timestamp":"2026-02-26T04:43:11.105Z"}
{"error":"","level":"error","message":"Redis connection error","service":"vendorlink-api","timestamp":"2026-02-26T04:43:11.620Z"}
{"error":"","level":"error","message":"Redis connection error","service":"vendorlink-api","timestamp":"2026-02-26T04:43:12.132Z"}
{"error":"","level":"error","message":"Redis connection error","service":"vendorlink-api","timestamp":"2026-02-26T04:43:12.672Z"}
{"error":"","level":"error","message":"Redis connection error","service":"vendorlink-api","timestamp":"2026-02-26T04:43:13.305Z"}
{"error":"","level":"error","message":"Redis connection error","service":"vendorlink-api","timestamp":"2026-02-26T04:43:14.008Z"}
{"error":"","level":"error","message":"Redis connection error","service":"vendorlink-api","timestamp":"2026-02-26T04:43:14.534Z"}
{"error":"","level":"error","message":"Redis connection error","service":"vendorlink-api","timestamp":"2026-02-26T04:43:15.047Z"}
{"error":"","level":"error","message":"Redis connection error","service":"vendorlink-api","timestamp":"2026-02-26T04:43:15.570Z"}
{"error":"","level":"error","message":"Redis connection error","service":"vendorlink-api","timestamp":"2026-02-26T04:43:16.090Z"}
{"error":"","level":"error","message":"Redis connection error","service":"vendorlink-api","timestamp":"2026-02-26T04:43:16.614Z"}
{"error":"","level":"error","message":"Redis connection error","service":"vendorlink-api","timestamp":"2026-02-26T04:43:17.139Z"}
{"error":"","level":"error","message":"Redis connection error","service":"vendorlink-api","timestamp":"2026-02-26T04:43:17.663Z"}
{"error":"","level":"error","message":"Redis connection error","service":"vendorlink-api","timestamp":"2026-02-26T04:43:18.180Z"}
{"error":"","level":"error","message":"Redis connection error","service":"vendorlink-api","timestamp":"2026-02-26T04:43:18.688Z"}
{"error":"","level":"error","message":"Redis connection error","service":"vendorlink-api","timestamp":"2026-02-26T04:43:19.198Z"}
{"error":"","level":"error","message":"Redis connection error","service":"vendorlink-api","timestamp":"2026-02-26T04:43:19.704Z"}
{"error":"","level":"error","message":"Redis connection error","service":"vendorlink-api","timestamp":"2026-02-26T04:43:20.214Z"}
{"error":"","level":"error","message":"Redis connection error","service":"vendorlink-api","timestamp":"2026-02-26T04:43:20.730Z"}
{"error":"","level":"error","message":"Redis connection error","service":"vendorlink-api","timestamp":"2026-02-26T04:43:21.241Z"}
{"error":"","level":"error","message":"Redis connection error","service":"vendorlink-api","timestamp":"2026-02-26T04:43:21.748Z"}
{"error":"","level":"error","message":"Redis connection error","service":"vendorlink-api","timestamp":"2026-02-26T04:43:22.255Z"}
{"error":"","level":"error","message":"Redis connection error","service":"vendorlink-api","timestamp":"2026-02-26T04:43:22.770Z"}
{"error":"","level":"error","message":"Redis connection error","service":"vendorlink-api","timestamp":"2026-02-26T04:43:23.282Z"}
{"error":"","level":"error","message":"Redis connection error","service":"vendorlink-api","timestamp":"2026-02-26T04:43:23.801Z"}
{"error":"","level":"error","message":"Redis connection error","service":"vendorlink-api","timestamp":"2026-02-26T04:43:24.314Z"}
{"error":"","level":"error","message":"Redis connection error","service":"vendorlink-api","timestamp":"2026-02-26T04:43:24.818Z"}
{"error":"","level":"error","message":"Redis connection error","service":"vendorlink-api","timestamp":"2026-02-26T04:43:25.336Z"}
{"error":"","level":"error","message":"Redis connection error","service":"vendorlink-api","timestamp":"2026-02-26T04:43:25.854Z"}
{"error":"","level":"error","message":"Redis connection error","service":"vendorlink-api","timestamp":"2026-02-26T04:43:26.391Z"}
{"error":"","level":"error","message":"Redis connection error","service":"vendorlink-api","timestamp":"2026-02-26T04:43:26.907Z"}
{"error":"","level":"error","message":"Redis connection error","service":"vendorlink-api","timestamp":"2026-02-26T04:43:27.411Z"}
{"error":"","level":"error","message":"Redis connection error","service":"vendorlink-api","timestamp":"2026-02-26T04:43:27.925Z"}
{"error":"","level":"error","message":"Redis connection error","service":"vendorlink-api","timestamp":"2026-02-26T04:43:28.440Z"}
{"error":"","level":"error","message":"Redis connection error","service":"vendorlink-api","timestamp":"2026-02-26T04:43:28.943Z"}
{"error":"","level":"error","message":"Redis connection error","service":"vendorlink-api","timestamp":"2026-02-26T04:43:29.450Z"}
{"error":"","level":"error","message":"Redis connection error","service":"vendorlink-api","timestamp":"2026-02-26T04:43:29.960Z"}
{"error":"","level":"error","message":"Redis connection error","service":"vendorlink-api","timestamp":"2026-02-26T04:43:30.464Z"}
{"error":"","level":"error","message":"Redis connection error","service":"vendorlink-api","timestamp":"2026-02-26T04:43:30.978Z"}
{"error":"","level":"error","message":"Redis connection error","service":"vendorlink-api","timestamp":"2026-02-26T04:43:31.495Z"}
{"error":"","level":"error","message":"Redis connection error","service":"vendorlink-api","timestamp":"2026-02-26T04:43:32.007Z"}
{"error":"","level":"error","message":"Redis connection error","service":"vendorlink-api","timestamp":"2026-02-26T04:43:32.510Z"}
{"error":"","level":"error","message":"Redis connection error","service":"vendorlink-api","timestamp":"2026-02-26T04:43:33.014Z"}
{"error":"","level":"error","message":"Redis connection error","service":"vendorlink-api","timestamp":"2026-02-26T04:43:33.530Z"}
{"error":"","level":"error","message":"Redis connection error","service":"vendorlink-api","timestamp":"2026-02-26T04:43:34.036Z"}
{"error":"","level":"error","message":"Redis connection error","service":"vendorlink-api","timestamp":"2026-02-26T04:43:34.540Z"}
{"error":"","level":"error","message":"Redis connection error","service":"vendorlink-api","timestamp":"2026-02-26T04:43:35.050Z"}
{"error":"","level":"error","message":"Redis connection error","service":"vendorlink-api","timestamp":"2026-02-26T04:43:35.556Z"}
{"error":"","level":"error","message":"Redis connection error","service":"vendorlink-api","timestamp":"2026-02-26T04:43:36.077Z"}
{"error":"","level":"error","message":"Redis connection error","service":"vendorlink-api","timestamp":"2026-02-26T04:43:36.590Z"}
{"error":"","level":"error","message":"Redis connection error","service":"vendorlink-api","timestamp":"2026-02-26T04:43:37.107Z"}
{"error":"","level":"error","message":"Redis connection error","service":"vendorlink-api","timestamp":"2026-02-26T04:43:37.612Z"}
{"error":"","level":"error","message":"Redis connection error","service":"vendorlink-api","timestamp":"2026-02-26T04:43:38.127Z"}
{"error":"","level":"error","message":"Redis connection error","service":"vendorlink-api","timestamp":"2026-02-26T04:43:38.644Z"}
{"error":"","level":"error","message":"Redis connection error","service":"vendorlink-api","timestamp":"2026-02-26T04:43:39.150Z"}
{"error":"","level":"error","message":"Redis connection error","service":"vendorlink-api","timestamp":"2026-02-26T04:43:39.665Z"}
{"error":"","level":"error","message":"Redis connection error","service":"vendorlink-api","timestamp":"2026-02-26T04:43:40.175Z"}
{"error":"","level":"error","message":"Redis connection error","service":"vendorlink-api","timestamp":"2026-02-26T04:43:40.691Z"}
{"error":"","level":"error","message":"Redis connection error","service":"vendorlink-api","timestamp":"2026-02-26T04:43:41.206Z"}
{"error":"","level":"error","message":"Redis connection error","service":"vendorlink-api","timestamp":"2026-02-26T04:43:41.720Z"}
{"error":"","level":"error","message":"Redis connection error","service":"vendorlink-api","timestamp":"2026-02-26T04:43:42.240Z"}
{"error":"","level":"error","message":"Redis connection error","service":"vendorlink-api","timestamp":"2026-02-26T04:43:42.743Z"}
{"error":"","level":"error","message":"Redis connection error","service":"vendorlink-api","timestamp":"2026-02-26T04:43:43.247Z"}
{"error":"","level":"error","message":"Redis connection error","service":"vendorlink-api","timestamp":"2026-02-26T04:43:43.750Z"}
{"error":"","level":"error","message":"Redis connection error","service":"vendorlink-api","timestamp":"2026-02-26T04:43:44.256Z"}
{"error":"","level":"error","message":"Redis connection error","service":"vendorlink-api","timestamp":"2026-02-26T04:43:44.764Z"}
{"error":"","level":"error","message":"Redis connection error","service":"vendorlink-api","timestamp":"2026-02-26T04:43:45.267Z"}
{"error":"","level":"error","message":"Redis connection error","service":"vendorlink-api","timestamp":"2026-02-26T04:43:45.782Z"}
{"error":"","level":"error","message":"Redis connection error","service":"vendorlink-api","timestamp":"2026-02-26T04:43:46.284Z"}
{"error":"","level":"error","message":"Redis connection error","service":"vendorlink-api","timestamp":"2026-02-26T04:43:46.787Z"}
{"error":"","level":"error","message":"Redis connection error","service":"vendorlink-api","timestamp":"2026-02-26T04:43:47.298Z"}
{"error":"","level":"error","message":"Redis connection error","service":"vendorlink-api","timestamp":"2026-02-26T04:43:47.814Z"}
{"error":"","level":"error","message":"Redis connection error","service":"vendorlink-api","timestamp":"2026-02-26T04:43:48.317Z"}
{"error":"","level":"error","message":"Redis connection error","service":"vendorlink-api","timestamp":"2026-02-26T04:43:48.822Z"}
{"error":"","level":"error","message":"Redis connection error","service":"vendorlink-api","timestamp":"2026-02-26T04:43:49.337Z"}
{"error":"","level":"error","message":"Redis connection error","service":"vendorlink-api","timestamp":"2026-02-26T04:43:49.840Z"}
{"error":"","level":"error","message":"Redis connection error","service":"vendorlink-api","timestamp":"2026-02-26T04:43:50.356Z"}
{"error":"","level":"error","message":"Redis connection error","service":"vendorlink-api","timestamp":"2026-02-26T04:43:50.871Z"}
{"error":"","level":"error","message":"Redis connection error","service":"vendorlink-api","timestamp":"2026-02-26T04:43:51.388Z"}
{"error":"","level":"error","message":"Redis connection error","service":"vendorlink-api","timestamp":"2026-02-26T04:43:51.902Z"}
{"error":"","level":"error","message":"Redis connection error","service":"vendorlink-api","timestamp":"2026-02-26T04:43:52.405Z"}
{"error":"","level":"error","message":"Redis connection error","service":"vendorlink-api","timestamp":"2026-02-26T04:43:52.908Z"}
{"error":"","level":"error","message":"Redis connection error","service":"vendorlink-api","timestamp":"2026-02-26T04:43:53.411Z"}
{"error":"","level":"error","message":"Redis connection error","service":"vendorlink-api","timestamp":"2026-02-26T04:43:53.913Z"}
{"error":"","level":"error","message":"Redis connection error","service":"vendorlink-api","timestamp":"2026-02-26T04:43:54.416Z"}
{"error":"","level":"error","message":"Redis connection error","service":"vendorlink-api","timestamp":"2026-02-26T04:43:54.918Z"}
{"error":"","level":"error","message":"Redis connection error","service":"vendorlink-api","timestamp":"2026-02-26T04:43:55.435Z"}
{"error":"","level":"error","message":"Redis connection error","service":"vendorlink-api","timestamp":"2026-02-26T04:43:55.939Z"}
{"error":"","level":"error","message":"Redis connection error","service":"vendorlink-api","timestamp":"2026-02-26T04:43:56.441Z"}
{"error":"","level":"error","message":"Redis connection error","service":"vendorlink-api","timestamp":"2026-02-26T04:43:56.943Z"}
{"error":"","level":"error","message":"Redis connection error","service":"vendorlink-api","timestamp":"2026-02-26T04:43:57.460Z"}
{"error":"","level":"error","message":"Redis connection error","service":"vendorlink-api","timestamp":"2026-02-26T04:43:57.963Z"}
{"error":"","level":"error","message":"Redis connection error","service":"vendorlink-api","timestamp":"2026-02-26T04:43:58.478Z"}
{"error":"","level":"error","message":"Redis connection error","service":"vendorlink-api","timestamp":"2026-02-26T04:43:58.994Z"}
{"error":"","level":"error","message":"Redis connection error","service":"vendorlink-api","timestamp":"2026-02-26T04:43:59.511Z"}
{"error":"","level":"error","message":"Redis connection error","service":"vendorlink-api","timestamp":"2026-02-26T04:44:00.027Z"}
{"error":"","level":"error","message":"Redis connection error","service":"vendorlink-api","timestamp":"2026-02-26T04:44:00.538Z"}
{"error":"","level":"error","message":"Redis connection error","service":"vendorlink-api","timestamp":"2026-02-26T04:44:01.039Z"}
{"error":"","level":"error","message":"Redis connection error","service":"vendorlink-api","timestamp":"2026-02-26T04:44:01.541Z"}
{"error":"","level":"error","message":"Redis connection error","service":"vendorlink-api","timestamp":"2026-02-26T04:44:02.043Z"}
{"error":"","level":"error","message":"Redis connection error","service":"vendorlink-api","timestamp":"2026-02-26T04:44:02.547Z"}
{"error":"","level":"error","message":"Redis connection error","service":"vendorlink-api","timestamp":"2026-02-26T04:44:03.062Z"}
{"error":"","level":"error","message":"Redis connection error","service":"vendorlink-api","timestamp":"2026-02-26T04:44:03.579Z"}
{"error":"","level":"error","message":"Redis connection error","service":"vendorlink-api","timestamp":"2026-02-26T04:44:04.082Z"}
{"error":"","level":"error","message":"Redis connection error","service":"vendorlink-api","timestamp":"2026-02-26T04:44:04.598Z"}
{"error":"","level":"error","message":"Redis connection error","service":"vendorlink-api","timestamp":"2026-02-26T04:44:05.101Z"}
{"error":"","level":"error","message":"Redis connection error","service":"vendorlink-api","timestamp":"2026-02-26T04:44:05.617Z"}
{"error":"","level":"error","message":"Redis connection error","service":"vendorlink-api","timestamp":"2026-02-26T04:44:06.134Z"}
{"error":"","level":"error","message":"Redis connection error","service":"vendorlink-api","timestamp":"2026-02-26T04:44:06.648Z"}
{"error":"","level":"error","message":"Redis connection error","service":"vendorlink-api","timestamp":"2026-02-26T04:44:07.163Z"}
{"error":"","level":"error","message":"Redis connection error","service":"vendorlink-api","timestamp":"2026-02-26T04:44:07.679Z"}
{"error":"","level":"error","message":"Redis connection error","service":"vendorlink-api","timestamp":"2026-02-26T04:44:08.184Z"}
{"error":"","level":"error","message":"Redis connection error","service":"vendorlink-api","timestamp":"2026-02-26T04:44:08.701Z"}
{"error":"","level":"error","message":"Redis connection error","service":"vendorlink-api","timestamp":"2026-02-26T04:44:09.258Z"}
{"error":"","level":"error","message":"Redis connection error","service":"vendorlink-api","timestamp":"2026-02-26T04:44:09.776Z"}
{"error":"","level":"error","message":"Redis connection error","service":"vendorlink-api","timestamp":"2026-02-26T04:44:10.288Z"}
{"error":"","level":"error","message":"Redis connection error","service":"vendorlink-api","timestamp":"2026-02-26T04:44:10.803Z"}
{"error":"","level":"error","message":"Redis connection error","service":"vendorlink-api","timestamp":"2026-02-26T04:44:11.319Z"}
{"error":"","level":"error","message":"Redis connection error","service":"vendorlink-api","timestamp":"2026-02-26T04:44:11.825Z"}
{"error":"","level":"error","message":"Redis connection error","service":"vendorlink-api","timestamp":"2026-02-26T04:44:12.342Z"}
{"error":"","level":"error","message":"Redis connection error","service":"vendorlink-api","timestamp":"2026-02-26T04:44:12.856Z"}
{"error":"","level":"error","message":"Redis connection error","service":"vendorlink-api","timestamp":"2026-02-26T04:44:13.375Z"}
{"error":"","level":"error","message":"Redis connection error","service":"vendorlink-api","timestamp":"2026-02-26T04:44:13.886Z"}
{"error":"","level":"error","message":"Redis connection error","service":"vendorlink-api","timestamp":"2026-02-26T04:44:14.399Z"}
{"error":"","level":"error","message":"Redis connection error","service":"vendorlink-api","timestamp":"2026-02-26T04:44:14.913Z"}
{"error":"","level":"error","message":"Redis connection error","service":"vendorlink-api","timestamp":"2026-02-26T04:44:15.430Z"}
{"error":"","level":"error","message":"Redis connection error","service":"vendorlink-api","timestamp":"2026-02-26T04:44:15.944Z"}
{"error":"","level":"error","message":"Redis connection error","service":"vendorlink-api","timestamp":"2026-02-26T04:44:16.446Z"}
{"error":"","level":"error","message":"Redis connection error","service":"vendorlink-api","timestamp":"2026-02-26T04:44:16.960Z"}
{"error":"","level":"error","message":"Redis connection error","service":"vendorlink-api","timestamp":"2026-02-26T04:44:17.471Z"}
{"error":"","level":"error","message":"Redis connection error","service":"vendorlink-api","timestamp":"2026-02-26T04:44:17.988Z"}
{"error":"","level":"error","message":"Redis connection error","service":"vendorlink-api","timestamp":"2026-02-26T04:44:18.503Z"}
{"error":"","level":"error","message":"Redis connection error","service":"vendorlink-api","timestamp":"2026-02-26T04:44:19.018Z"}
{"error":"","level":"error","message":"Redis connection error","service":"vendorlink-api","timestamp":"2026-02-26T04:44:19.523Z"}
{"error":"","level":"error","message":"Redis connection error","service":"vendorlink-api","timestamp":"2026-02-26T04:44:20.030Z"}
{"error":"","level":"error","message":"Redis connection error","service":"vendorlink-api","timestamp":"2026-02-26T04:44:20.536Z"}
{"error":"","level":"error","message":"Redis connection error","service":"vendorlink-api","timestamp":"2026-02-26T04:44:21.053Z"}
{"error":"","level":"error","message":"Redis connection error","service":"vendorlink-api","timestamp":"2026-02-26T04:44:21.568Z"}
{"error":"","level":"error","message":"Redis connection error","service":"vendorlink-api","timestamp":"2026-02-26T04:44:22.085Z"}
{"error":"","level":"error","message":"Redis connection error","service":"vendorlink-api","timestamp":"2026-02-26T04:44:22.602Z"}
{"error":"","level":"error","message":"Redis connection error","service":"vendorlink-api","timestamp":"2026-02-26T04:44:23.104Z"}
{"error":"","level":"error","message":"Redis connection error","service":"vendorlink-api","timestamp":"2026-02-26T04:44:23.620Z"}
{"error":"","level":"error","message":"Redis connection error","service":"vendorlink-api","timestamp":"2026-02-26T04:44:24.136Z"}
{"error":"","level":"error","message":"Redis connection error","service":"vendorlink-api","timestamp":"2026-02-26T04:44:24.652Z"}
{"error":"","level":"error","message":"Redis connection error","service":"vendorlink-api","timestamp":"2026-02-26T04:44:25.165Z"}
{"error":"","level":"error","message":"Redis connection error","service":"vendorlink-api","timestamp":"2026-02-26T04:44:25.681Z"}
{"error":"","level":"error","message":"Redis connection error","service":"vendorlink-api","timestamp":"2026-02-26T04:44:26.198Z"}
{"error":"","level":"error","message":"Redis connection error","service":"vendorlink-api","timestamp":"2026-02-26T04:44:26.713Z"}
{"error":"","level":"error","message":"Redis connection error","service":"vendorlink-api","timestamp":"2026-02-26T04:44:27.228Z"}
{"error":"","level":"error","message":"Redis connection error","service":"vendorlink-api","timestamp":"2026-02-26T04:44:27.743Z"}
{"error":"","level":"error","message":"Redis connection error","service":"vendorlink-api","timestamp":"2026-02-26T04:44:28.258Z"}
{"error":"","level":"error","message":"Redis connection error","service":"vendorlink-api","timestamp":"2026-02-26T04:44:28.771Z"}
{"error":"","level":"error","message":"Redis connection error","service":"vendorlink-api","timestamp":"2026-02-26T04:44:29.283Z"}
{"error":"","level":"error","message":"Redis connection error","service":"vendorlink-api","timestamp":"2026-02-26T04:44:29.800Z"}
{"error":"","level":"error","message":"Redis connection error","service":"vendorlink-api","timestamp":"2026-02-26T04:44:30.304Z"}
{"error":"","level":"error","message":"Redis connection error","service":"vendorlink-api","timestamp":"2026-02-26T04:44:30.822Z"}
{"error":"","level":"error","message":"Redis connection error","service":"vendorlink-api","timestamp":"2026-02-26T04:44:31.339Z"}
{"error":"","level":"error","message":"Redis connection error","service":"vendorlink-api","timestamp":"2026-02-26T04:44:31.854Z"}
{"error":"","level":"error","message":"Redis connection error","service":"vendorlink-api","timestamp":"2026-02-26T04:44:32.358Z"}
{"error":"","level":"error","message":"Redis connection error","service":"vendorlink-api","timestamp":"2026-02-26T04:44:32.876Z"}
{"error":"","level":"error","message":"Redis connection error","service":"vendorlink-api","timestamp":"2026-02-26T04:44:33.380Z"}
{"error":"","level":"error","message":"Redis connection error","service":"vendorlink-api","timestamp":"2026-02-26T04:44:33.894Z"}
{"error":"","level":"error","message":"Redis connection error","service":"vendorlink-api","timestamp":"2026-02-26T04:44:34.411Z"}
{"error":"","level":"error","message":"Redis connection error","service":"vendorlink-api","timestamp":"2026-02-26T04:44:34.925Z"}
{"error":"","level":"error","message":"Redis connection error","service":"vendorlink-api","timestamp":"2026-02-26T04:44:35.440Z"}
{"error":"","level":"error","message":"Redis connection error","service":"vendorlink-api","timestamp":"2026-02-26T04:44:35.957Z"}
{"error":"","level":"error","message":"Redis connection error","service":"vendorlink-api","timestamp":"2026-02-26T04:44:36.467Z"}
{"error":"","level":"error","message":"Redis connection error","service":"vendorlink-api","timestamp":"2026-02-26T04:44:36.978Z"}
{"error":"","level":"error","message":"Redis connection error","service":"vendorlink-api","timestamp":"2026-02-26T04:44:37.496Z"}
{"error":"","level":"error","message":"Redis connection error","service":"vendorlink-api","timestamp":"2026-02-26T04:44:38.000Z"}
{"error":"","level":"error","message":"Redis connection error","service":"vendorlink-api","timestamp":"2026-02-26T04:44:38.518Z"}
{"error":"","level":"error","message":"Redis connection error","service":"vendorlink-api","timestamp":"2026-02-26T04:44:39.032Z"}
{"error":"","level":"error","message":"Redis connection error","service":"vendorlink-api","timestamp":"2026-02-26T04:44:39.547Z"}
{"error":"","level":"error","message":"Redis connection error","service":"vendorlink-api","timestamp":"2026-02-26T04:44:40.062Z"}
{"error":"","level":"error","message":"Redis connection error","service":"vendorlink-api","timestamp":"2026-02-26T04:44:40.580Z"}
{"error":"","level":"error","message":"Redis connection error","service":"vendorlink-api","timestamp":"2026-02-26T04:44:41.083Z"}
{"error":"","level":"error","message":"Redis connection error","service":"vendorlink-api","timestamp":"2026-02-26T04:44:41.593Z"}
{"error":"","level":"error","message":"Redis connection error","service":"vendorlink-api","timestamp":"2026-02-26T04:44:42.100Z"}
{"error":"","level":"error","message":"Redis connection error","service":"vendorlink-api","timestamp":"2026-02-26T04:44:42.612Z"}
{"error":"","level":"error","message":"Redis connection error","service":"vendorlink-api","timestamp":"2026-02-26T04:44:43.129Z"}
{"error":"","level":"error","message":"Redis connection error","service":"vendorlink-api","timestamp":"2026-02-26T04:44:43.634Z"}
{"error":"","level":"error","message":"Redis connection error","service":"vendorlink-api","timestamp":"2026-02-26T04:44:44.139Z"}
{"error":"","level":"error","message":"Redis connection error","service":"vendorlink-api","timestamp":"2026-02-26T04:44:44.650Z"}
{"error":"","level":"error","message":"Redis connection error","service":"vendorlink-api","timestamp":"2026-02-26T04:44:45.170Z"}
{"error":"","level":"error","message":"Redis connection error","service":"vendorlink-api","timestamp":"2026-02-26T04:44:45.684Z"}
{"error":"","level":"error","message":"Redis connection error","service":"vendorlink-api","timestamp":"2026-02-26T04:44:46.188Z"}
{"error":"","level":"error","message":"Redis connection error","service":"vendorlink-api","timestamp":"2026-02-26T04:44:46.702Z"}
{"error":"","level":"error","message":"Redis connection error","service":"vendorlink-api","timestamp":"2026-02-26T04:44:47.222Z"}
{"error":"","level":"error","message":"Redis connection error","service":"vendorlink-api","timestamp":"2026-02-26T04:44:47.736Z"}
{"error":"","level":"error","message":"Redis connection error","service":"vendorlink-api","timestamp":"2026-02-26T04:44:48.240Z"}
{"error":"","level":"error","message":"Redis connection error","service":"vendorlink-api","timestamp":"2026-02-26T04:44:48.759Z"}
{"error":"","level":"error","message":"Redis connection error","service":"vendorlink-api","timestamp":"2026-02-26T04:44:49.272Z"}
{"error":"","level":"error","message":"Redis connection error","service":"vendorlink-api","timestamp":"2026-02-26T04:44:49.776Z"}
{"error":"","level":"error","message":"Redis connection error","service":"vendorlink-api","timestamp":"2026-02-26T04:44:50.278Z"}
{"error":"","level":"error","message":"Redis connection error","service":"vendorlink-api","timestamp":"2026-02-26T04:44:50.790Z"}
{"error":"","level":"error","message":"Redis connection error","service":"vendorlink-api","timestamp":"2026-02-26T04:44:51.306Z"}
{"error":"","level":"error","message":"Redis connection error","service":"vendorlink-api","timestamp":"2026-02-26T04:44:51.822Z"}
{"error":"","level":"error","message":"Redis connection error","service":"vendorlink-api","timestamp":"2026-02-26T04:44:52.335Z"}
{"error":"","level":"error","message":"Redis connection error","service":"vendorlink-api","timestamp":"2026-02-26T04:44:52.837Z"}
{"error":"","level":"error","message":"Redis connection error","service":"vendorlink-api","timestamp":"2026-02-26T04:44:53.342Z"}
{"error":"","level":"error","message":"Redis connection error","service":"vendorlink-api","timestamp":"2026-02-26T04:44:53.860Z"}
{"error":"","level":"error","message":"Redis connection error","service":"vendorlink-api","timestamp":"2026-02-26T04:44:54.366Z"}
{"error":"","level":"error","message":"Redis connection error","service":"vendorlink-api","timestamp":"2026-02-26T04:44:54.881Z"}
{"error":"","level":"error","message":"Redis connection error","service":"vendorlink-api","timestamp":"2026-02-26T04:44:55.396Z"}
{"error":"","level":"error","message":"Redis connection error","service":"vendorlink-api","timestamp":"2026-02-26T04:44:55.912Z"}
{"error":"","level":"error","message":"Redis connection error","service":"vendorlink-api","timestamp":"2026-02-26T04:44:56.423Z"}
{"error":"","level":"error","message":"Redis connection error","service":"vendorlink-api","timestamp":"2026-02-26T04:44:56.931Z"}
{"error":"","level":"error","message":"Redis connection error","service":"vendorlink-api","timestamp":"2026-02-26T04:44:57.443Z"}
{"error":"","level":"error","message":"Redis connection error","service":"vendorlink-api","timestamp":"2026-02-26T04:44:57.956Z"}
{"error":"","level":"error","message":"Redis connection error","service":"vendorlink-api","timestamp":"2026-02-26T04:44:58.469Z"}
{"error":"","level":"error","message":"Redis connection error","service":"vendorlink-api","timestamp":"2026-02-26T04:44:58.982Z"}
{"error":"","level":"error","message":"Redis connection error","service":"vendorlink-api","timestamp":"2026-02-26T04:44:59.495Z"}
{"error":"","level":"error","message":"Redis connection error","service":"vendorlink-api","timestamp":"2026-02-26T04:45:00.013Z"}
{"error":"","level":"error","message":"Redis connection error","service":"vendorlink-api","timestamp":"2026-02-26T04:45:00.524Z"}
{"error":"","level":"error","message":"Redis connection error","service":"vendorlink-api","timestamp":"2026-02-26T04:45:01.041Z"}
{"error":"","level":"error","message":"Redis connection error","service":"vendorlink-api","timestamp":"2026-02-26T04:45:01.554Z"}
{"error":"","level":"error","message":"Redis connection error","service":"vendorlink-api","timestamp":"2026-02-26T04:45:02.056Z"}
{"error":"","level":"error","message":"Redis connection error","service":"vendorlink-api","timestamp":"2026-02-26T04:45:02.558Z"}
{"error":"","level":"error","message":"Redis connection error","service":"vendorlink-api","timestamp":"2026-02-26T04:45:03.062Z"}
{"error":"","level":"error","message":"Redis connection error","service":"vendorlink-api","timestamp":"2026-02-26T04:45:03.576Z"}
{"error":"","level":"error","message":"Redis connection error","service":"vendorlink-api","timestamp":"2026-02-26T04:45:04.090Z"}
{"error":"","level":"error","message":"Redis connection error","service":"vendorlink-api","timestamp":"2026-02-26T04:45:04.608Z"}
{"error":"","level":"error","message":"Redis connection error","service":"vendorlink-api","timestamp":"2026-02-26T04:45:05.125Z"}
{"error":"","level":"error","message":"Redis connection error","service":"vendorlink-api","timestamp":"2026-02-26T04:45:05.627Z"}
{"error":"","level":"error","message":"Redis connection error","service":"vendorlink-api","timestamp":"2026-02-26T04:45:06.132Z"}
{"error":"","level":"error","message":"Redis connection error","service":"vendorlink-api","timestamp":"2026-02-26T04:45:06.637Z"}
{"error":"","level":"error","message":"Redis connection error","service":"vendorlink-api","timestamp":"2026-02-26T04:45:07.143Z"}
{"error":"","level":"error","message":"Redis connection error","service":"vendorlink-api","timestamp":"2026-02-26T04:45:07.656Z"}
{"error":"","level":"error","message":"Redis connection error","service":"vendorlink-api","timestamp":"2026-02-26T04:45:08.170Z"}
{"error":"","level":"error","message":"Redis connection error","service":"vendorlink-api","timestamp":"2026-02-26T04:45:08.673Z"}
{"error":"","level":"error","message":"Redis connection error","service":"vendorlink-api","timestamp":"2026-02-26T04:45:09.188Z"}
{"error":"","level":"error","message":"Redis connection error","service":"vendorlink-api","timestamp":"2026-02-26T04:45:09.703Z"}
{"error":"","level":"error","message":"Redis connection error","service":"vendorlink-api","timestamp":"2026-02-26T04:45:10.216Z"}
{"error":"","level":"error","message":"Redis connection error","service":"vendorlink-api","timestamp":"2026-02-26T04:45:10.721Z"}
{"error":"","level":"error","message":"Redis connection error","service":"vendorlink-api","timestamp":"2026-02-26T04:45:11.224Z"}
{"error":"","level":"error","message":"Redis connection error","service":"vendorlink-api","timestamp":"2026-02-26T04:45:11.726Z"}
{"error":"","level":"error","message":"Redis connection error","service":"vendorlink-api","timestamp":"2026-02-26T04:45:12.229Z"}
{"error":"","level":"error","message":"Redis connection error","service":"vendorlink-api","timestamp":"2026-02-26T04:45:12.746Z"}
{"error":"","level":"error","message":"Redis connection error","service":"vendorlink-api","timestamp":"2026-02-26T04:45:13.249Z"}
{"error":"","level":"error","message":"Redis connection error","service":"vendorlink-api","timestamp":"2026-02-26T04:45:13.767Z"}
{"error":"","level":"error","message":"Redis connection error","service":"vendorlink-api","timestamp":"2026-02-26T04:45:14.273Z"}
{"error":"","level":"error","message":"Redis connection error","service":"vendorlink-api","timestamp":"2026-02-26T04:45:14.777Z"}
{"error":"","level":"error","message":"Redis connection error","service":"vendorlink-api","timestamp":"2026-02-26T04:45:15.293Z"}
{"error":"","level":"error","message":"Redis connection error","service":"vendorlink-api","timestamp":"2026-02-26T04:45:15.796Z"}
{"error":"","level":"error","message":"Redis connection error","service":"vendorlink-api","timestamp":"2026-02-26T04:45:16.313Z"}
{"error":"","level":"error","message":"Redis connection error","service":"vendorlink-api","timestamp":"2026-02-26T04:45:16.817Z"}
{"error":"","level":"error","message":"Redis connection error","service":"vendorlink-api","timestamp":"2026-02-26T04:45:17.332Z"}
{"error":"","level":"error","message":"Redis connection error","service":"vendorlink-api","timestamp":"2026-02-26T04:45:17.848Z"}
{"error":"","level":"error","message":"Redis connection error","service":"vendorlink-api","timestamp":"2026-02-26T04:45:18.362Z"}
{"error":"","level":"error","message":"Redis connection error","service":"vendorlink-api","timestamp":"2026-02-26T04:45:18.879Z"}
{"error":"","level":"error","message":"Redis connection error","service":"vendorlink-api","timestamp":"2026-02-26T04:45:19.381Z"}
{"error":"","level":"error","message":"Redis connection error","service":"vendorlink-api","timestamp":"2026-02-26T04:45:19.896Z"}
{"error":"","level":"error","message":"Redis connection error","service":"vendorlink-api","timestamp":"2026-02-26T04:45:20.413Z"}
{"error":"","level":"error","message":"Redis connection error","service":"vendorlink-api","timestamp":"2026-02-26T04:45:20.915Z"}
{"error":"","level":"error","message":"Redis connection error","service":"vendorlink-api","timestamp":"2026-02-26T04:45:21.432Z"}
{"error":"","level":"error","message":"Redis connection error","service":"vendorlink-api","timestamp":"2026-02-26T04:45:21.937Z"}
{"error":"","level":"error","message":"Redis connection error","service":"vendorlink-api","timestamp":"2026-02-26T04:45:22.455Z"}
{"error":"","level":"error","message":"Redis connection error","service":"vendorlink-api","timestamp":"2026-02-26T04:45:22.968Z"}
{"error":"","level":"error","message":"Redis connection error","service":"vendorlink-api","timestamp":"2026-02-26T04:45:23.484Z"}
{"error":"","level":"error","message":"Redis connection error","service":"vendorlink-api","timestamp":"2026-02-26T04:45:23.997Z"}
{"error":"","level":"error","message":"Redis connection error","service":"vendorlink-api","timestamp":"2026-02-26T04:45:24.512Z"}
{"error":"","level":"error","message":"Redis connection error","service":"vendorlink-api","timestamp":"2026-02-26T04:45:25.026Z"}
{"error":"","level":"error","message":"Redis connection error","service":"vendorlink-api","timestamp":"2026-02-26T04:45:25.542Z"}
{"error":"","level":"error","message":"Redis connection error","service":"vendorlink-api","timestamp":"2026-02-26T04:45:26.059Z"}
{"error":"","level":"error","message":"Redis connection error","service":"vendorlink-api","timestamp":"2026-02-26T04:45:26.576Z"}
{"error":"","level":"error","message":"Redis connection error","service":"vendorlink-api","timestamp":"2026-02-26T04:45:27.082Z"}
{"error":"","level":"error","message":"Redis connection error","service":"vendorlink-api","timestamp":"2026-02-26T04:45:27.598Z"}
{"error":"","level":"error","message":"Redis connection error","service":"vendorlink-api","timestamp":"2026-02-26T04:45:28.118Z"}
{"error":"","level":"error","message":"Redis connection error","service":"vendorlink-api","timestamp":"2026-02-26T04:45:28.633Z"}
{"error":"","level":"error","message":"Redis connection error","service":"vendorlink-api","timestamp":"2026-02-26T04:45:29.138Z"}
{"error":"","level":"error","message":"Redis connection error","service":"vendorlink-api","timestamp":"2026-02-26T04:45:29.641Z"}
{"error":"","level":"error","message":"Redis connection error","service":"vendorlink-api","timestamp":"2026-02-26T04:45:30.148Z"}
{"error":"","level":"error","message":"Redis connection error","service":"vendorlink-api","timestamp":"2026-02-26T04:45:30.654Z"}
{"error":"","level":"error","message":"Redis connection error","service":"vendorlink-api","timestamp":"2026-02-26T04:45:31.168Z"}
{"error":"","level":"error","message":"Redis connection error","service":"vendorlink-api","timestamp":"2026-02-26T04:45:31.676Z"}
{"error":"","level":"error","message":"Redis connection error","service":"vendorlink-api","timestamp":"2026-02-26T04:45:32.184Z"}
{"error":"","level":"error","message":"Redis connection error","service":"vendorlink-api","timestamp":"2026-02-26T04:45:32.686Z"}
{"error":"","level":"error","message":"Redis connection error","service":"vendorlink-api","timestamp":"2026-02-26T04:45:33.189Z"}
{"error":"","level":"error","message":"Redis connection error","service":"vendorlink-api","timestamp":"2026-02-26T04:45:33.706Z"}
{"error":"","level":"error","message":"Redis connection error","service":"vendorlink-api","timestamp":"2026-02-26T04:45:34.210Z"}
{"error":"","level":"error","message":"Redis connection error","service":"vendorlink-api","timestamp":"2026-02-26T04:45:34.726Z"}
{"error":"","level":"error","message":"Redis connection error","service":"vendorlink-api","timestamp":"2026-02-26T04:45:35.239Z"}
{"error":"","level":"error","message":"Redis connection error","service":"vendorlink-api","timestamp":"2026-02-26T04:45:35.743Z"}
{"error":"","level":"error","message":"Redis connection error","service":"vendorlink-api","timestamp":"2026-02-26T04:45:36.256Z"}
{"error":"","level":"error","message":"Redis connection error","service":"vendorlink-api","timestamp":"2026-02-26T04:45:36.772Z"}
{"error":"","level":"error","message":"Redis connection error","service":"vendorlink-api","timestamp":"2026-02-26T04:45:37.286Z"}
{"error":"","level":"error","message":"Redis connection error","service":"vendorlink-api","timestamp":"2026-02-26T04:45:37.789Z"}
{"error":"","level":"error","message":"Redis connection error","service":"vendorlink-api","timestamp":"2026-02-26T04:45:38.307Z"}
{"error":"","level":"error","message":"Redis connection error","service":"vendorlink-api","timestamp":"2026-02-26T04:45:38.823Z"}
{"error":"","level":"error","message":"Redis connection error","service":"vendorlink-api","timestamp":"2026-02-26T04:45:39.325Z"}
{"error":"","level":"error","message":"Redis connection error","service":"vendorlink-api","timestamp":"2026-02-26T04:45:39.842Z"}
{"error":"","level":"error","message":"Redis connection error","service":"vendorlink-api","timestamp":"2026-02-26T04:45:40.344Z"}
{"error":"","level":"error","message":"Redis connection error","service":"vendorlink-api","timestamp":"2026-02-26T04:45:40.862Z"}
{"error":"","level":"error","message":"Redis connection error","service":"vendorlink-api","timestamp":"2026-02-26T04:45:41.380Z"}
{"error":"","level":"error","message":"Redis connection error","service":"vendorlink-api","timestamp":"2026-02-26T04:45:41.896Z"}
{"error":"","level":"error","message":"Redis connection error","service":"vendorlink-api","timestamp":"2026-02-26T04:45:42.400Z"}
{"error":"","level":"error","message":"Redis connection error","service":"vendorlink-api","timestamp":"2026-02-26T04:45:42.904Z"}
{"error":"","level":"error","message":"Redis connection error","service":"vendorlink-api","timestamp":"2026-02-26T04:45:43.415Z"}
{"error":"","level":"error","message":"Redis connection error","service":"vendorlink-api","timestamp":"2026-02-26T04:45:43.931Z"}
{"error":"","level":"error","message":"Redis connection error","service":"vendorlink-api","timestamp":"2026-02-26T04:45:44.434Z"}
{"error":"","level":"error","message":"Redis connection error","service":"vendorlink-api","timestamp":"2026-02-26T04:45:44.952Z"}
{"error":"","level":"error","message":"Redis connection error","service":"vendorlink-api","timestamp":"2026-02-26T04:45:45.454Z"}
{"error":"","level":"error","message":"Redis connection error","service":"vendorlink-api","timestamp":"2026-02-26T04:45:45.956Z"}
{"error":"","level":"error","message":"Redis connection error","service":"vendorlink-api","timestamp":"2026-02-26T04:45:46.458Z"}
{"error":"","level":"error","message":"Redis connection error","service":"vendorlink-api","timestamp":"2026-02-26T04:45:46.962Z"}
{"error":"","level":"error","message":"Redis connection error","service":"vendorlink-api","timestamp":"2026-02-26T04:45:47.465Z"}
{"error":"","level":"error","message":"Redis connection error","service":"vendorlink-api","timestamp":"2026-02-26T04:45:47.967Z"}
{"error":"","level":"error","message":"Redis connection error","service":"vendorlink-api","timestamp":"2026-02-26T04:45:48.486Z"}
{"error":"","level":"error","message":"Redis connection error","service":"vendorlink-api","timestamp":"2026-02-26T04:45:48.991Z"}
{"error":"","level":"error","message":"Redis connection error","service":"vendorlink-api","timestamp":"2026-02-26T04:45:49.508Z"}
{"error":"","level":"error","message":"Redis connection error","service":"vendorlink-api","timestamp":"2026-02-26T04:45:50.020Z"}
{"error":"","level":"error","message":"Redis connection error","service":"vendorlink-api","timestamp":"2026-02-26T04:45:50.523Z"}
{"error":"","level":"error","message":"Redis connection error","service":"vendorlink-api","timestamp":"2026-02-26T04:45:51.037Z"}
{"error":"","level":"error","message":"Redis connection error","service":"vendorlink-api","timestamp":"2026-02-26T04:45:51.551Z"}
{"error":"","level":"error","message":"Redis connection error","service":"vendorlink-api","timestamp":"2026-02-26T04:45:52.063Z"}
{"error":"","level":"error","message":"Redis connection error","service":"vendorlink-api","timestamp":"2026-02-26T04:45:52.580Z"}
{"error":"","level":"error","message":"Redis connection error","service":"vendorlink-api","timestamp":"2026-02-26T04:45:53.094Z"}
{"error":"","level":"error","message":"Redis connection error","service":"vendorlink-api","timestamp":"2026-02-26T04:45:53.609Z"}
{"error":"","level":"error","message":"Redis connection error","service":"vendorlink-api","timestamp":"2026-02-26T04:45:54.122Z"}
{"error":"","level":"error","message":"Redis connection error","service":"vendorlink-api","timestamp":"2026-02-26T04:45:54.637Z"}
{"error":"","level":"error","message":"Redis connection error","service":"vendorlink-api","timestamp":"2026-02-26T04:45:55.155Z"}
{"error":"","level":"error","message":"Redis connection error","service":"vendorlink-api","timestamp":"2026-02-26T04:45:55.667Z"}
{"error":"","level":"error","message":"Redis connection error","service":"vendorlink-api","timestamp":"2026-02-26T04:45:56.169Z"}
{"error":"","level":"error","message":"Redis connection error","service":"vendorlink-api","timestamp":"2026-02-26T04:45:56.681Z"}
{"error":"","level":"error","message":"Redis connection error","service":"vendorlink-api","timestamp":"2026-02-26T04:45:57.199Z"}
{"error":"","level":"error","message":"Redis connection error","service":"vendorlink-api","timestamp":"2026-02-26T04:45:57.714Z"}
{"error":"","level":"error","message":"Redis connection error","service":"vendorlink-api","timestamp":"2026-02-26T04:45:58.224Z"}
{"error":"","level":"error","message":"Redis connection error","service":"vendorlink-api","timestamp":"2026-02-26T04:45:58.735Z"}
{"error":"","level":"error","message":"Redis connection error","service":"vendorlink-api","timestamp":"2026-02-26T04:45:59.251Z"}
{"error":"","level":"error","message":"Redis connection error","service":"vendorlink-api","timestamp":"2026-02-26T04:45:59.755Z"}
{"error":"","level":"error","message":"Redis connection error","service":"vendorlink-api","timestamp":"2026-02-26T04:46:00.257Z"}
{"error":"","level":"error","message":"Redis connection error","service":"vendorlink-api","timestamp":"2026-02-26T04:46:00.774Z"}
{"error":"","level":"error","message":"Redis connection error","service":"vendorlink-api","timestamp":"2026-02-26T04:46:01.288Z"}
{"error":"","level":"error","message":"Redis connection error","service":"vendorlink-api","timestamp":"2026-02-26T04:46:01.802Z"}
{"error":"","level":"error","message":"Redis connection error","service":"vendorlink-api","timestamp":"2026-02-26T04:46:02.318Z"}
{"error":"","level":"error","message":"Redis connection error","service":"vendorlink-api","timestamp":"2026-02-26T04:46:02.832Z"}
{"error":"","level":"error","message":"Redis connection error","service":"vendorlink-api","timestamp":"2026-02-26T04:46:03.338Z"}
{"error":"","level":"error","message":"Redis connection error","service":"vendorlink-api","timestamp":"2026-02-26T04:46:03.853Z"}
{"error":"","level":"error","message":"Redis connection error","service":"vendorlink-api","timestamp":"2026-02-26T04:46:04.355Z"}
{"error":"","level":"error","message":"Redis connection error","service":"vendorlink-api","timestamp":"2026-02-26T04:46:04.858Z"}
{"error":"","level":"error","message":"Redis connection error","service":"vendorlink-api","timestamp":"2026-02-26T04:46:05.361Z"}
{"error":"","level":"error","message":"Redis connection error","service":"vendorlink-api","timestamp":"2026-02-26T04:46:05.863Z"}
{"error":"","level":"error","message":"Redis connection error","service":"vendorlink-api","timestamp":"2026-02-26T04:46:06.378Z"}
{"error":"","level":"error","message":"Redis connection error","service":"vendorlink-api","timestamp":"2026-02-26T04:46:06.895Z"}
{"error":"","level":"error","message":"Redis connection error","service":"vendorlink-api","timestamp":"2026-02-26T04:46:07.414Z"}
{"error":"","level":"error","message":"Redis connection error","service":"vendorlink-api","timestamp":"2026-02-26T04:46:07.929Z"}
{"error":"","level":"error","message":"Redis connection error","service":"vendorlink-api","timestamp":"2026-02-26T04:46:08.442Z"}
{"error":"","level":"error","message":"Redis connection error","service":"vendorlink-api","timestamp":"2026-02-26T04:46:08.961Z"}
{"error":"","level":"error","message":"Redis connection error","service":"vendorlink-api","timestamp":"2026-02-26T04:46:09.478Z"}
{"error":"","level":"error","message":"Redis connection error","service":"vendorlink-api","timestamp":"2026-02-26T04:46:09.997Z"}
{"error":"","level":"error","message":"Redis connection error","service":"vendorlink-api","timestamp":"2026-02-26T04:46:10.507Z"}
{"error":"","level":"error","message":"Redis connection error","service":"vendorlink-api","timestamp":"2026-02-26T04:46:11.023Z"}
{"error":"","level":"error","message":"Redis connection error","service":"vendorlink-api","timestamp":"2026-02-26T04:46:11.535Z"}
{"error":"","level":"error","message":"Redis connection error","service":"vendorlink-api","timestamp":"2026-02-26T04:46:12.047Z"}
{"error":"","level":"error","message":"Redis connection error","service":"vendorlink-api","timestamp":"2026-02-26T04:46:12.561Z"}
{"error":"","level":"error","message":"Redis connection error","service":"vendorlink-api","timestamp":"2026-02-26T04:46:13.073Z"}
{"error":"","level":"error","message":"Redis connection error","service":"vendorlink-api","timestamp":"2026-02-26T04:46:13.585Z"}
{"error":"","level":"error","message":"Redis connection error","service":"vendorlink-api","timestamp":"2026-02-26T04:46:14.088Z"}
{"error":"","level":"error","message":"Redis connection error","service":"vendorlink-api","timestamp":"2026-02-26T04:46:14.603Z"}
{"error":"","level":"error","message":"Redis connection error","service":"vendorlink-api","timestamp":"2026-02-26T04:46:15.116Z"}
{"error":"","level":"error","message":"Redis connection error","service":"vendorlink-api","timestamp":"2026-02-26T04:46:15.632Z"}
{"error":"","level":"error","message":"Redis connection error","service":"vendorlink-api","timestamp":"2026-02-26T04:46:16.147Z"}
{"error":"","level":"error","message":"Redis connection error","service":"vendorlink-api","timestamp":"2026-02-26T04:46:16.654Z"}
{"error":"","level":"error","message":"Redis connection error","service":"vendorlink-api","timestamp":"2026-02-26T04:46:17.161Z"}
{"error":"","level":"error","message":"Redis connection error","service":"vendorlink-api","timestamp":"2026-02-26T04:46:17.677Z"}
{"error":"","level":"error","message":"Redis connection error","service":"vendorlink-api","timestamp":"2026-02-26T04:46:18.192Z"}
{"error":"","level":"error","message":"Redis connection error","service":"vendorlink-api","timestamp":"2026-02-26T04:46:18.696Z"}
{"error":"","level":"error","message":"Redis connection error","service":"vendorlink-api","timestamp":"2026-02-26T04:46:19.208Z"}
{"error":"","level":"error","message":"Redis connection error","service":"vendorlink-api","timestamp":"2026-02-26T04:46:19.724Z"}
{"error":"","level":"error","message":"Redis connection error","service":"vendorlink-api","timestamp":"2026-02-26T04:46:20.239Z"}
{"error":"","level":"error","message":"Redis connection error","service":"vendorlink-api","timestamp":"2026-02-26T04:46:20.752Z"}
{"error":"","level":"error","message":"Redis connection error","service":"vendorlink-api","timestamp":"2026-02-26T04:46:21.268Z"}
{"error":"","level":"error","message":"Redis connection error","service":"vendorlink-api","timestamp":"2026-02-26T04:46:21.772Z"}
{"error":"","level":"error","message":"Redis connection error","service":"vendorlink-api","timestamp":"2026-02-26T04:46:22.276Z"}
{"error":"","level":"error","message":"Redis connection error","service":"vendorlink-api","timestamp":"2026-02-26T04:46:22.793Z"}
{"error":"","level":"error","message":"Redis connection error","service":"vendorlink-api","timestamp":"2026-02-26T04:46:23.310Z"}
{"error":"","level":"error","message":"Redis connection error","service":"vendorlink-api","timestamp":"2026-02-26T04:46:23.826Z"}
{"error":"","level":"error","message":"Redis connection error","service":"vendorlink-api","timestamp":"2026-02-26T04:46:24.331Z"}
{"error":"","level":"error","message":"Redis connection error","service":"vendorlink-api","timestamp":"2026-02-26T04:46:24.844Z"}
{"error":"","level":"error","message":"Redis connection error","service":"vendorlink-api","timestamp":"2026-02-26T04:46:25.348Z"}
{"error":"","level":"error","message":"Redis connection error","service":"vendorlink-api","timestamp":"2026-02-26T04:46:25.851Z"}
{"error":"","level":"error","message":"Redis connection error","service":"vendorlink-api","timestamp":"2026-02-26T04:46:26.369Z"}
{"error":"","level":"error","message":"Redis connection error","service":"vendorlink-api","timestamp":"2026-02-26T04:46:26.882Z"}
{"error":"","level":"error","message":"Redis connection error","service":"vendorlink-api","timestamp":"2026-02-26T04:46:27.398Z"}
{"error":"","level":"error","message":"Redis connection error","service":"vendorlink-api","timestamp":"2026-02-26T04:46:27.900Z"}
{"error":"","level":"error","message":"Redis connection error","service":"vendorlink-api","timestamp":"2026-02-26T04:46:28.403Z"}
{"error":"","level":"error","message":"Redis connection error","service":"vendorlink-api","timestamp":"2026-02-26T04:46:28.919Z"}
{"error":"","level":"error","message":"Redis connection error","service":"vendorlink-api","timestamp":"2026-02-26T04:46:29.432Z"}
{"error":"","level":"error","message":"Redis connection error","service":"vendorlink-api","timestamp":"2026-02-26T04:46:29.947Z"}
{"error":"","level":"error","message":"Redis connection error","service":"vendorlink-api","timestamp":"2026-02-26T04:46:30.461Z"}
{"error":"","level":"error","message":"Redis connection error","service":"vendorlink-api","timestamp":"2026-02-26T04:46:30.966Z"}
{"error":"","level":"error","message":"Redis connection error","service":"vendorlink-api","timestamp":"2026-02-26T04:46:31.485Z"}
{"error":"","level":"error","message":"Redis connection error","service":"vendorlink-api","timestamp":"2026-02-26T04:46:32.000Z"}
{"error":"","level":"error","message":"Redis connection error","service":"vendorlink-api","timestamp":"2026-02-26T04:46:32.516Z"}
{"error":"","level":"error","message":"Redis connection error","service":"vendorlink-api","timestamp":"2026-02-26T04:46:33.032Z"}
{"error":"","level":"error","message":"Redis connection error","service":"vendorlink-api","timestamp":"2026-02-26T04:46:33.545Z"}
{"error":"","level":"error","message":"Redis connection error","service":"vendorlink-api","timestamp":"2026-02-26T04:46:34.059Z"}
{"error":"","level":"error","message":"Redis connection error","service":"vendorlink-api","timestamp":"2026-02-26T04:46:34.560Z"}
{"error":"","level":"error","message":"Redis connection error","service":"vendorlink-api","timestamp":"2026-02-26T04:46:35.074Z"}
{"error":"","level":"error","message":"Redis connection error","service":"vendorlink-api","timestamp":"2026-02-26T04:46:35.580Z"}
{"error":"","level":"error","message":"Redis connection error","service":"vendorlink-api","timestamp":"2026-02-26T04:46:36.094Z"}
{"error":"","level":"error","message":"Redis connection error","service":"vendorlink-api","timestamp":"2026-02-26T04:46:36.598Z"}
{"error":"","level":"error","message":"Redis connection error","service":"vendorlink-api","timestamp":"2026-02-26T04:46:37.101Z"}
{"error":"","level":"error","message":"Redis connection error","service":"vendorlink-api","timestamp":"2026-02-26T04:46:37.607Z"}
{"error":"","level":"error","message":"Redis connection error","service":"vendorlink-api","timestamp":"2026-02-26T04:46:38.124Z"}
{"error":"","level":"error","message":"Redis connection error","service":"vendorlink-api","timestamp":"2026-02-26T04:46:38.637Z"}
{"error":"","level":"error","message":"Redis connection error","service":"vendorlink-api","timestamp":"2026-02-26T04:46:39.147Z"}
{"error":"","level":"error","message":"Redis connection error","service":"vendorlink-api","timestamp":"2026-02-26T04:46:39.663Z"}
{"error":"","level":"error","message":"Redis connection error","service":"vendorlink-api","timestamp":"2026-02-26T04:46:40.178Z"}
{"error":"","level":"error","message":"Redis connection error","service":"vendorlink-api","timestamp":"2026-02-26T04:46:40.694Z"}
{"error":"","level":"error","message":"Redis connection error","service":"vendorlink-api","timestamp":"2026-02-26T04:46:41.205Z"}
{"error":"","level":"error","message":"Redis connection error","service":"vendorlink-api","timestamp":"2026-02-26T04:46:41.721Z"}
{"error":"","level":"error","message":"Redis connection error","service":"vendorlink-api","timestamp":"2026-02-26T04:46:42.229Z"}
{"error":"","level":"error","message":"Redis connection error","service":"vendorlink-api","timestamp":"2026-02-26T04:46:42.732Z"}
{"error":"","level":"error","message":"Redis connection error","service":"vendorlink-api","timestamp":"2026-02-26T04:46:43.235Z"}
{"error":"","level":"error","message":"Redis connection error","service":"vendorlink-api","timestamp":"2026-02-26T04:46:43.739Z"}
{"error":"","level":"error","message":"Redis connection error","service":"vendorlink-api","timestamp":"2026-02-26T04:46:44.252Z"}
{"error":"","level":"error","message":"Redis connection error","service":"vendorlink-api","timestamp":"2026-02-26T04:46:44.768Z"}
{"error":"","level":"error","message":"Redis connection error","service":"vendorlink-api","timestamp":"2026-02-26T04:46:45.283Z"}
{"error":"","level":"error","message":"Redis connection error","service":"vendorlink-api","timestamp":"2026-02-26T04:46:45.796Z"}
{"error":"","level":"error","message":"Redis connection error","service":"vendorlink-api","timestamp":"2026-02-26T04:46:46.312Z"}
{"error":"","level":"error","message":"Redis connection error","service":"vendorlink-api","timestamp":"2026-02-26T04:46:46.814Z"}
{"error":"","level":"error","message":"Redis connection error","service":"vendorlink-api","timestamp":"2026-02-26T04:46:47.321Z"}
{"error":"","level":"error","message":"Redis connection error","service":"vendorlink-api","timestamp":"2026-02-26T04:46:47.826Z"}
{"error":"","level":"error","message":"Redis connection error","service":"vendorlink-api","timestamp":"2026-02-26T04:46:48.342Z"}
{"error":"","level":"error","message":"Redis connection error","service":"vendorlink-api","timestamp":"2026-02-26T04:46:48.859Z"}
{"error":"","level":"error","message":"Redis connection error","service":"vendorlink-api","timestamp":"2026-02-26T04:46:49.376Z"}
{"error":"","level":"error","message":"Redis connection error","service":"vendorlink-api","timestamp":"2026-02-26T04:46:49.892Z"}
{"error":"","level":"error","message":"Redis connection error","service":"vendorlink-api","timestamp":"2026-02-26T04:46:50.405Z"}
{"error":"","level":"error","message":"Redis connection error","service":"vendorlink-api","timestamp":"2026-02-26T04:46:50.919Z"}
{"error":"","level":"error","message":"Redis connection error","service":"vendorlink-api","timestamp":"2026-02-26T04:46:51.434Z"}
{"error":"","level":"error","message":"Redis connection error","service":"vendorlink-api","timestamp":"2026-02-26T04:46:51.937Z"}
{"error":"","level":"error","message":"Redis connection error","service":"vendorlink-api","timestamp":"2026-02-26T04:46:52.454Z"}
{"error":"","level":"error","message":"Redis connection error","service":"vendorlink-api","timestamp":"2026-02-26T04:46:52.959Z"}
{"error":"","level":"error","message":"Redis connection error","service":"vendorlink-api","timestamp":"2026-02-26T04:46:53.475Z"}
{"error":"","level":"error","message":"Redis connection error","service":"vendorlink-api","timestamp":"2026-02-26T04:46:53.979Z"}
{"error":"","level":"error","message":"Redis connection error","service":"vendorlink-api","timestamp":"2026-02-26T04:46:54.496Z"}
{"error":"","level":"error","message":"Redis connection error","service":"vendorlink-api","timestamp":"2026-02-26T04:46:54.999Z"}
{"error":"","level":"error","message":"Redis connection error","service":"vendorlink-api","timestamp":"2026-02-26T04:46:55.502Z"}
{"error":"","level":"error","message":"Redis connection error","service":"vendorlink-api","timestamp":"2026-02-26T04:46:56.006Z"}
{"error":"","level":"error","message":"Redis connection error","service":"vendorlink-api","timestamp":"2026-02-26T04:46:56.508Z"}
{"error":"","level":"error","message":"Redis connection error","service":"vendorlink-api","timestamp":"2026-02-26T04:46:57.010Z"}
{"error":"","level":"error","message":"Redis connection error","service":"vendorlink-api","timestamp":"2026-02-26T04:46:57.514Z"}
{"error":"","level":"error","message":"Redis connection error","service":"vendorlink-api","timestamp":"2026-02-26T04:46:58.016Z"}
{"error":"","level":"error","message":"Redis connection error","service":"vendorlink-api","timestamp":"2026-02-26T04:46:58.531Z"}
{"error":"","level":"error","message":"Redis connection error","service":"vendorlink-api","timestamp":"2026-02-26T04:46:59.047Z"}
{"error":"","level":"error","message":"Redis connection error","service":"vendorlink-api","timestamp":"2026-02-26T04:46:59.562Z"}
{"error":"","level":"error","message":"Redis connection error","service":"vendorlink-api","timestamp":"2026-02-26T04:47:00.079Z"}
{"error":"","level":"error","message":"Redis connection error","service":"vendorlink-api","timestamp":"2026-02-26T04:47:00.581Z"}
{"error":"","level":"error","message":"Redis connection error","service":"vendorlink-api","timestamp":"2026-02-26T04:47:01.094Z"}
{"error":"","level":"error","message":"Redis connection error","service":"vendorlink-api","timestamp":"2026-02-26T04:47:01.606Z"}
{"error":"","level":"error","message":"Redis connection error","service":"vendorlink-api","timestamp":"2026-02-26T04:47:02.116Z"}
{"error":"","level":"error","message":"Redis connection error","service":"vendorlink-api","timestamp":"2026-02-26T04:47:02.631Z"}
{"error":"","level":"error","message":"Redis connection error","service":"vendorlink-api","timestamp":"2026-02-26T04:47:03.145Z"}
{"error":"","level":"error","message":"Redis connection error","service":"vendorlink-api","timestamp":"2026-02-26T04:47:03.659Z"}
{"error":"","level":"error","message":"Redis connection error","service":"vendorlink-api","timestamp":"2026-02-26T04:47:04.171Z"}
{"error":"","level":"error","message":"Redis connection error","service":"vendorlink-api","timestamp":"2026-02-26T04:47:04.676Z"}
{"error":"","level":"error","message":"Redis connection error","service":"vendorlink-api","timestamp":"2026-02-26T04:47:05.194Z"}
{"error":"","level":"error","message":"Redis connection error","service":"vendorlink-api","timestamp":"2026-02-26T04:47:05.705Z"}
{"error":"","level":"error","message":"Redis connection error","service":"vendorlink-api","timestamp":"2026-02-26T04:47:06.220Z"}
{"error":"","level":"error","message":"Redis connection error","service":"vendorlink-api","timestamp":"2026-02-26T04:47:06.736Z"}
{"error":"","level":"error","message":"Redis connection error","service":"vendorlink-api","timestamp":"2026-02-26T04:47:07.252Z"}
{"error":"","level":"error","message":"Redis connection error","service":"vendorlink-api","timestamp":"2026-02-26T04:47:07.759Z"}
{"error":"","level":"error","message":"Redis connection error","service":"vendorlink-api","timestamp":"2026-02-26T04:47:08.275Z"}
{"error":"","level":"error","message":"Redis connection error","service":"vendorlink-api","timestamp":"2026-02-26T04:47:08.792Z"}
{"error":"","level":"error","message":"Redis connection error","service":"vendorlink-api","timestamp":"2026-02-26T04:47:09.309Z"}
{"error":"","level":"error","message":"Redis connection error","service":"vendorlink-api","timestamp":"2026-02-26T04:47:09.826Z"}
{"error":"","level":"error","message":"Redis connection error","service":"vendorlink-api","timestamp":"2026-02-26T04:47:10.342Z"}
{"error":"","level":"error","message":"Redis connection error","service":"vendorlink-api","timestamp":"2026-02-26T04:47:10.857Z"}
{"error":"","level":"error","message":"Redis connection error","service":"vendorlink-api","timestamp":"2026-02-26T04:47:11.370Z"}
{"error":"","level":"error","message":"Redis connection error","service":"vendorlink-api","timestamp":"2026-02-26T04:47:11.872Z"}
{"error":"","level":"error","message":"Redis connection error","service":"vendorlink-api","timestamp":"2026-02-26T04:47:12.388Z"}
{"error":"","level":"error","message":"Redis connection error","service":"vendorlink-api","timestamp":"2026-02-26T04:47:12.902Z"}
{"error":"","level":"error","message":"Redis connection error","service":"vendorlink-api","timestamp":"2026-02-26T04:47:13.418Z"}
{"error":"","level":"error","message":"Redis connection error","service":"vendorlink-api","timestamp":"2026-02-26T04:47:13.933Z"}
{"error":"","level":"error","message":"Redis connection error","service":"vendorlink-api","timestamp":"2026-02-26T04:47:14.444Z"}
{"error":"","level":"error","message":"Redis connection error","service":"vendorlink-api","timestamp":"2026-02-26T04:47:14.958Z"}
{"error":"","level":"error","message":"Redis connection error","service":"vendorlink-api","timestamp":"2026-02-26T04:47:15.478Z"}
{"error":"","level":"error","message":"Redis connection error","service":"vendorlink-api","timestamp":"2026-02-26T04:47:15.987Z"}
{"error":"","level":"error","message":"Redis connection error","service":"vendorlink-api","timestamp":"2026-02-26T04:47:16.504Z"}
{"error":"","level":"error","message":"Redis connection error","service":"vendorlink-api","timestamp":"2026-02-26T04:47:17.017Z"}
{"error":"","level":"error","message":"Redis connection error","service":"vendorlink-api","timestamp":"2026-02-26T04:47:17.530Z"}
{"error":"","level":"error","message":"Redis connection error","service":"vendorlink-api","timestamp":"2026-02-26T04:47:18.043Z"}
{"error":"","level":"error","message":"Redis connection error","service":"vendorlink-api","timestamp":"2026-02-26T04:47:18.553Z"}
{"error":"","level":"error","message":"Redis connection error","service":"vendorlink-api","timestamp":"2026-02-26T04:47:19.072Z"}
{"error":"","level":"error","message":"Redis connection error","service":"vendorlink-api","timestamp":"2026-02-26T04:47:19.579Z"}
{"error":"","level":"error","message":"Redis connection error","service":"vendorlink-api","timestamp":"2026-02-26T04:47:20.096Z"}
{"error":"","level":"error","message":"Redis connection error","service":"vendorlink-api","timestamp":"2026-02-26T04:47:20.606Z"}
{"error":"","level":"error","message":"Redis connection error","service":"vendorlink-api","timestamp":"2026-02-26T04:47:21.120Z"}
{"error":"","level":"error","message":"Redis connection error","service":"vendorlink-api","timestamp":"2026-02-26T04:47:21.636Z"}
{"error":"","level":"error","message":"Redis connection error","service":"vendorlink-api","timestamp":"2026-02-26T04:47:22.152Z"}
{"error":"","level":"error","message":"Redis connection error","service":"vendorlink-api","timestamp":"2026-02-26T04:47:22.664Z"}
{"error":"","level":"error","message":"Redis connection error","service":"vendorlink-api","timestamp":"2026-02-26T04:47:23.182Z"}
{"error":"","level":"error","message":"Redis connection error","service":"vendorlink-api","timestamp":"2026-02-26T04:47:23.695Z"}
{"error":"","level":"error","message":"Redis connection error","service":"vendorlink-api","timestamp":"2026-02-26T04:47:24.210Z"}
{"error":"","level":"error","message":"Redis connection error","service":"vendorlink-api","timestamp":"2026-02-26T04:47:24.726Z"}
{"error":"","level":"error","message":"Redis connection error","service":"vendorlink-api","timestamp":"2026-02-26T04:47:25.237Z"}
{"error":"","level":"error","message":"Redis connection error","service":"vendorlink-api","timestamp":"2026-02-26T04:47:25.747Z"}
{"error":"","level":"error","message":"Redis connection error","service":"vendorlink-api","timestamp":"2026-02-26T04:47:26.262Z"}
{"error":"","level":"error","message":"Redis connection error","service":"vendorlink-api","timestamp":"2026-02-26T04:47:26.765Z"}
{"error":"","level":"error","message":"Redis connection error","service":"vendorlink-api","timestamp":"2026-02-26T04:47:27.275Z"}
{"error":"","level":"error","message":"Redis connection error","service":"vendorlink-api","timestamp":"2026-02-26T04:47:27.792Z"}
{"error":"","level":"error","message":"Redis connection error","service":"vendorlink-api","timestamp":"2026-02-26T04:47:28.306Z"}
{"error":"","level":"error","message":"Redis connection error","service":"vendorlink-api","timestamp":"2026-02-26T04:47:28.884Z"}
{"error":"","level":"error","message":"Redis connection error","service":"vendorlink-api","timestamp":"2026-02-26T04:47:29.407Z"}
{"error":"","level":"error","message":"Redis connection error","service":"vendorlink-api","timestamp":"2026-02-26T04:47:29.910Z"}
{"error":"","level":"error","message":"Redis connection error","service":"vendorlink-api","timestamp":"2026-02-26T04:47:30.426Z"}
{"error":"","level":"error","message":"Redis connection error","service":"vendorlink-api","timestamp":"2026-02-26T04:47:30.942Z"}
{"error":"","level":"error","message":"Redis connection error","service":"vendorlink-api","timestamp":"2026-02-26T04:47:31.455Z"}
{"error":"","level":"error","message":"Redis connection error","service":"vendorlink-api","timestamp":"2026-02-26T04:47:31.957Z"}
{"error":"","level":"error","message":"Redis connection error","service":"vendorlink-api","timestamp":"2026-02-26T04:47:32.477Z"}
{"error":"","level":"error","message":"Redis connection error","service":"vendorlink-api","timestamp":"2026-02-26T04:47:32.994Z"}
{"error":"","level":"error","message":"Redis connection error","service":"vendorlink-api","timestamp":"2026-02-26T04:47:33.512Z"}
{"error":"","level":"error","message":"Redis connection error","service":"vendorlink-api","timestamp":"2026-02-26T04:47:34.026Z"}
{"error":"","level":"error","message":"Redis connection error","service":"vendorlink-api","timestamp":"2026-02-26T04:47:34.541Z"}
{"error":"","level":"error","message":"Redis connection error","service":"vendorlink-api","timestamp":"2026-02-26T04:47:35.061Z"}
{"error":"","level":"error","message":"Redis connection error","service":"vendorlink-api","timestamp":"2026-02-26T04:47:35.576Z"}
{"error":"","level":"error","message":"Redis connection error","service":"vendorlink-api","timestamp":"2026-02-26T04:47:36.093Z"}
{"error":"","level":"error","message":"Redis connection error","service":"vendorlink-api","timestamp":"2026-02-26T04:47:36.610Z"}
{"error":"","level":"error","message":"Redis connection error","service":"vendorlink-api","timestamp":"2026-02-26T04:47:37.124Z"}
{"error":"","level":"error","message":"Redis connection error","service":"vendorlink-api","timestamp":"2026-02-26T04:47:37.640Z"}
{"error":"","level":"error","message":"Redis connection error","service":"vendorlink-api","timestamp":"2026-02-26T04:47:38.157Z"}
{"error":"","level":"error","message":"Redis connection error","service":"vendorlink-api","timestamp":"2026-02-26T04:47:38.673Z"}
{"error":"","level":"error","message":"Redis connection error","service":"vendorlink-api","timestamp":"2026-02-26T04:47:39.188Z"}
{"error":"","level":"error","message":"Redis connection error","service":"vendorlink-api","timestamp":"2026-02-26T04:47:39.705Z"}
{"error":"","level":"error","message":"Redis connection error","service":"vendorlink-api","timestamp":"2026-02-26T04:47:40.220Z"}
{"error":"","level":"error","message":"Redis connection error","service":"vendorlink-api","timestamp":"2026-02-26T04:47:40.732Z"}
{"error":"","level":"error","message":"Redis connection error","service":"vendorlink-api","timestamp":"2026-02-26T04:47:41.245Z"}
{"error":"","level":"error","message":"Redis connection error","service":"vendorlink-api","timestamp":"2026-02-26T04:47:41.750Z"}
{"error":"","level":"error","message":"Redis connection error","service":"vendorlink-api","timestamp":"2026-02-26T04:47:42.266Z"}
{"error":"","level":"error","message":"Redis connection error","service":"vendorlink-api","timestamp":"2026-02-26T04:47:42.781Z"}
{"error":"","level":"error","message":"Redis connection error","service":"vendorlink-api","timestamp":"2026-02-26T04:47:43.295Z"}
{"error":"","level":"error","message":"Redis connection error","service":"vendorlink-api","timestamp":"2026-02-26T04:47:43.813Z"}
{"error":"","level":"error","message":"Redis connection error","service":"vendorlink-api","timestamp":"2026-02-26T04:47:44.330Z"}
{"error":"","level":"error","message":"Redis connection error","service":"vendorlink-api","timestamp":"2026-02-26T04:47:44.847Z"}
{"error":"","level":"error","message":"Redis connection error","service":"vendorlink-api","timestamp":"2026-02-26T04:47:45.360Z"}
{"error":"","level":"error","message":"Redis connection error","service":"vendorlink-api","timestamp":"2026-02-26T04:47:45.863Z"}
{"error":"","level":"error","message":"Redis connection error","service":"vendorlink-api","timestamp":"2026-02-26T04:47:46.379Z"}
{"error":"","level":"error","message":"Redis connection error","service":"vendorlink-api","timestamp":"2026-02-26T04:47:46.891Z"}
{"error":"","level":"error","message":"Redis connection error","service":"vendorlink-api","timestamp":"2026-02-26T04:47:47.408Z"}
{"error":"","level":"error","message":"Redis connection error","service":"vendorlink-api","timestamp":"2026-02-26T04:47:47.924Z"}
{"error":"","level":"error","message":"Redis connection error","service":"vendorlink-api","timestamp":"2026-02-26T04:47:48.426Z"}
{"error":"","level":"error","message":"Redis connection error","service":"vendorlink-api","timestamp":"2026-02-26T04:47:48.942Z"}
{"error":"","level":"error","message":"Redis connection error","service":"vendorlink-api","timestamp":"2026-02-26T04:47:49.452Z"}
{"error":"","level":"error","message":"Redis connection error","service":"vendorlink-api","timestamp":"2026-02-26T04:47:49.968Z"}
{"error":"","level":"error","message":"Redis connection error","service":"vendorlink-api","timestamp":"2026-02-26T04:47:50.482Z"}
{"error":"","level":"error","message":"Redis connection error","service":"vendorlink-api","timestamp":"2026-02-26T04:47:51.002Z"}
{"error":"","level":"error","message":"Redis connection error","service":"vendorlink-api","timestamp":"2026-02-26T04:47:51.510Z"}
{"error":"","level":"error","message":"Redis connection error","service":"vendorlink-api","timestamp":"2026-02-26T04:47:52.025Z"}
{"error":"","level":"error","message":"Redis connection error","service":"vendorlink-api","timestamp":"2026-02-26T04:47:52.527Z"}
{"error":"","level":"error","message":"Redis connection error","service":"vendorlink-api","timestamp":"2026-02-26T04:47:53.040Z"}
{"error":"","level":"error","message":"Redis connection error","service":"vendorlink-api","timestamp":"2026-02-26T04:47:53.558Z"}
{"error":"","level":"error","message":"Redis connection error","service":"vendorlink-api","timestamp":"2026-02-26T04:47:54.076Z"}
{"error":"","level":"error","message":"Redis connection error","service":"vendorlink-api","timestamp":"2026-02-26T04:47:54.589Z"}
{"error":"","level":"error","message":"Redis connection error","service":"vendorlink-api","timestamp":"2026-02-26T04:47:55.105Z"}
{"error":"","level":"error","message":"Redis connection error","service":"vendorlink-api","timestamp":"2026-02-26T04:47:55.610Z"}
{"error":"","level":"error","message":"Redis connection error","service":"vendorlink-api","timestamp":"2026-02-26T04:47:56.123Z"}
{"error":"","level":"error","message":"Redis connection error","service":"vendorlink-api","timestamp":"2026-02-26T04:47:56.629Z"}
{"error":"","level":"error","message":"Redis connection error","service":"vendorlink-api","timestamp":"2026-02-26T04:47:57.143Z"}
{"error":"","level":"error","message":"Redis connection error","service":"vendorlink-api","timestamp":"2026-02-26T04:47:57.657Z"}
{"error":"","level":"error","message":"Redis connection error","service":"vendorlink-api","timestamp":"2026-02-26T04:47:58.171Z"}
{"error":"","level":"error","message":"Redis connection error","service":"vendorlink-api","timestamp":"2026-02-26T04:47:58.683Z"}
{"error":"","level":"error","message":"Redis connection error","service":"vendorlink-api","timestamp":"2026-02-26T04:47:59.197Z"}
{"error":"","level":"error","message":"Redis connection error","service":"vendorlink-api","timestamp":"2026-02-26T04:47:59.699Z"}
{"error":"","level":"error","message":"Redis connection error","service":"vendorlink-api","timestamp":"2026-02-26T04:48:00.212Z"}
{"error":"","level":"error","message":"Redis connection error","service":"vendorlink-api","timestamp":"2026-02-26T04:48:00.728Z"}
{"error":"","level":"error","message":"Redis connection error","service":"vendorlink-api","timestamp":"2026-02-26T04:48:01.244Z"}
{"error":"","level":"error","message":"Redis connection error","service":"vendorlink-api","timestamp":"2026-02-26T04:48:01.749Z"}
{"error":"","level":"error","message":"Redis connection error","service":"vendorlink-api","timestamp":"2026-02-26T04:48:02.255Z"}
{"error":"","level":"error","message":"Redis connection error","service":"vendorlink-api","timestamp":"2026-02-26T04:48:02.771Z"}
{"error":"","level":"error","message":"Redis connection error","service":"vendorlink-api","timestamp":"2026-02-26T04:48:03.287Z"}
{"error":"","level":"error","message":"Redis connection error","service":"vendorlink-api","timestamp":"2026-02-26T04:48:03.804Z"}
{"error":"","level":"error","message":"Redis connection error","service":"vendorlink-api","timestamp":"2026-02-26T04:48:04.307Z"}
{"error":"","level":"error","message":"Redis connection error","service":"vendorlink-api","timestamp":"2026-02-26T04:48:04.811Z"}
{"error":"","level":"error","message":"Redis connection error","service":"vendorlink-api","timestamp":"2026-02-26T04:48:05.325Z"}
{"error":"","level":"error","message":"Redis connection error","service":"vendorlink-api","timestamp":"2026-02-26T04:48:05.840Z"}
{"error":"","level":"error","message":"Redis connection error","service":"vendorlink-api","timestamp":"2026-02-26T04:48:06.357Z"}
{"error":"","level":"error","message":"Redis connection error","service":"vendorlink-api","timestamp":"2026-02-26T04:48:06.872Z"}
{"error":"","level":"error","message":"Redis connection error","service":"vendorlink-api","timestamp":"2026-02-26T04:48:07.386Z"}
{"error":"","level":"error","message":"Redis connection error","service":"vendorlink-api","timestamp":"2026-02-26T04:48:07.903Z"}
{"error":"","level":"error","message":"Redis connection error","service":"vendorlink-api","timestamp":"2026-02-26T04:48:08.417Z"}
{"error":"","level":"error","message":"Redis connection error","service":"vendorlink-api","timestamp":"2026-02-26T04:48:08.920Z"}
{"error":"","level":"error","message":"Redis connection error","service":"vendorlink-api","timestamp":"2026-02-26T04:48:09.424Z"}
{"error":"","level":"error","message":"Redis connection error","service":"vendorlink-api","timestamp":"2026-02-26T04:48:09.927Z"}
{"error":"","level":"error","message":"Redis connection error","service":"vendorlink-api","timestamp":"2026-02-26T04:48:10.445Z"}
{"error":"","level":"error","message":"Redis connection error","service":"vendorlink-api","timestamp":"2026-02-26T04:48:10.962Z"}
{"error":"","level":"error","message":"Redis connection error","service":"vendorlink-api","timestamp":"2026-02-26T04:48:11.475Z"}
{"error":"","level":"error","message":"Redis connection error","service":"vendorlink-api","timestamp":"2026-02-26T04:48:11.978Z"}
{"error":"","level":"error","message":"Redis connection error","service":"vendorlink-api","timestamp":"2026-02-26T04:48:12.494Z"}
{"error":"","level":"error","message":"Redis connection error","service":"vendorlink-api","timestamp":"2026-02-26T04:48:12.998Z"}
{"error":"","level":"error","message":"Redis connection error","service":"vendorlink-api","timestamp":"2026-02-26T04:48:13.513Z"}
{"error":"","level":"error","message":"Redis connection error","service":"vendorlink-api","timestamp":"2026-02-26T04:48:14.016Z"}
{"error":"","level":"error","message":"Redis connection error","service":"vendorlink-api","timestamp":"2026-02-26T04:48:14.521Z"}
{"error":"","level":"error","message":"Redis connection error","service":"vendorlink-api","timestamp":"2026-02-26T04:48:15.038Z"}
{"error":"","level":"error","message":"Redis connection error","service":"vendorlink-api","timestamp":"2026-02-26T04:48:15.542Z"}
{"error":"","level":"error","message":"Redis connection error","service":"vendorlink-api","timestamp":"2026-02-26T04:48:16.059Z"}
{"error":"","level":"error","message":"Redis connection error","service":"vendorlink-api","timestamp":"2026-02-26T04:48:16.562Z"}
{"error":"","level":"error","message":"Redis connection error","service":"vendorlink-api","timestamp":"2026-02-26T04:48:17.065Z"}
{"error":"","level":"error","message":"Redis connection error","service":"vendorlink-api","timestamp":"2026-02-26T04:48:17.570Z"}
{"error":"","level":"error","message":"Redis connection error","service":"vendorlink-api","timestamp":"2026-02-26T04:48:18.077Z"}
{"error":"","level":"error","message":"Redis connection error","service":"vendorlink-api","timestamp":"2026-02-26T04:48:18.582Z"}
{"error":"","level":"error","message":"Redis connection error","service":"vendorlink-api","timestamp":"2026-02-26T04:48:19.086Z"}
{"error":"","level":"error","message":"Redis connection error","service":"vendorlink-api","timestamp":"2026-02-26T04:48:19.603Z"}
{"error":"","level":"error","message":"Redis connection error","service":"vendorlink-api","timestamp":"2026-02-26T04:48:20.119Z"}
{"error":"","level":"error","message":"Redis connection error","service":"vendorlink-api","timestamp":"2026-02-26T04:48:20.621Z"}
{"error":"","level":"error","message":"Redis connection error","service":"vendorlink-api","timestamp":"2026-02-26T04:48:21.125Z"}
{"error":"","level":"error","message":"Redis connection error","service":"vendorlink-api","timestamp":"2026-02-26T04:48:21.630Z"}
{"error":"","level":"error","message":"Redis connection error","service":"vendorlink-api","timestamp":"2026-02-26T04:48:22.152Z"}
{"error":"","level":"error","message":"Redis connection error","service":"vendorlink-api","timestamp":"2026-02-26T04:48:22.668Z"}
{"error":"","level":"error","message":"Redis connection error","service":"vendorlink-api","timestamp":"2026-02-26T04:48:23.171Z"}
{"error":"","level":"error","message":"Redis connection error","service":"vendorlink-api","timestamp":"2026-02-26T04:48:23.676Z"}
{"error":"","level":"error","message":"Redis connection error","service":"vendorlink-api","timestamp":"2026-02-26T04:48:24.181Z"}
{"error":"","level":"error","message":"Redis connection error","service":"vendorlink-api","timestamp":"2026-02-26T04:48:24.696Z"}
{"error":"","level":"error","message":"Redis connection error","service":"vendorlink-api","timestamp":"2026-02-26T04:48:25.200Z"}
{"error":"","level":"error","message":"Redis connection error","service":"vendorlink-api","timestamp":"2026-02-26T04:48:25.717Z"}
{"error":"","level":"error","message":"Redis connection error","service":"vendorlink-api","timestamp":"2026-02-26T04:48:26.235Z"}
{"error":"","level":"error","message":"Redis connection error","service":"vendorlink-api","timestamp":"2026-02-26T04:48:26.742Z"}
{"error":"","level":"error","message":"Redis connection error","service":"vendorlink-api","timestamp":"2026-02-26T04:48:27.247Z"}
{"error":"","level":"error","message":"Redis connection error","service":"vendorlink-api","timestamp":"2026-02-26T04:48:27.763Z"}
{"error":"","level":"error","message":"Redis connection error","service":"vendorlink-api","timestamp":"2026-02-26T04:48:28.280Z"}
{"error":"","level":"error","message":"Redis connection error","service":"vendorlink-api","timestamp":"2026-02-26T04:48:28.796Z"}
{"error":"","level":"error","message":"Redis connection error","service":"vendorlink-api","timestamp":"2026-02-26T04:48:29.300Z"}
{"error":"","level":"error","message":"Redis connection error","service":"vendorlink-api","timestamp":"2026-02-26T04:48:29.817Z"}
{"error":"","level":"error","message":"Redis connection error","service":"vendorlink-api","timestamp":"2026-02-26T04:48:30.321Z"}
{"error":"","level":"error","message":"Redis connection error","service":"vendorlink-api","timestamp":"2026-02-26T04:48:30.827Z"}
{"error":"","level":"error","message":"Redis connection error","service":"vendorlink-api","timestamp":"2026-02-26T04:48:31.343Z"}
{"error":"","level":"error","message":"Redis connection error","service":"vendorlink-api","timestamp":"2026-02-26T04:48:31.845Z"}
{"error":"","level":"error","message":"Redis connection error","service":"vendorlink-api","timestamp":"2026-02-26T04:48:32.361Z"}
{"error":"","level":"error","message":"Redis connection error","service":"vendorlink-api","timestamp":"2026-02-26T04:48:32.864Z"}
{"error":"","level":"error","message":"Redis connection error","service":"vendorlink-api","timestamp":"2026-02-26T04:48:33.380Z"}
{"error":"","level":"error","message":"Redis connection error","service":"vendorlink-api","timestamp":"2026-02-26T04:48:33.884Z"}
{"error":"","level":"error","message":"Redis connection error","service":"vendorlink-api","timestamp":"2026-02-26T04:48:34.388Z"}
{"error":"","level":"error","message":"Redis connection error","service":"vendorlink-api","timestamp":"2026-02-26T04:48:34.892Z"}
{"error":"","level":"error","message":"Redis connection error","service":"vendorlink-api","timestamp":"2026-02-26T04:48:35.394Z"}
{"error":"","level":"error","message":"Redis connection error","service":"vendorlink-api","timestamp":"2026-02-26T04:48:35.897Z"}
{"error":"","level":"error","message":"Redis connection error","service":"vendorlink-api","timestamp":"2026-02-26T04:48:36.414Z"}
{"error":"","level":"error","message":"Redis connection error","service":"vendorlink-api","timestamp":"2026-02-26T04:48:36.917Z"}
{"error":"","level":"error","message":"Redis connection error","service":"vendorlink-api","timestamp":"2026-02-26T04:48:37.434Z"}
{"error":"","level":"error","message":"Redis connection error","service":"vendorlink-api","timestamp":"2026-02-26T04:48:37.937Z"}
{"error":"","level":"error","message":"Redis connection error","service":"vendorlink-api","timestamp":"2026-02-26T04:48:38.454Z"}
{"error":"","level":"error","message":"Redis connection error","service":"vendorlink-api","timestamp":"2026-02-26T04:48:38.970Z"}
{"error":"","level":"error","message":"Redis connection error","service":"vendorlink-api","timestamp":"2026-02-26T04:48:39.486Z"}
{"error":"","level":"error","message":"Redis connection error","service":"vendorlink-api","timestamp":"2026-02-26T04:48:40.000Z"}
{"error":"","level":"error","message":"Redis connection error","service":"vendorlink-api","timestamp":"2026-02-26T04:48:40.504Z"}
{"error":"","level":"error","message":"Redis connection error","service":"vendorlink-api","timestamp":"2026-02-26T04:48:41.021Z"}
{"error":"","level":"error","message":"Redis connection error","service":"vendorlink-api","timestamp":"2026-02-26T04:48:41.535Z"}
{"error":"","level":"error","message":"Redis connection error","service":"vendorlink-api","timestamp":"2026-02-26T04:48:42.050Z"}
{"error":"","level":"error","message":"Redis connection error","service":"vendorlink-api","timestamp":"2026-02-26T04:48:42.566Z"}
{"error":"","level":"error","message":"Redis connection error","service":"vendorlink-api","timestamp":"2026-02-26T04:48:43.077Z"}
{"error":"","level":"error","message":"Redis connection error","service":"vendorlink-api","timestamp":"2026-02-26T04:48:43.590Z"}
{"error":"","level":"error","message":"Redis connection error","service":"vendorlink-api","timestamp":"2026-02-26T04:48:44.105Z"}
{"error":"","level":"error","message":"Redis connection error","service":"vendorlink-api","timestamp":"2026-02-26T04:48:44.614Z"}
{"error":"","level":"error","message":"Redis connection error","service":"vendorlink-api","timestamp":"2026-02-26T04:48:45.131Z"}
{"error":"","level":"error","message":"Redis connection error","service":"vendorlink-api","timestamp":"2026-02-26T04:48:45.646Z"}
{"error":"","level":"error","message":"Redis connection error","service":"vendorlink-api","timestamp":"2026-02-26T04:48:46.158Z"}
{"error":"","level":"error","message":"Redis connection error","service":"vendorlink-api","timestamp":"2026-02-26T04:48:46.675Z"}
{"error":"","level":"error","message":"Redis connection error","service":"vendorlink-api","timestamp":"2026-02-26T04:48:47.190Z"}
{"error":"","level":"error","message":"Redis connection error","service":"vendorlink-api","timestamp":"2026-02-26T04:48:47.701Z"}
{"error":"","level":"error","message":"Redis connection error","service":"vendorlink-api","timestamp":"2026-02-26T04:48:48.218Z"}
{"error":"","level":"error","message":"Redis connection error","service":"vendorlink-api","timestamp":"2026-02-26T04:48:48.722Z"}
{"error":"","level":"error","message":"Redis connection error","service":"vendorlink-api","timestamp":"2026-02-26T04:48:49.241Z"}
{"error":"","level":"error","message":"Redis connection error","service":"vendorlink-api","timestamp":"2026-02-26T04:48:49.748Z"}
{"error":"","level":"error","message":"Redis connection error","service":"vendorlink-api","timestamp":"2026-02-26T04:48:50.250Z"}
{"error":"","level":"error","message":"Redis connection error","service":"vendorlink-api","timestamp":"2026-02-26T04:48:50.754Z"}
{"error":"","level":"error","message":"Redis connection error","service":"vendorlink-api","timestamp":"2026-02-26T04:48:51.267Z"}
{"error":"","level":"error","message":"Redis connection error","service":"vendorlink-api","timestamp":"2026-02-26T04:48:51.782Z"}
{"error":"","level":"error","message":"Redis connection error","service":"vendorlink-api","timestamp":"2026-02-26T04:48:52.293Z"}
{"error":"","level":"error","message":"Redis connection error","service":"vendorlink-api","timestamp":"2026-02-26T04:48:52.809Z"}
{"error":"","level":"error","message":"Redis connection error","service":"vendorlink-api","timestamp":"2026-02-26T04:48:53.321Z"}
{"error":"","level":"error","message":"Redis connection error","service":"vendorlink-api","timestamp":"2026-02-26T04:48:53.824Z"}
{"error":"","level":"error","message":"Redis connection error","service":"vendorlink-api","timestamp":"2026-02-26T04:48:54.336Z"}
{"error":"","level":"error","message":"Redis connection error","service":"vendorlink-api","timestamp":"2026-02-26T04:48:54.851Z"}
{"error":"","level":"error","message":"Redis connection error","service":"vendorlink-api","timestamp":"2026-02-26T04:48:55.363Z"}
{"error":"","level":"error","message":"Redis connection error","service":"vendorlink-api","timestamp":"2026-02-26T04:48:55.875Z"}
{"error":"","level":"error","message":"Redis connection error","service":"vendorlink-api","timestamp":"2026-02-26T04:48:56.390Z"}
{"error":"","level":"error","message":"Redis connection error","service":"vendorlink-api","timestamp":"2026-02-26T04:48:56.905Z"}
{"error":"","level":"error","message":"Redis connection error","service":"vendorlink-api","timestamp":"2026-02-26T04:48:57.418Z"}
{"error":"","level":"error","message":"Redis connection error","service":"vendorlink-api","timestamp":"2026-02-26T04:48:57.935Z"}
{"error":"","level":"error","message":"Redis connection error","service":"vendorlink-api","timestamp":"2026-02-26T04:48:58.452Z"}
{"error":"","level":"error","message":"Redis connection error","service":"vendorlink-api","timestamp":"2026-02-26T04:48:58.959Z"}
{"error":"","level":"error","message":"Redis connection error","service":"vendorlink-api","timestamp":"2026-02-26T04:48:59.465Z"}
{"error":"","level":"error","message":"Redis connection error","service":"vendorlink-api","timestamp":"2026-02-26T04:48:59.967Z"}
{"error":"","level":"error","message":"Redis connection error","service":"vendorlink-api","timestamp":"2026-02-26T04:49:00.481Z"}
{"error":"","level":"error","message":"Redis connection error","service":"vendorlink-api","timestamp":"2026-02-26T04:49:00.997Z"}
{"error":"","level":"error","message":"Redis connection error","service":"vendorlink-api","timestamp":"2026-02-26T04:49:01.511Z"}
{"error":"","level":"error","message":"Redis connection error","service":"vendorlink-api","timestamp":"2026-02-26T04:49:02.014Z"}
{"error":"","level":"error","message":"Redis connection error","service":"vendorlink-api","timestamp":"2026-02-26T04:49:02.530Z"}
{"error":"","level":"error","message":"Redis connection error","service":"vendorlink-api","timestamp":"2026-02-26T04:49:03.045Z"}
{"error":"","level":"error","message":"Redis connection error","service":"vendorlink-api","timestamp":"2026-02-26T04:49:03.554Z"}
{"error":"","level":"error","message":"Redis connection error","service":"vendorlink-api","timestamp":"2026-02-26T04:49:04.069Z"}
{"error":"","level":"error","message":"Redis connection error","service":"vendorlink-api","timestamp":"2026-02-26T04:49:04.571Z"}
{"error":"","level":"error","message":"Redis connection error","service":"vendorlink-api","timestamp":"2026-02-26T04:49:05.076Z"}
{"error":"","level":"error","message":"Redis connection error","service":"vendorlink-api","timestamp":"2026-02-26T04:49:05.593Z"}
{"error":"","level":"error","message":"Redis connection error","service":"vendorlink-api","timestamp":"2026-02-26T04:49:06.108Z"}
{"error":"","level":"error","message":"Redis connection error","service":"vendorlink-api","timestamp":"2026-02-26T04:49:06.623Z"}
{"error":"","level":"error","message":"Redis connection error","service":"vendorlink-api","timestamp":"2026-02-26T04:49:07.138Z"}
{"error":"","level":"error","message":"Redis connection error","service":"vendorlink-api","timestamp":"2026-02-26T04:49:07.651Z"}
{"error":"","level":"error","message":"Redis connection error","service":"vendorlink-api","timestamp":"2026-02-26T04:49:08.155Z"}
{"error":"","level":"error","message":"Redis connection error","service":"vendorlink-api","timestamp":"2026-02-26T04:49:08.658Z"}
{"error":"","level":"error","message":"Redis connection error","service":"vendorlink-api","timestamp":"2026-02-26T04:49:09.172Z"}
{"error":"","level":"error","message":"Redis connection error","service":"vendorlink-api","timestamp":"2026-02-26T04:49:09.676Z"}
{"error":"","level":"error","message":"Redis connection error","service":"vendorlink-api","timestamp":"2026-02-26T04:49:10.190Z"}
{"error":"","level":"error","message":"Redis connection error","service":"vendorlink-api","timestamp":"2026-02-26T04:49:10.707Z"}
{"error":"","level":"error","message":"Redis connection error","service":"vendorlink-api","timestamp":"2026-02-26T04:49:11.221Z"}
{"error":"","level":"error","message":"Redis connection error","service":"vendorlink-api","timestamp":"2026-02-26T04:49:11.735Z"}
{"error":"","level":"error","message":"Redis connection error","service":"vendorlink-api","timestamp":"2026-02-26T04:49:12.251Z"}
{"error":"","level":"error","message":"Redis connection error","service":"vendorlink-api","timestamp":"2026-02-26T04:49:12.767Z"}
{"error":"","level":"error","message":"Redis connection error","service":"vendorlink-api","timestamp":"2026-02-26T04:49:13.280Z"}
{"error":"","level":"error","message":"Redis connection error","service":"vendorlink-api","timestamp":"2026-02-26T04:49:13.795Z"}
{"error":"","level":"error","message":"Redis connection error","service":"vendorlink-api","timestamp":"2026-02-26T04:49:14.313Z"}
{"error":"","level":"error","message":"Redis connection error","service":"vendorlink-api","timestamp":"2026-02-26T04:49:14.814Z"}
{"error":"","level":"error","message":"Redis connection error","service":"vendorlink-api","timestamp":"2026-02-26T04:49:15.333Z"}
{"error":"","level":"error","message":"Redis connection error","service":"vendorlink-api","timestamp":"2026-02-26T04:49:15.848Z"}
{"error":"","level":"error","message":"Redis connection error","service":"vendorlink-api","timestamp":"2026-02-26T04:49:16.363Z"}
{"error":"","level":"error","message":"Redis connection error","service":"vendorlink-api","timestamp":"2026-02-26T04:49:16.876Z"}
{"error":"","level":"error","message":"Redis connection error","service":"vendorlink-api","timestamp":"2026-02-26T04:49:17.388Z"}
{"error":"","level":"error","message":"Redis connection error","service":"vendorlink-api","timestamp":"2026-02-26T04:49:17.906Z"}
{"error":"","level":"error","message":"Redis connection error","service":"vendorlink-api","timestamp":"2026-02-26T04:49:18.421Z"}
{"error":"","level":"error","message":"Redis connection error","service":"vendorlink-api","timestamp":"2026-02-26T04:49:18.934Z"}
{"error":"","level":"error","message":"Redis connection error","service":"vendorlink-api","timestamp":"2026-02-26T04:49:19.450Z"}
{"error":"","level":"error","message":"Redis connection error","service":"vendorlink-api","timestamp":"2026-02-26T04:49:19.958Z"}
{"error":"","level":"error","message":"Redis connection error","service":"vendorlink-api","timestamp":"2026-02-26T04:49:20.460Z"}
{"error":"","level":"error","message":"Redis connection error","service":"vendorlink-api","timestamp":"2026-02-26T04:49:20.976Z"}
{"error":"","level":"error","message":"Redis connection error","service":"vendorlink-api","timestamp":"2026-02-26T04:49:21.492Z"}
{"error":"","level":"error","message":"Redis connection error","service":"vendorlink-api","timestamp":"2026-02-26T04:49:21.995Z"}
{"error":"","level":"error","message":"Redis connection error","service":"vendorlink-api","timestamp":"2026-02-26T04:49:22.511Z"}
{"error":"","level":"error","message":"Redis connection error","service":"vendorlink-api","timestamp":"2026-02-26T04:49:23.023Z"}
{"error":"","level":"error","message":"Redis connection error","service":"vendorlink-api","timestamp":"2026-02-26T04:49:23.539Z"}
{"error":"","level":"error","message":"Redis connection error","service":"vendorlink-api","timestamp":"2026-02-26T04:49:24.051Z"}
{"error":"","level":"error","message":"Redis connection error","service":"vendorlink-api","timestamp":"2026-02-26T04:49:24.567Z"}
{"error":"","level":"error","message":"Redis connection error","service":"vendorlink-api","timestamp":"2026-02-26T04:49:25.072Z"}
{"error":"","level":"error","message":"Redis connection error","service":"vendorlink-api","timestamp":"2026-02-26T04:49:25.577Z"}
{"error":"","level":"error","message":"Redis connection error","service":"vendorlink-api","timestamp":"2026-02-26T04:49:26.087Z"}
{"error":"","level":"error","message":"Redis connection error","service":"vendorlink-api","timestamp":"2026-02-26T04:49:26.601Z"}
{"error":"","level":"error","message":"Redis connection error","service":"vendorlink-api","timestamp":"2026-02-26T04:49:27.118Z"}
{"error":"","level":"error","message":"Redis connection error","service":"vendorlink-api","timestamp":"2026-02-26T04:49:27.635Z"}
{"error":"","level":"error","message":"Redis connection error","service":"vendorlink-api","timestamp":"2026-02-26T04:49:28.152Z"}
{"error":"","level":"error","message":"Redis connection error","service":"vendorlink-api","timestamp":"2026-02-26T04:49:28.669Z"}
{"error":"","level":"error","message":"Redis connection error","service":"vendorlink-api","timestamp":"2026-02-26T04:49:29.184Z"}
{"error":"","level":"error","message":"Redis connection error","service":"vendorlink-api","timestamp":"2026-02-26T04:49:29.698Z"}
{"error":"","level":"error","message":"Redis connection error","service":"vendorlink-api","timestamp":"2026-02-26T04:49:30.202Z"}
{"error":"","level":"error","message":"Redis connection error","service":"vendorlink-api","timestamp":"2026-02-26T04:49:30.705Z"}
{"error":"","level":"error","message":"Redis connection error","service":"vendorlink-api","timestamp":"2026-02-26T04:49:31.217Z"}
{"error":"","level":"error","message":"Redis connection error","service":"vendorlink-api","timestamp":"2026-02-26T04:49:31.733Z"}
{"error":"","level":"error","message":"Redis connection error","service":"vendorlink-api","timestamp":"2026-02-26T04:49:32.248Z"}
{"error":"","level":"error","message":"Redis connection error","service":"vendorlink-api","timestamp":"2026-02-26T04:49:32.763Z"}
{"error":"","level":"error","message":"Redis connection error","service":"vendorlink-api","timestamp":"2026-02-26T04:49:33.278Z"}
{"error":"","level":"error","message":"Redis connection error","service":"vendorlink-api","timestamp":"2026-02-26T04:49:33.793Z"}
{"error":"","level":"error","message":"Redis connection error","service":"vendorlink-api","timestamp":"2026-02-26T04:49:34.311Z"}
{"error":"","level":"error","message":"Redis connection error","service":"vendorlink-api","timestamp":"2026-02-26T04:49:34.827Z"}
{"error":"","level":"error","message":"Redis connection error","service":"vendorlink-api","timestamp":"2026-02-26T04:49:35.339Z"}
{"error":"","level":"error","message":"Redis connection error","service":"vendorlink-api","timestamp":"2026-02-26T04:49:35.853Z"}
{"error":"","level":"error","message":"Redis connection error","service":"vendorlink-api","timestamp":"2026-02-26T04:49:36.368Z"}
{"error":"","level":"error","message":"Redis connection error","service":"vendorlink-api","timestamp":"2026-02-26T04:49:36.881Z"}
{"error":"","level":"error","message":"Redis connection error","service":"vendorlink-api","timestamp":"2026-02-26T04:49:37.395Z"}
{"error":"","level":"error","message":"Redis connection error","service":"vendorlink-api","timestamp":"2026-02-26T04:49:37.911Z"}
{"error":"","level":"error","message":"Redis connection error","service":"vendorlink-api","timestamp":"2026-02-26T04:49:38.415Z"}
{"error":"","level":"error","message":"Redis connection error","service":"vendorlink-api","timestamp":"2026-02-26T04:49:38.931Z"}
{"error":"","level":"error","message":"Redis connection error","service":"vendorlink-api","timestamp":"2026-02-26T04:49:39.446Z"}
{"error":"","level":"error","message":"Redis connection error","service":"vendorlink-api","timestamp":"2026-02-26T04:49:39.963Z"}
{"error":"","level":"error","message":"Redis connection error","service":"vendorlink-api","timestamp":"2026-02-26T04:49:40.476Z"}
{"error":"","level":"error","message":"Redis connection error","service":"vendorlink-api","timestamp":"2026-02-26T04:49:40.989Z"}
{"error":"","level":"error","message":"Redis connection error","service":"vendorlink-api","timestamp":"2026-02-26T04:49:41.503Z"}
{"error":"","level":"error","message":"Redis connection error","service":"vendorlink-api","timestamp":"2026-02-26T04:49:42.007Z"}
{"error":"","level":"error","message":"Redis connection error","service":"vendorlink-api","timestamp":"2026-02-26T04:49:42.515Z"}
{"error":"","level":"error","message":"Redis connection error","service":"vendorlink-api","timestamp":"2026-02-26T04:49:43.022Z"}
{"error":"","level":"error","message":"Redis connection error","service":"vendorlink-api","timestamp":"2026-02-26T04:49:43.539Z"}
{"error":"","level":"error","message":"Redis connection error","service":"vendorlink-api","timestamp":"2026-02-26T04:49:44.052Z"}
{"error":"","level":"error","message":"Redis connection error","service":"vendorlink-api","timestamp":"2026-02-26T04:49:44.566Z"}
{"error":"","level":"error","message":"Redis connection error","service":"vendorlink-api","timestamp":"2026-02-26T04:49:45.083Z"}
{"error":"","level":"error","message":"Redis connection error","service":"vendorlink-api","timestamp":"2026-02-26T04:49:45.598Z"}
{"error":"","level":"error","message":"Redis connection error","service":"vendorlink-api","timestamp":"2026-02-26T04:49:46.102Z"}
{"error":"","level":"error","message":"Redis connection error","service":"vendorlink-api","timestamp":"2026-02-26T04:49:46.614Z"}
{"error":"","level":"error","message":"Redis connection error","service":"vendorlink-api","timestamp":"2026-02-26T04:49:47.130Z"}
{"error":"","level":"error","message":"Redis connection error","service":"vendorlink-api","timestamp":"2026-02-26T04:49:47.643Z"}
{"error":"","level":"error","message":"Redis connection error","service":"vendorlink-api","timestamp":"2026-02-26T04:49:48.157Z"}
{"error":"","level":"error","message":"Redis connection error","service":"vendorlink-api","timestamp":"2026-02-26T04:49:48.673Z"}
{"error":"","level":"error","message":"Redis connection error","service":"vendorlink-api","timestamp":"2026-02-26T04:49:49.186Z"}
{"error":"","level":"error","message":"Redis connection error","service":"vendorlink-api","timestamp":"2026-02-26T04:49:49.699Z"}
{"error":"","level":"error","message":"Redis connection error","service":"vendorlink-api","timestamp":"2026-02-26T04:49:50.213Z"}
{"error":"","level":"error","message":"Redis connection error","service":"vendorlink-api","timestamp":"2026-02-26T04:49:50.727Z"}
{"error":"","level":"error","message":"Redis connection error","service":"vendorlink-api","timestamp":"2026-02-26T04:49:51.245Z"}
{"error":"","level":"error","message":"Redis connection error","service":"vendorlink-api","timestamp":"2026-02-26T04:49:51.758Z"}
{"error":"","level":"error","message":"Redis connection error","service":"vendorlink-api","timestamp":"2026-02-26T04:49:52.273Z"}
{"error":"","level":"error","message":"Redis connection error","service":"vendorlink-api","timestamp":"2026-02-26T04:49:52.777Z"}
{"error":"","level":"error","message":"Redis connection error","service":"vendorlink-api","timestamp":"2026-02-26T04:49:53.293Z"}
{"error":"","level":"error","message":"Redis connection error","service":"vendorlink-api","timestamp":"2026-02-26T04:49:53.809Z"}
{"error":"","level":"error","message":"Redis connection error","service":"vendorlink-api","timestamp":"2026-02-26T04:49:54.325Z"}
{"error":"","level":"error","message":"Redis connection error","service":"vendorlink-api","timestamp":"2026-02-26T04:49:54.837Z"}
{"error":"","level":"error","message":"Redis connection error","service":"vendorlink-api","timestamp":"2026-02-26T04:49:55.347Z"}
{"error":"","level":"error","message":"Redis connection error","service":"vendorlink-api","timestamp":"2026-02-26T04:49:55.862Z"}
{"error":"","level":"error","message":"Redis connection error","service":"vendorlink-api","timestamp":"2026-02-26T04:49:56.379Z"}
{"error":"","level":"error","message":"Redis connection error","service":"vendorlink-api","timestamp":"2026-02-26T04:49:56.892Z"}
{"error":"","level":"error","message":"Redis connection error","service":"vendorlink-api","timestamp":"2026-02-26T04:49:57.408Z"}
{"error":"","level":"error","message":"Redis connection error","service":"vendorlink-api","timestamp":"2026-02-26T04:49:57.911Z"}
{"error":"","level":"error","message":"Redis connection error","service":"vendorlink-api","timestamp":"2026-02-26T04:49:58.424Z"}
{"error":"","level":"error","message":"Redis connection error","service":"vendorlink-api","timestamp":"2026-02-26T04:49:58.941Z"}
{"error":"","level":"error","message":"Redis connection error","service":"vendorlink-api","timestamp":"2026-02-26T04:49:59.458Z"}
{"error":"","level":"error","message":"Redis connection error","service":"vendorlink-api","timestamp":"2026-02-26T04:49:59.971Z"}
{"error":"","level":"error","message":"Redis connection error","service":"vendorlink-api","timestamp":"2026-02-26T04:50:00.474Z"}
{"error":"","level":"error","message":"Redis connection error","service":"vendorlink-api","timestamp":"2026-02-26T04:50:00.977Z"}
{"error":"","level":"error","message":"Redis connection error","service":"vendorlink-api","timestamp":"2026-02-26T04:50:01.492Z"}
{"error":"","level":"error","message":"Redis connection error","service":"vendorlink-api","timestamp":"2026-02-26T04:50:01.994Z"}
{"error":"","level":"error","message":"Redis connection error","service":"vendorlink-api","timestamp":"2026-02-26T04:50:02.507Z"}
{"error":"","level":"error","message":"Redis connection error","service":"vendorlink-api","timestamp":"2026-02-26T04:50:03.019Z"}
{"error":"","level":"error","message":"Redis connection error","service":"vendorlink-api","timestamp":"2026-02-26T04:50:03.534Z"}
{"error":"","level":"error","message":"Redis connection error","service":"vendorlink-api","timestamp":"2026-02-26T04:50:04.051Z"}
{"error":"","level":"error","message":"Redis connection error","service":"vendorlink-api","timestamp":"2026-02-26T04:50:04.566Z"}
{"error":"","level":"error","message":"Redis connection error","service":"vendorlink-api","timestamp":"2026-02-26T04:50:05.069Z"}
{"error":"","level":"error","message":"Redis connection error","service":"vendorlink-api","timestamp":"2026-02-26T04:50:05.586Z"}
{"error":"","level":"error","message":"Redis connection error","service":"vendorlink-api","timestamp":"2026-02-26T04:50:06.088Z"}
{"error":"","level":"error","message":"Redis connection error","service":"vendorlink-api","timestamp":"2026-02-26T04:50:06.602Z"}
{"error":"","level":"error","message":"Redis connection error","service":"vendorlink-api","timestamp":"2026-02-26T04:50:07.116Z"}
{"error":"","level":"error","message":"Redis connection error","service":"vendorlink-api","timestamp":"2026-02-26T04:50:07.622Z"}
{"error":"","level":"error","message":"Redis connection error","service":"vendorlink-api","timestamp":"2026-02-26T04:50:08.131Z"}
{"error":"","level":"error","message":"Redis connection error","service":"vendorlink-api","timestamp":"2026-02-26T04:50:08.645Z"}
{"error":"","level":"error","message":"Redis connection error","service":"vendorlink-api","timestamp":"2026-02-26T04:50:09.152Z"}
{"error":"","level":"error","message":"Redis connection error","service":"vendorlink-api","timestamp":"2026-02-26T04:50:09.658Z"}
{"error":"","level":"error","message":"Redis connection error","service":"vendorlink-api","timestamp":"2026-02-26T04:50:10.172Z"}
{"error":"","level":"error","message":"Redis connection error","service":"vendorlink-api","timestamp":"2026-02-26T04:50:10.685Z"}
{"error":"","level":"error","message":"Redis connection error","service":"vendorlink-api","timestamp":"2026-02-26T04:50:11.202Z"}
{"error":"","level":"error","message":"Redis connection error","service":"vendorlink-api","timestamp":"2026-02-26T04:50:11.711Z"}
{"error":"","level":"error","message":"Redis connection error","service":"vendorlink-api","timestamp":"2026-02-26T04:50:12.227Z"}
{"error":"","level":"error","message":"Redis connection error","service":"vendorlink-api","timestamp":"2026-02-26T04:50:12.743Z"}
{"error":"","level":"error","message":"Redis connection error","service":"vendorlink-api","timestamp":"2026-02-26T04:50:13.259Z"}
{"error":"","level":"error","message":"Redis connection error","service":"vendorlink-api","timestamp":"2026-02-26T04:50:13.777Z"}
{"error":"","level":"error","message":"Redis connection error","service":"vendorlink-api","timestamp":"2026-02-26T04:50:14.296Z"}
{"error":"","level":"error","message":"Redis connection error","service":"vendorlink-api","timestamp":"2026-02-26T04:50:14.814Z"}
{"error":"","level":"error","message":"Redis connection error","service":"vendorlink-api","timestamp":"2026-02-26T04:50:15.320Z"}
{"error":"","level":"error","message":"Redis connection error","service":"vendorlink-api","timestamp":"2026-02-26T04:50:15.836Z"}
{"error":"","level":"error","message":"Redis connection error","service":"vendorlink-api","timestamp":"2026-02-26T04:50:16.353Z"}
{"error":"","level":"error","message":"Redis connection error","service":"vendorlink-api","timestamp":"2026-02-26T04:50:16.870Z"}
{"error":"","level":"error","message":"Redis connection error","service":"vendorlink-api","timestamp":"2026-02-26T04:50:17.378Z"}
{"error":"","level":"error","message":"Redis connection error","service":"vendorlink-api","timestamp":"2026-02-26T04:50:17.894Z"}
{"error":"","level":"error","message":"Redis connection error","service":"vendorlink-api","timestamp":"2026-02-26T04:50:18.407Z"}
{"error":"","level":"error","message":"Redis connection error","service":"vendorlink-api","timestamp":"2026-02-26T04:50:18.925Z"}
{"error":"","level":"error","message":"Redis connection error","service":"vendorlink-api","timestamp":"2026-02-26T04:50:19.441Z"}
{"error":"","level":"error","message":"Redis connection error","service":"vendorlink-api","timestamp":"2026-02-26T04:50:19.948Z"}
{"error":"","level":"error","message":"Redis connection error","service":"vendorlink-api","timestamp":"2026-02-26T04:50:20.459Z"}
{"error":"","level":"error","message":"Redis connection error","service":"vendorlink-api","timestamp":"2026-02-26T04:50:20.972Z"}
{"error":"","level":"error","message":"Redis connection error","service":"vendorlink-api","timestamp":"2026-02-26T04:50:21.487Z"}
{"error":"","level":"error","message":"Redis connection error","service":"vendorlink-api","timestamp":"2026-02-26T04:50:22.001Z"}
{"error":"","level":"error","message":"Redis connection error","service":"vendorlink-api","timestamp":"2026-02-26T04:50:22.504Z"}
{"error":"","level":"error","message":"Redis connection error","service":"vendorlink-api","timestamp":"2026-02-26T04:50:23.015Z"}
{"error":"","level":"error","message":"Redis connection error","service":"vendorlink-api","timestamp":"2026-02-26T04:50:23.526Z"}
{"error":"","level":"error","message":"Redis connection error","service":"vendorlink-api","timestamp":"2026-02-26T04:50:24.042Z"}
{"error":"","level":"error","message":"Redis connection error","service":"vendorlink-api","timestamp":"2026-02-26T04:50:24.557Z"}
{"error":"","level":"error","message":"Redis connection error","service":"vendorlink-api","timestamp":"2026-02-26T04:50:25.060Z"}
{"error":"","level":"error","message":"Redis connection error","service":"vendorlink-api","timestamp":"2026-02-26T04:50:25.575Z"}
{"error":"","level":"error","message":"Redis connection error","service":"vendorlink-api","timestamp":"2026-02-26T04:50:26.089Z"}
{"error":"","level":"error","message":"Redis connection error","service":"vendorlink-api","timestamp":"2026-02-26T04:50:26.602Z"}
{"error":"","level":"error","message":"Redis connection error","service":"vendorlink-api","timestamp":"2026-02-26T04:50:27.116Z"}
{"error":"","level":"error","message":"Redis connection error","service":"vendorlink-api","timestamp":"2026-02-26T04:50:27.630Z"}
{"error":"","level":"error","message":"Redis connection error","service":"vendorlink-api","timestamp":"2026-02-26T04:50:28.147Z"}
{"error":"","level":"error","message":"Redis connection error","service":"vendorlink-api","timestamp":"2026-02-26T04:50:28.661Z"}
{"error":"","level":"error","message":"Redis connection error","service":"vendorlink-api","timestamp":"2026-02-26T04:50:29.176Z"}
{"error":"","level":"error","message":"Redis connection error","service":"vendorlink-api","timestamp":"2026-02-26T04:50:29.692Z"}
{"error":"","level":"error","message":"Redis connection error","service":"vendorlink-api","timestamp":"2026-02-26T04:50:30.206Z"}
{"error":"","level":"error","message":"Redis connection error","service":"vendorlink-api","timestamp":"2026-02-26T04:50:30.723Z"}
{"error":"","level":"error","message":"Redis connection error","service":"vendorlink-api","timestamp":"2026-02-26T04:50:31.228Z"}
{"error":"","level":"error","message":"Redis connection error","service":"vendorlink-api","timestamp":"2026-02-26T04:50:31.744Z"}
{"error":"","level":"error","message":"Redis connection error","service":"vendorlink-api","timestamp":"2026-02-26T04:50:32.249Z"}
{"error":"","level":"error","message":"Redis connection error","service":"vendorlink-api","timestamp":"2026-02-26T04:50:32.751Z"}
{"error":"","level":"error","message":"Redis connection error","service":"vendorlink-api","timestamp":"2026-02-26T04:50:33.256Z"}
{"error":"","level":"error","message":"Redis connection error","service":"vendorlink-api","timestamp":"2026-02-26T04:50:33.774Z"}
{"error":"","level":"error","message":"Redis connection error","service":"vendorlink-api","timestamp":"2026-02-26T04:50:34.285Z"}
{"error":"","level":"error","message":"Redis connection error","service":"vendorlink-api","timestamp":"2026-02-26T04:50:34.800Z"}
{"error":"","level":"error","message":"Redis connection error","service":"vendorlink-api","timestamp":"2026-02-26T04:50:35.312Z"}
{"error":"","level":"error","message":"Redis connection error","service":"vendorlink-api","timestamp":"2026-02-26T04:50:35.824Z"}
{"error":"","level":"error","message":"Redis connection error","service":"vendorlink-api","timestamp":"2026-02-26T04:50:36.341Z"}
{"error":"","level":"error","message":"Redis connection error","service":"vendorlink-api","timestamp":"2026-02-26T04:50:36.845Z"}
{"error":"","level":"error","message":"Redis connection error","service":"vendorlink-api","timestamp":"2026-02-26T04:50:37.361Z"}
{"error":"","level":"error","message":"Redis connection error","service":"vendorlink-api","timestamp":"2026-02-26T04:50:37.873Z"}
{"error":"","level":"error","message":"Redis connection error","service":"vendorlink-api","timestamp":"2026-02-26T04:50:38.386Z"}
{"error":"","level":"error","message":"Redis connection error","service":"vendorlink-api","timestamp":"2026-02-26T04:50:38.900Z"}
{"error":"","level":"error","message":"Redis connection error","service":"vendorlink-api","timestamp":"2026-02-26T04:50:39.415Z"}
{"error":"","level":"error","message":"Redis connection error","service":"vendorlink-api","timestamp":"2026-02-26T04:50:39.919Z"}
{"error":"","level":"error","message":"Redis connection error","service":"vendorlink-api","timestamp":"2026-02-26T04:50:40.425Z"}
{"error":"","level":"error","message":"Redis connection error","service":"vendorlink-api","timestamp":"2026-02-26T04:50:40.929Z"}
{"error":"","level":"error","message":"Redis connection error","service":"vendorlink-api","timestamp":"2026-02-26T04:50:41.441Z"}
{"error":"","level":"error","message":"Redis connection error","service":"vendorlink-api","timestamp":"2026-02-26T04:50:41.958Z"}
{"error":"","level":"error","message":"Redis connection error","service":"vendorlink-api","timestamp":"2026-02-26T04:50:42.468Z"}
{"error":"","level":"error","message":"Redis connection error","service":"vendorlink-api","timestamp":"2026-02-26T04:50:42.970Z"}
{"error":"","level":"error","message":"Redis connection error","service":"vendorlink-api","timestamp":"2026-02-26T04:50:43.477Z"}
{"error":"","level":"error","message":"Redis connection error","service":"vendorlink-api","timestamp":"2026-02-26T04:50:43.988Z"}
{"error":"","level":"error","message":"Redis connection error","service":"vendorlink-api","timestamp":"2026-02-26T04:50:44.500Z"}
{"error":"","level":"error","message":"Redis connection error","service":"vendorlink-api","timestamp":"2026-02-26T04:50:45.013Z"}
{"error":"","level":"error","message":"Redis connection error","service":"vendorlink-api","timestamp":"2026-02-26T04:50:45.528Z"}
{"error":"","level":"error","message":"Redis connection error","service":"vendorlink-api","timestamp":"2026-02-26T04:50:46.043Z"}
{"error":"","level":"error","message":"Redis connection error","service":"vendorlink-api","timestamp":"2026-02-26T04:50:46.560Z"}
{"error":"","level":"error","message":"Redis connection error","service":"vendorlink-api","timestamp":"2026-02-26T04:50:47.075Z"}
{"error":"","level":"error","message":"Redis connection error","service":"vendorlink-api","timestamp":"2026-02-26T04:50:47.580Z"}
{"error":"","level":"error","message":"Redis connection error","service":"vendorlink-api","timestamp":"2026-02-26T04:50:48.082Z"}
{"error":"","level":"error","message":"Redis connection error","service":"vendorlink-api","timestamp":"2026-02-26T04:50:48.586Z"}
{"error":"","level":"error","message":"Redis connection error","service":"vendorlink-api","timestamp":"2026-02-26T04:50:49.102Z"}
{"error":"","level":"error","message":"Redis connection error","service":"vendorlink-api","timestamp":"2026-02-26T04:50:49.615Z"}
{"error":"","level":"error","message":"Redis connection error","service":"vendorlink-api","timestamp":"2026-02-26T04:50:50.117Z"}
{"error":"","level":"error","message":"Redis connection error","service":"vendorlink-api","timestamp":"2026-02-26T04:50:50.628Z"}
{"error":"","level":"error","message":"Redis connection error","service":"vendorlink-api","timestamp":"2026-02-26T04:50:51.146Z"}
{"error":"","level":"error","message":"Redis connection error","service":"vendorlink-api","timestamp":"2026-02-26T04:50:51.660Z"}
{"error":"","level":"error","message":"Redis connection error","service":"vendorlink-api","timestamp":"2026-02-26T04:50:52.179Z"}
{"error":"","level":"error","message":"Redis connection error","service":"vendorlink-api","timestamp":"2026-02-26T04:50:52.692Z"}
{"error":"","level":"error","message":"Redis connection error","service":"vendorlink-api","timestamp":"2026-02-26T04:50:53.206Z"}
{"error":"","level":"error","message":"Redis connection error","service":"vendorlink-api","timestamp":"2026-02-26T04:50:53.720Z"}
{"error":"","level":"error","message":"Redis connection error","service":"vendorlink-api","timestamp":"2026-02-26T04:50:54.238Z"}
{"error":"","level":"error","message":"Redis connection error","service":"vendorlink-api","timestamp":"2026-02-26T04:50:54.740Z"}
{"error":"","level":"error","message":"Redis connection error","service":"vendorlink-api","timestamp":"2026-02-26T04:50:55.264Z"}
{"error":"","level":"error","message":"Redis connection error","service":"vendorlink-api","timestamp":"2026-02-26T04:50:55.774Z"}
{"error":"","level":"error","message":"Redis connection error","service":"vendorlink-api","timestamp":"2026-02-26T04:50:56.285Z"}
{"error":"","level":"error","message":"Redis connection error","service":"vendorlink-api","timestamp":"2026-02-26T04:50:56.800Z"}
{"error":"","level":"error","message":"Redis connection error","service":"vendorlink-api","timestamp":"2026-02-26T04:50:57.313Z"}
{"error":"","level":"error","message":"Redis connection error","service":"vendorlink-api","timestamp":"2026-02-26T04:50:57.823Z"}
{"error":"","level":"error","message":"Redis connection error","service":"vendorlink-api","timestamp":"2026-02-26T04:50:58.334Z"}
{"error":"","level":"error","message":"Redis connection error","service":"vendorlink-api","timestamp":"2026-02-26T04:50:58.849Z"}
{"error":"","level":"error","message":"Redis connection error","service":"vendorlink-api","timestamp":"2026-02-26T04:50:59.362Z"}
{"error":"","level":"error","message":"Redis connection error","service":"vendorlink-api","timestamp":"2026-02-26T04:50:59.879Z"}
{"error":"","level":"error","message":"Redis connection error","service":"vendorlink-api","timestamp":"2026-02-26T04:51:00.388Z"}
{"error":"","level":"error","message":"Redis connection error","service":"vendorlink-api","timestamp":"2026-02-26T04:51:00.902Z"}
{"error":"","level":"error","message":"Redis connection error","service":"vendorlink-api","timestamp":"2026-02-26T04:51:01.405Z"}
{"error":"","level":"error","message":"Redis connection error","service":"vendorlink-api","timestamp":"2026-02-26T04:51:01.923Z"}
{"error":"","level":"error","message":"Redis connection error","service":"vendorlink-api","timestamp":"2026-02-26T04:51:02.439Z"}
{"error":"","level":"error","message":"Redis connection error","service":"vendorlink-api","timestamp":"2026-02-26T04:51:02.950Z"}
{"error":"","level":"error","message":"Redis connection error","service":"vendorlink-api","timestamp":"2026-02-26T04:51:03.454Z"}
{"error":"","level":"error","message":"Redis connection error","service":"vendorlink-api","timestamp":"2026-02-26T04:51:03.969Z"}
{"error":"","level":"error","message":"Redis connection error","service":"vendorlink-api","timestamp":"2026-02-26T04:51:04.488Z"}
{"error":"","level":"error","message":"Redis connection error","service":"vendorlink-api","timestamp":"2026-02-26T04:51:04.996Z"}
{"error":"","level":"error","message":"Redis connection error","service":"vendorlink-api","timestamp":"2026-02-26T04:51:05.510Z"}
{"error":"","level":"error","message":"Redis connection error","service":"vendorlink-api","timestamp":"2026-02-26T04:51:06.026Z"}
{"error":"","level":"error","message":"Redis connection error","service":"vendorlink-api","timestamp":"2026-02-26T04:51:06.543Z"}
{"error":"","level":"error","message":"Redis connection error","service":"vendorlink-api","timestamp":"2026-02-26T04:51:07.048Z"}
{"error":"","level":"error","message":"Redis connection error","service":"vendorlink-api","timestamp":"2026-02-26T04:51:07.564Z"}
{"error":"","level":"error","message":"Redis connection error","service":"vendorlink-api","timestamp":"2026-02-26T04:51:08.077Z"}
{"error":"","level":"error","message":"Redis connection error","service":"vendorlink-api","timestamp":"2026-02-26T04:51:08.594Z"}
{"error":"","level":"error","message":"Redis connection error","service":"vendorlink-api","timestamp":"2026-02-26T04:51:09.108Z"}
{"error":"","level":"error","message":"Redis connection error","service":"vendorlink-api","timestamp":"2026-02-26T04:51:09.621Z"}
{"error":"","level":"error","message":"Redis connection error","service":"vendorlink-api","timestamp":"2026-02-26T04:51:10.124Z"}
{"error":"","level":"error","message":"Redis connection error","service":"vendorlink-api","timestamp":"2026-02-26T04:51:10.640Z"}
{"error":"","level":"error","message":"Redis connection error","service":"vendorlink-api","timestamp":"2026-02-26T04:51:11.142Z"}
{"error":"","level":"error","message":"Redis connection error","service":"vendorlink-api","timestamp":"2026-02-26T04:51:11.658Z"}
{"error":"","level":"error","message":"Redis connection error","service":"vendorlink-api","timestamp":"2026-02-26T04:51:12.162Z"}
{"error":"","level":"error","message":"Redis connection error","service":"vendorlink-api","timestamp":"2026-02-26T04:51:12.679Z"}
{"error":"","level":"error","message":"Redis connection error","service":"vendorlink-api","timestamp":"2026-02-26T04:51:13.184Z"}
{"error":"","level":"error","message":"Redis connection error","service":"vendorlink-api","timestamp":"2026-02-26T04:51:13.687Z"}
{"error":"","level":"error","message":"Redis connection error","service":"vendorlink-api","timestamp":"2026-02-26T04:51:14.195Z"}
{"error":"","level":"error","message":"Redis connection error","service":"vendorlink-api","timestamp":"2026-02-26T04:51:14.711Z"}
{"error":"","level":"error","message":"Redis connection error","service":"vendorlink-api","timestamp":"2026-02-26T04:51:15.228Z"}
{"error":"","level":"error","message":"Redis connection error","service":"vendorlink-api","timestamp":"2026-02-26T04:51:15.729Z"}
{"error":"","level":"error","message":"Redis connection error","service":"vendorlink-api","timestamp":"2026-02-26T04:51:16.245Z"}
{"error":"","level":"error","message":"Redis connection error","service":"vendorlink-api","timestamp":"2026-02-26T04:51:16.747Z"}
{"error":"","level":"error","message":"Redis connection error","service":"vendorlink-api","timestamp":"2026-02-26T04:51:17.264Z"}
{"error":"","level":"error","message":"Redis connection error","service":"vendorlink-api","timestamp":"2026-02-26T04:51:17.780Z"}
{"error":"","level":"error","message":"Redis connection error","service":"vendorlink-api","timestamp":"2026-02-26T04:51:18.297Z"}
{"error":"","level":"error","message":"Redis connection error","service":"vendorlink-api","timestamp":"2026-02-26T04:51:18.800Z"}
{"error":"","level":"error","message":"Redis connection error","service":"vendorlink-api","timestamp":"2026-02-26T04:51:19.316Z"}
{"error":"","level":"error","message":"Redis connection error","service":"vendorlink-api","timestamp":"2026-02-26T04:51:19.821Z"}
{"error":"","level":"error","message":"Redis connection error","service":"vendorlink-api","timestamp":"2026-02-26T04:51:20.323Z"}
{"error":"","level":"error","message":"Redis connection error","service":"vendorlink-api","timestamp":"2026-02-26T04:51:20.840Z"}
{"error":"","level":"error","message":"Redis connection error","service":"vendorlink-api","timestamp":"2026-02-26T04:51:21.342Z"}
{"error":"","level":"error","message":"Redis connection error","service":"vendorlink-api","timestamp":"2026-02-26T04:51:21.844Z"}
{"error":"","level":"error","message":"Redis connection error","service":"vendorlink-api","timestamp":"2026-02-26T04:51:22.360Z"}
{"error":"","level":"error","message":"Redis connection error","service":"vendorlink-api","timestamp":"2026-02-26T04:51:22.877Z"}
{"error":"","level":"error","message":"Redis connection error","service":"vendorlink-api","timestamp":"2026-02-26T04:51:23.380Z"}
{"error":"","level":"error","message":"Redis connection error","service":"vendorlink-api","timestamp":"2026-02-26T04:51:23.898Z"}
{"error":"","level":"error","message":"Redis connection error","service":"vendorlink-api","timestamp":"2026-02-26T04:51:24.401Z"}
{"error":"","level":"error","message":"Redis connection error","service":"vendorlink-api","timestamp":"2026-02-26T04:51:24.908Z"}
{"error":"","level":"error","message":"Redis connection error","service":"vendorlink-api","timestamp":"2026-02-26T04:51:25.421Z"}
{"error":"","level":"error","message":"Redis connection error","service":"vendorlink-api","timestamp":"2026-02-26T04:51:25.935Z"}
{"error":"","level":"error","message":"Redis connection error","service":"vendorlink-api","timestamp":"2026-02-26T04:51:26.451Z"}
{"error":"","level":"error","message":"Redis connection error","service":"vendorlink-api","timestamp":"2026-02-26T04:51:26.967Z"}
{"error":"","level":"error","message":"Redis connection error","service":"vendorlink-api","timestamp":"2026-02-26T04:51:27.477Z"}
{"error":"","level":"error","message":"Redis connection error","service":"vendorlink-api","timestamp":"2026-02-26T04:51:27.981Z"}
{"error":"","level":"error","message":"Redis connection error","service":"vendorlink-api","timestamp":"2026-02-26T04:51:28.486Z"}
{"error":"","level":"error","message":"Redis connection error","service":"vendorlink-api","timestamp":"2026-02-26T04:51:29.000Z"}
{"error":"","level":"error","message":"Redis connection error","service":"vendorlink-api","timestamp":"2026-02-26T04:51:29.516Z"}
{"error":"","level":"error","message":"Redis connection error","service":"vendorlink-api","timestamp":"2026-02-26T04:51:30.033Z"}
{"error":"","level":"error","message":"Redis connection error","service":"vendorlink-api","timestamp":"2026-02-26T04:51:30.545Z"}
{"error":"","level":"error","message":"Redis connection error","service":"vendorlink-api","timestamp":"2026-02-26T04:51:31.055Z"}
{"error":"","level":"error","message":"Redis connection error","service":"vendorlink-api","timestamp":"2026-02-26T04:51:31.573Z"}
{"error":"","level":"error","message":"Redis connection error","service":"vendorlink-api","timestamp":"2026-02-26T04:51:32.076Z"}
{"error":"","level":"error","message":"Redis connection error","service":"vendorlink-api","timestamp":"2026-02-26T04:51:32.592Z"}
{"error":"","level":"error","message":"Redis connection error","service":"vendorlink-api","timestamp":"2026-02-26T04:51:33.109Z"}
{"error":"","level":"error","message":"Redis connection error","service":"vendorlink-api","timestamp":"2026-02-26T04:51:33.627Z"}
{"error":"","level":"error","message":"Redis connection error","service":"vendorlink-api","timestamp":"2026-02-26T04:51:34.132Z"}
{"error":"","level":"error","message":"Redis connection error","service":"vendorlink-api","timestamp":"2026-02-26T04:51:34.647Z"}
{"error":"","level":"error","message":"Redis connection error","service":"vendorlink-api","timestamp":"2026-02-26T04:51:35.159Z"}
{"error":"","level":"error","message":"Redis connection error","service":"vendorlink-api","timestamp":"2026-02-26T04:51:35.679Z"}
{"error":"","level":"error","message":"Redis connection error","service":"vendorlink-api","timestamp":"2026-02-26T04:51:36.184Z"}
{"error":"","level":"error","message":"Redis connection error","service":"vendorlink-api","timestamp":"2026-02-26T04:51:36.687Z"}
{"error":"","level":"error","message":"Redis connection error","service":"vendorlink-api","timestamp":"2026-02-26T04:51:37.204Z"}
{"error":"","level":"error","message":"Redis connection error","service":"vendorlink-api","timestamp":"2026-02-26T04:51:37.723Z"}
{"error":"","level":"error","message":"Redis connection error","service":"vendorlink-api","timestamp":"2026-02-26T04:51:38.230Z"}
{"error":"","level":"error","message":"Redis connection error","service":"vendorlink-api","timestamp":"2026-02-26T04:51:38.743Z"}
{"error":"","level":"error","message":"Redis connection error","service":"vendorlink-api","timestamp":"2026-02-26T04:51:39.248Z"}
{"error":"","level":"error","message":"Redis connection error","service":"vendorlink-api","timestamp":"2026-02-26T04:51:39.764Z"}
{"error":"","level":"error","message":"Redis connection error","service":"vendorlink-api","timestamp":"2026-02-26T04:51:40.268Z"}
{"error":"","level":"error","message":"Redis connection error","service":"vendorlink-api","timestamp":"2026-02-26T04:51:40.771Z"}
{"error":"","level":"error","message":"Redis connection error","service":"vendorlink-api","timestamp":"2026-02-26T04:51:41.288Z"}
{"error":"","level":"error","message":"Redis connection error","service":"vendorlink-api","timestamp":"2026-02-26T04:51:41.791Z"}
{"error":"","level":"error","message":"Redis connection error","service":"vendorlink-api","timestamp":"2026-02-26T04:51:42.307Z"}
{"error":"","level":"error","message":"Redis connection error","service":"vendorlink-api","timestamp":"2026-02-26T04:51:42.810Z"}
{"error":"","level":"error","message":"Redis connection error","service":"vendorlink-api","timestamp":"2026-02-26T04:51:43.313Z"}
{"error":"","level":"error","message":"Redis connection error","service":"vendorlink-api","timestamp":"2026-02-26T04:51:43.830Z"}
{"error":"","level":"error","message":"Redis connection error","service":"vendorlink-api","timestamp":"2026-02-26T04:51:44.338Z"}
{"error":"","level":"error","message":"Redis connection error","service":"vendorlink-api","timestamp":"2026-02-26T04:51:44.853Z"}
{"error":"","level":"error","message":"Redis connection error","service":"vendorlink-api","timestamp":"2026-02-26T04:51:45.356Z"}
{"error":"","level":"error","message":"Redis connection error","service":"vendorlink-api","timestamp":"2026-02-26T04:51:45.869Z"}
{"error":"","level":"error","message":"Redis connection error","service":"vendorlink-api","timestamp":"2026-02-26T04:51:46.383Z"}
{"error":"","level":"error","message":"Redis connection error","service":"vendorlink-api","timestamp":"2026-02-26T04:51:46.897Z"}
{"error":"","level":"error","message":"Redis connection error","service":"vendorlink-api","timestamp":"2026-02-26T04:51:47.399Z"}
{"error":"","level":"error","message":"Redis connection error","service":"vendorlink-api","timestamp":"2026-02-26T04:51:47.914Z"}
{"error":"","level":"error","message":"Redis connection error","service":"vendorlink-api","timestamp":"2026-02-26T04:51:48.417Z"}
{"error":"","level":"error","message":"Redis connection error","service":"vendorlink-api","timestamp":"2026-02-26T04:51:48.933Z"}
{"error":"","level":"error","message":"Redis connection error","service":"vendorlink-api","timestamp":"2026-02-26T04:51:49.447Z"}
{"error":"","level":"error","message":"Redis connection error","service":"vendorlink-api","timestamp":"2026-02-26T04:51:49.963Z"}
{"error":"","level":"error","message":"Redis connection error","service":"vendorlink-api","timestamp":"2026-02-26T04:51:50.479Z"}
{"error":"","level":"error","message":"Redis connection error","service":"vendorlink-api","timestamp":"2026-02-26T04:51:50.994Z"}
{"error":"","level":"error","message":"Redis connection error","service":"vendorlink-api","timestamp":"2026-02-26T04:51:51.497Z"}
{"error":"","level":"error","message":"Redis connection error","service":"vendorlink-api","timestamp":"2026-02-26T04:51:51.999Z"}
{"error":"","level":"error","message":"Redis connection error","service":"vendorlink-api","timestamp":"2026-02-26T04:51:52.516Z"}
{"error":"","level":"error","message":"Redis connection error","service":"vendorlink-api","timestamp":"2026-02-26T04:51:53.028Z"}
{"error":"","level":"error","message":"Redis connection error","service":"vendorlink-api","timestamp":"2026-02-26T04:51:53.532Z"}
{"error":"","level":"error","message":"Redis connection error","service":"vendorlink-api","timestamp":"2026-02-26T04:51:54.045Z"}
{"error":"","level":"error","message":"Redis connection error","service":"vendorlink-api","timestamp":"2026-02-26T04:51:54.561Z"}
{"error":"","level":"error","message":"Redis connection error","service":"vendorlink-api","timestamp":"2026-02-26T04:51:55.078Z"}
{"error":"","level":"error","message":"Redis connection error","service":"vendorlink-api","timestamp":"2026-02-26T04:51:55.593Z"}
{"error":"","level":"error","message":"Redis connection error","service":"vendorlink-api","timestamp":"2026-02-26T04:51:56.108Z"}
{"error":"","level":"error","message":"Redis connection error","service":"vendorlink-api","timestamp":"2026-02-26T04:51:56.613Z"}
{"error":"","level":"error","message":"Redis connection error","service":"vendorlink-api","timestamp":"2026-02-26T04:51:57.130Z"}
{"error":"","level":"error","message":"Redis connection error","service":"vendorlink-api","timestamp":"2026-02-26T04:51:57.647Z"}
{"error":"","level":"error","message":"Redis connection error","service":"vendorlink-api","timestamp":"2026-02-26T04:51:58.163Z"}
{"error":"","level":"error","message":"Redis connection error","service":"vendorlink-api","timestamp":"2026-02-26T04:51:58.681Z"}
{"error":"","level":"error","message":"Redis connection error","service":"vendorlink-api","timestamp":"2026-02-26T04:51:59.186Z"}
{"error":"","level":"error","message":"Redis connection error","service":"vendorlink-api","timestamp":"2026-02-26T04:51:59.687Z"}
{"error":"","level":"error","message":"Redis connection error","service":"vendorlink-api","timestamp":"2026-02-26T04:52:00.189Z"}
{"error":"","level":"error","message":"Redis connection error","service":"vendorlink-api","timestamp":"2026-02-26T04:52:00.706Z"}
{"error":"","level":"error","message":"Redis connection error","service":"vendorlink-api","timestamp":"2026-02-26T04:52:01.221Z"}
{"error":"","level":"error","message":"Redis connection error","service":"vendorlink-api","timestamp":"2026-02-26T04:52:01.737Z"}
{"error":"","level":"error","message":"Redis connection error","service":"vendorlink-api","timestamp":"2026-02-26T04:52:02.254Z"}
{"error":"","level":"error","message":"Redis connection error","service":"vendorlink-api","timestamp":"2026-02-26T04:52:02.756Z"}
{"error":"","level":"error","message":"Redis connection error","service":"vendorlink-api","timestamp":"2026-02-26T04:52:03.272Z"}
{"error":"","level":"error","message":"Redis connection error","service":"vendorlink-api","timestamp":"2026-02-26T04:52:03.774Z"}
{"error":"","level":"error","message":"Redis connection error","service":"vendorlink-api","timestamp":"2026-02-26T04:52:04.290Z"}
{"error":"","level":"error","message":"Redis connection error","service":"vendorlink-api","timestamp":"2026-02-26T04:52:04.804Z"}
{"error":"","level":"error","message":"Redis connection error","service":"vendorlink-api","timestamp":"2026-02-26T04:52:05.318Z"}
{"error":"","level":"error","message":"Redis connection error","service":"vendorlink-api","timestamp":"2026-02-26T04:52:05.834Z"}
{"error":"","level":"error","message":"Redis connection error","service":"vendorlink-api","timestamp":"2026-02-26T04:52:06.340Z"}
{"error":"","level":"error","message":"Redis connection error","service":"vendorlink-api","timestamp":"2026-02-26T04:52:06.843Z"}
{"error":"","level":"error","message":"Redis connection error","service":"vendorlink-api","timestamp":"2026-02-26T04:52:07.345Z"}
{"error":"","level":"error","message":"Redis connection error","service":"vendorlink-api","timestamp":"2026-02-26T04:52:07.861Z"}
{"error":"","level":"error","message":"Redis connection error","service":"vendorlink-api","timestamp":"2026-02-26T04:52:08.376Z"}
{"error":"","level":"error","message":"Redis connection error","service":"vendorlink-api","timestamp":"2026-02-26T04:52:08.879Z"}
{"error":"","level":"error","message":"Redis connection error","service":"vendorlink-api","timestamp":"2026-02-26T04:52:09.386Z"}
{"error":"","level":"error","message":"Redis connection error","service":"vendorlink-api","timestamp":"2026-02-26T04:52:09.889Z"}
{"error":"","level":"error","message":"Redis connection error","service":"vendorlink-api","timestamp":"2026-02-26T04:52:10.394Z"}
{"error":"","level":"error","message":"Redis connection error","service":"vendorlink-api","timestamp":"2026-02-26T04:52:10.911Z"}
{"error":"","level":"error","message":"Redis connection error","service":"vendorlink-api","timestamp":"2026-02-26T04:52:11.428Z"}
{"error":"","level":"error","message":"Redis connection error","service":"vendorlink-api","timestamp":"2026-02-26T04:52:11.930Z"}
{"error":"","level":"error","message":"Redis connection error","service":"vendorlink-api","timestamp":"2026-02-26T04:52:12.436Z"}
{"error":"","level":"error","message":"Redis connection error","service":"vendorlink-api","timestamp":"2026-02-26T04:52:12.939Z"}
{"error":"","level":"error","message":"Redis connection error","service":"vendorlink-api","timestamp":"2026-02-26T04:52:13.452Z"}
{"error":"","level":"error","message":"Redis connection error","service":"vendorlink-api","timestamp":"2026-02-26T04:52:13.969Z"}
{"error":"","level":"error","message":"Redis connection error","service":"vendorlink-api","timestamp":"2026-02-26T04:52:14.478Z"}
{"error":"","level":"error","message":"Redis connection error","service":"vendorlink-api","timestamp":"2026-02-26T04:52:14.991Z"}
{"error":"","level":"error","message":"Redis connection error","service":"vendorlink-api","timestamp":"2026-02-26T04:52:15.495Z"}
{"error":"","level":"error","message":"Redis connection error","service":"vendorlink-api","timestamp":"2026-02-26T04:52:16.000Z"}
{"error":"","level":"error","message":"Redis connection error","service":"vendorlink-api","timestamp":"2026-02-26T04:52:16.507Z"}
{"error":"","level":"error","message":"Redis connection error","service":"vendorlink-api","timestamp":"2026-02-26T04:52:17.009Z"}
{"error":"","level":"error","message":"Redis connection error","service":"vendorlink-api","timestamp":"2026-02-26T04:52:17.513Z"}
{"error":"","level":"error","message":"Redis connection error","service":"vendorlink-api","timestamp":"2026-02-26T04:52:18.030Z"}
{"error":"","level":"error","message":"Redis connection error","service":"vendorlink-api","timestamp":"2026-02-26T04:52:18.532Z"}
{"error":"","level":"error","message":"Redis connection error","service":"vendorlink-api","timestamp":"2026-02-26T04:52:19.047Z"}
{"error":"","level":"error","message":"Redis connection error","service":"vendorlink-api","timestamp":"2026-02-26T04:52:19.564Z"}
{"error":"","level":"error","message":"Redis connection error","service":"vendorlink-api","timestamp":"2026-02-26T04:52:20.068Z"}
{"error":"","level":"error","message":"Redis connection error","service":"vendorlink-api","timestamp":"2026-02-26T04:52:20.570Z"}
{"error":"","level":"error","message":"Redis connection error","service":"vendorlink-api","timestamp":"2026-02-26T04:52:21.077Z"}
{"error":"","level":"error","message":"Redis connection error","service":"vendorlink-api","timestamp":"2026-02-26T04:52:21.584Z"}
{"error":"","level":"error","message":"Redis connection error","service":"vendorlink-api","timestamp":"2026-02-26T04:52:22.087Z"}
{"error":"","level":"error","message":"Redis connection error","service":"vendorlink-api","timestamp":"2026-02-26T04:52:22.590Z"}
{"error":"","level":"error","message":"Redis connection error","service":"vendorlink-api","timestamp":"2026-02-26T04:52:23.093Z"}
{"error":"","level":"error","message":"Redis connection error","service":"vendorlink-api","timestamp":"2026-02-26T04:52:23.609Z"}
{"error":"","level":"error","message":"Redis connection error","service":"vendorlink-api","timestamp":"2026-02-26T04:52:24.124Z"}
{"error":"","level":"error","message":"Redis connection error","service":"vendorlink-api","timestamp":"2026-02-26T04:52:24.627Z"}
{"error":"","level":"error","message":"Redis connection error","service":"vendorlink-api","timestamp":"2026-02-26T04:52:25.140Z"}
{"error":"","level":"error","message":"Redis connection error","service":"vendorlink-api","timestamp":"2026-02-26T04:52:25.654Z"}
{"error":"","level":"error","message":"Redis connection error","service":"vendorlink-api","timestamp":"2026-02-26T04:52:26.169Z"}
{"error":"","level":"error","message":"Redis connection error","service":"vendorlink-api","timestamp":"2026-02-26T04:52:26.671Z"}
{"error":"","level":"error","message":"Redis connection error","service":"vendorlink-api","timestamp":"2026-02-26T04:52:27.188Z"}
{"error":"","level":"error","message":"Redis connection error","service":"vendorlink-api","timestamp":"2026-02-26T04:52:27.705Z"}
{"error":"","level":"error","message":"Redis connection error","service":"vendorlink-api","timestamp":"2026-02-26T04:52:28.208Z"}
{"error":"","level":"error","message":"Redis connection error","service":"vendorlink-api","timestamp":"2026-02-26T04:52:28.726Z"}
{"error":"","level":"error","message":"Redis connection error","service":"vendorlink-api","timestamp":"2026-02-26T04:52:29.243Z"}
{"error":"","level":"error","message":"Redis connection error","service":"vendorlink-api","timestamp":"2026-02-26T04:52:29.759Z"}
{"error":"","level":"error","message":"Redis connection error","service":"vendorlink-api","timestamp":"2026-02-26T04:52:30.273Z"}
{"error":"","level":"error","message":"Redis connection error","service":"vendorlink-api","timestamp":"2026-02-26T04:52:30.786Z"}
{"error":"","level":"error","message":"Redis connection error","service":"vendorlink-api","timestamp":"2026-02-26T04:52:31.289Z"}
{"error":"","level":"error","message":"Redis connection error","service":"vendorlink-api","timestamp":"2026-02-26T04:52:31.807Z"}
{"error":"","level":"error","message":"Redis connection error","service":"vendorlink-api","timestamp":"2026-02-26T04:52:32.312Z"}
{"error":"","level":"error","message":"Redis connection error","service":"vendorlink-api","timestamp":"2026-02-26T04:52:32.816Z"}
{"error":"","level":"error","message":"Redis connection error","service":"vendorlink-api","timestamp":"2026-02-26T04:52:33.319Z"}
{"error":"","level":"error","message":"Redis connection error","service":"vendorlink-api","timestamp":"2026-02-26T04:52:33.822Z"}
{"error":"","level":"error","message":"Redis connection error","service":"vendorlink-api","timestamp":"2026-02-26T04:52:34.338Z"}
{"error":"","level":"error","message":"Redis connection error","service":"vendorlink-api","timestamp":"2026-02-26T04:52:34.840Z"}
{"error":"","level":"error","message":"Redis connection error","service":"vendorlink-api","timestamp":"2026-02-26T04:52:35.357Z"}
{"error":"","level":"error","message":"Redis connection error","service":"vendorlink-api","timestamp":"2026-02-26T04:52:35.874Z"}
{"error":"","level":"error","message":"Redis connection error","service":"vendorlink-api","timestamp":"2026-02-26T04:52:36.378Z"}
{"error":"","level":"error","message":"Redis connection error","service":"vendorlink-api","timestamp":"2026-02-26T04:52:36.893Z"}
{"error":"","level":"error","message":"Redis connection error","service":"vendorlink-api","timestamp":"2026-02-26T04:52:37.397Z"}
{"error":"","level":"error","message":"Redis connection error","service":"vendorlink-api","timestamp":"2026-02-26T04:52:37.900Z"}
{"error":"","level":"error","message":"Redis connection error","service":"vendorlink-api","timestamp":"2026-02-26T04:52:38.414Z"}
{"error":"","level":"error","message":"Redis connection error","service":"vendorlink-api","timestamp":"2026-02-26T04:52:38.932Z"}
{"error":"","level":"error","message":"Redis connection error","service":"vendorlink-api","timestamp":"2026-02-26T04:52:39.447Z"}
{"error":"","level":"error","message":"Redis connection error","service":"vendorlink-api","timestamp":"2026-02-26T04:52:39.964Z"}
{"error":"","level":"error","message":"Redis connection error","service":"vendorlink-api","timestamp":"2026-02-26T04:52:40.481Z"}
{"error":"","level":"error","message":"Redis connection error","service":"vendorlink-api","timestamp":"2026-02-26T04:52:40.997Z"}
{"error":"","level":"error","message":"Redis connection error","service":"vendorlink-api","timestamp":"2026-02-26T04:52:41.500Z"}
{"error":"","level":"error","message":"Redis connection error","service":"vendorlink-api","timestamp":"2026-02-26T04:52:42.003Z"}
{"error":"","level":"error","message":"Redis connection error","service":"vendorlink-api","timestamp":"2026-02-26T04:52:42.508Z"}
{"error":"","level":"error","message":"Redis connection error","service":"vendorlink-api","timestamp":"2026-02-26T04:52:43.011Z"}
{"error":"","level":"error","message":"Redis connection error","service":"vendorlink-api","timestamp":"2026-02-26T04:52:43.516Z"}
{"error":"","level":"error","message":"Redis connection error","service":"vendorlink-api","timestamp":"2026-02-26T04:52:44.019Z"}
{"error":"","level":"error","message":"Redis connection error","service":"vendorlink-api","timestamp":"2026-02-26T04:52:44.524Z"}
{"error":"","level":"error","message":"Redis connection error","service":"vendorlink-api","timestamp":"2026-02-26T04:52:45.040Z"}
{"error":"","level":"error","message":"Redis connection error","service":"vendorlink-api","timestamp":"2026-02-26T04:52:45.555Z"}
{"error":"","level":"error","message":"Redis connection error","service":"vendorlink-api","timestamp":"2026-02-26T04:52:46.058Z"}
{"error":"","level":"error","message":"Redis connection error","service":"vendorlink-api","timestamp":"2026-02-26T04:52:46.576Z"}
{"error":"","level":"error","message":"Redis connection error","service":"vendorlink-api","timestamp":"2026-02-26T04:52:47.092Z"}
{"error":"","level":"error","message":"Redis connection error","service":"vendorlink-api","timestamp":"2026-02-26T04:52:47.606Z"}
{"error":"","level":"error","message":"Redis connection error","service":"vendorlink-api","timestamp":"2026-02-26T04:52:48.121Z"}
{"error":"","level":"error","message":"Redis connection error","service":"vendorlink-api","timestamp":"2026-02-26T04:52:48.624Z"}
{"error":"","level":"error","message":"Redis connection error","service":"vendorlink-api","timestamp":"2026-02-26T04:52:49.128Z"}
{"error":"","level":"error","message":"Redis connection error","service":"vendorlink-api","timestamp":"2026-02-26T04:52:49.645Z"}
{"error":"","level":"error","message":"Redis connection error","service":"vendorlink-api","timestamp":"2026-02-26T04:52:50.160Z"}
{"error":"","level":"error","message":"Redis connection error","service":"vendorlink-api","timestamp":"2026-02-26T04:52:50.677Z"}
{"error":"","level":"error","message":"Redis connection error","service":"vendorlink-api","timestamp":"2026-02-26T04:52:51.185Z"}
{"error":"","level":"error","message":"Redis connection error","service":"vendorlink-api","timestamp":"2026-02-26T04:52:51.687Z"}
{"error":"","level":"error","message":"Redis connection error","service":"vendorlink-api","timestamp":"2026-02-26T04:52:52.192Z"}
{"error":"","level":"error","message":"Redis connection error","service":"vendorlink-api","timestamp":"2026-02-26T04:52:52.709Z"}
{"error":"","level":"error","message":"Redis connection error","service":"vendorlink-api","timestamp":"2026-02-26T04:52:53.225Z"}
{"error":"","level":"error","message":"Redis connection error","service":"vendorlink-api","timestamp":"2026-02-26T04:52:53.742Z"}
{"error":"","level":"error","message":"Redis connection error","service":"vendorlink-api","timestamp":"2026-02-26T04:52:54.245Z"}
{"error":"","level":"error","message":"Redis connection error","service":"vendorlink-api","timestamp":"2026-02-26T04:52:54.747Z"}
{"error":"","level":"error","message":"Redis connection error","service":"vendorlink-api","timestamp":"2026-02-26T04:52:55.250Z"}
{"error":"","level":"error","message":"Redis connection error","service":"vendorlink-api","timestamp":"2026-02-26T04:52:55.753Z"}
{"error":"","level":"error","message":"Redis connection error","service":"vendorlink-api","timestamp":"2026-02-26T04:52:56.265Z"}
{"error":"","level":"error","message":"Redis connection error","service":"vendorlink-api","timestamp":"2026-02-26T04:52:56.769Z"}
{"error":"","level":"error","message":"Redis connection error","service":"vendorlink-api","timestamp":"2026-02-26T04:52:57.285Z"}
{"error":"","level":"error","message":"Redis connection error","service":"vendorlink-api","timestamp":"2026-02-26T04:52:57.790Z"}
{"error":"","level":"error","message":"Redis connection error","service":"vendorlink-api","timestamp":"2026-02-26T04:52:58.306Z"}
{"error":"","level":"error","message":"Redis connection error","service":"vendorlink-api","timestamp":"2026-02-26T04:52:58.811Z"}
{"error":"","level":"error","message":"Redis connection error","service":"vendorlink-api","timestamp":"2026-02-26T04:52:59.315Z"}
{"error":"","level":"error","message":"Redis connection error","service":"vendorlink-api","timestamp":"2026-02-26T04:52:59.833Z"}
{"error":"","level":"error","message":"Redis connection error","service":"vendorlink-api","timestamp":"2026-02-26T04:53:00.349Z"}
{"error":"","level":"error","message":"Redis connection error","service":"vendorlink-api","timestamp":"2026-02-26T04:53:00.865Z"}
{"error":"","level":"error","message":"Redis connection error","service":"vendorlink-api","timestamp":"2026-02-26T04:53:01.382Z"}
{"error":"","level":"error","message":"Redis connection error","service":"vendorlink-api","timestamp":"2026-02-26T04:53:01.886Z"}
{"error":"","level":"error","message":"Redis connection error","service":"vendorlink-api","timestamp":"2026-02-26T04:53:02.402Z"}
{"error":"","level":"error","message":"Redis connection error","service":"vendorlink-api","timestamp":"2026-02-26T04:53:02.908Z"}
{"error":"","level":"error","message":"Redis connection error","service":"vendorlink-api","timestamp":"2026-02-26T04:53:03.410Z"}
{"error":"","level":"error","message":"Redis connection error","service":"vendorlink-api","timestamp":"2026-02-26T04:53:03.912Z"}
{"error":"","level":"error","message":"Redis connection error","service":"vendorlink-api","timestamp":"2026-02-26T04:53:04.429Z"}
{"error":"","level":"error","message":"Redis connection error","service":"vendorlink-api","timestamp":"2026-02-26T04:53:04.932Z"}
{"error":"","level":"error","message":"Redis connection error","service":"vendorlink-api","timestamp":"2026-02-26T04:53:05.445Z"}
{"error":"","level":"error","message":"Redis connection error","service":"vendorlink-api","timestamp":"2026-02-26T04:53:05.950Z"}
{"error":"","level":"error","message":"Redis connection error","service":"vendorlink-api","timestamp":"2026-02-26T04:53:06.455Z"}
{"error":"","level":"error","message":"Redis connection error","service":"vendorlink-api","timestamp":"2026-02-26T04:53:06.958Z"}
{"error":"","level":"error","message":"Redis connection error","service":"vendorlink-api","timestamp":"2026-02-26T04:53:07.460Z"}
{"error":"","level":"error","message":"Redis connection error","service":"vendorlink-api","timestamp":"2026-02-26T04:53:07.963Z"}
{"error":"","level":"error","message":"Redis connection error","service":"vendorlink-api","timestamp":"2026-02-26T04:53:08.478Z"}
{"error":"","level":"error","message":"Redis connection error","service":"vendorlink-api","timestamp":"2026-02-26T04:53:08.995Z"}
{"error":"","level":"error","message":"Redis connection error","service":"vendorlink-api","timestamp":"2026-02-26T04:53:09.511Z"}
{"error":"","level":"error","message":"Redis connection error","service":"vendorlink-api","timestamp":"2026-02-26T04:53:10.014Z"}
{"error":"","level":"error","message":"Redis connection error","service":"vendorlink-api","timestamp":"2026-02-26T04:53:10.531Z"}
{"error":"","level":"error","message":"Redis connection error","service":"vendorlink-api","timestamp":"2026-02-26T04:53:11.034Z"}
{"error":"","level":"error","message":"Redis connection error","service":"vendorlink-api","timestamp":"2026-02-26T04:53:11.551Z"}
{"error":"","level":"error","message":"Redis connection error","service":"vendorlink-api","timestamp":"2026-02-26T04:53:12.055Z"}
{"error":"","level":"error","message":"Redis connection error","service":"vendorlink-api","timestamp":"2026-02-26T04:53:12.557Z"}
{"error":"","level":"error","message":"Redis connection error","service":"vendorlink-api","timestamp":"2026-02-26T04:53:13.074Z"}
{"error":"","level":"error","message":"Redis connection error","service":"vendorlink-api","timestamp":"2026-02-26T04:53:13.590Z"}
{"error":"","level":"error","message":"Redis connection error","service":"vendorlink-api","timestamp":"2026-02-26T04:53:14.093Z"}
{"error":"","level":"error","message":"Redis connection error","service":"vendorlink-api","timestamp":"2026-02-26T04:53:14.608Z"}
{"error":"","level":"error","message":"Redis connection error","service":"vendorlink-api","timestamp":"2026-02-26T04:53:15.111Z"}
{"error":"","level":"error","message":"Redis connection error","service":"vendorlink-api","timestamp":"2026-02-26T04:53:15.627Z"}
{"error":"","level":"error","message":"Redis connection error","service":"vendorlink-api","timestamp":"2026-02-26T04:53:16.143Z"}
{"error":"","level":"error","message":"Redis connection error","service":"vendorlink-api","timestamp":"2026-02-26T04:53:16.647Z"}
{"error":"","level":"error","message":"Redis connection error","service":"vendorlink-api","timestamp":"2026-02-26T04:53:17.164Z"}
{"error":"","level":"error","message":"Redis connection error","service":"vendorlink-api","timestamp":"2026-02-26T04:53:17.669Z"}
{"error":"","level":"error","message":"Redis connection error","service":"vendorlink-api","timestamp":"2026-02-26T04:53:18.175Z"}
{"error":"","level":"error","message":"Redis connection error","service":"vendorlink-api","timestamp":"2026-02-26T04:53:18.688Z"}
{"error":"","level":"error","message":"Redis connection error","service":"vendorlink-api","timestamp":"2026-02-26T04:53:19.204Z"}
{"error":"","level":"error","message":"Redis connection error","service":"vendorlink-api","timestamp":"2026-02-26T04:53:19.705Z"}
{"error":"","level":"error","message":"Redis connection error","service":"vendorlink-api","timestamp":"2026-02-26T04:53:20.223Z"}
{"error":"","level":"error","message":"Redis connection error","service":"vendorlink-api","timestamp":"2026-02-26T04:53:20.728Z"}
{"error":"","level":"error","message":"Redis connection error","service":"vendorlink-api","timestamp":"2026-02-26T04:53:21.245Z"}
{"error":"","level":"error","message":"Redis connection error","service":"vendorlink-api","timestamp":"2026-02-26T04:53:21.747Z"}
{"error":"","level":"error","message":"Redis connection error","service":"vendorlink-api","timestamp":"2026-02-26T04:53:22.262Z"}
{"error":"","level":"error","message":"Redis connection error","service":"vendorlink-api","timestamp":"2026-02-26T04:53:22.778Z"}
{"error":"","level":"error","message":"Redis connection error","service":"vendorlink-api","timestamp":"2026-02-26T04:53:23.292Z"}
{"error":"","level":"error","message":"Redis connection error","service":"vendorlink-api","timestamp":"2026-02-26T04:53:23.808Z"}
{"error":"","level":"error","message":"Redis connection error","service":"vendorlink-api","timestamp":"2026-02-26T04:53:24.322Z"}
{"error":"","level":"error","message":"Redis connection error","service":"vendorlink-api","timestamp":"2026-02-26T04:53:24.837Z"}
{"error":"","level":"error","message":"Redis connection error","service":"vendorlink-api","timestamp":"2026-02-26T04:53:25.343Z"}
{"error":"","level":"error","message":"Redis connection error","service":"vendorlink-api","timestamp":"2026-02-26T04:53:25.862Z"}
{"error":"","level":"error","message":"Redis connection error","service":"vendorlink-api","timestamp":"2026-02-26T04:53:26.372Z"}
{"error":"","level":"error","message":"Redis connection error","service":"vendorlink-api","timestamp":"2026-02-26T04:53:26.877Z"}
{"error":"","level":"error","message":"Redis connection error","service":"vendorlink-api","timestamp":"2026-02-26T04:53:27.381Z"}
{"error":"","level":"error","message":"Redis connection error","service":"vendorlink-api","timestamp":"2026-02-26T04:53:27.893Z"}
{"error":"","level":"error","message":"Redis connection error","service":"vendorlink-api","timestamp":"2026-02-26T04:53:28.398Z"}
{"error":"","level":"error","message":"Redis connection error","service":"vendorlink-api","timestamp":"2026-02-26T04:53:28.911Z"}
{"error":"","level":"error","message":"Redis connection error","service":"vendorlink-api","timestamp":"2026-02-26T04:53:29.416Z"}
{"error":"","level":"error","message":"Redis connection error","service":"vendorlink-api","timestamp":"2026-02-26T04:53:29.931Z"}
{"error":"","level":"error","message":"Redis connection error","service":"vendorlink-api","timestamp":"2026-02-26T04:53:30.446Z"}
{"error":"","level":"error","message":"Redis connection error","service":"vendorlink-api","timestamp":"2026-02-26T04:53:30.959Z"}
{"error":"","level":"error","message":"Redis connection error","service":"vendorlink-api","timestamp":"2026-02-26T04:53:31.475Z"}
{"error":"","level":"error","message":"Redis connection error","service":"vendorlink-api","timestamp":"2026-02-26T04:53:31.991Z"}
{"error":"","level":"error","message":"Redis connection error","service":"vendorlink-api","timestamp":"2026-02-26T04:53:32.506Z"}
{"error":"","level":"error","message":"Redis connection error","service":"vendorlink-api","timestamp":"2026-02-26T04:53:33.008Z"}
{"error":"","level":"error","message":"Redis connection error","service":"vendorlink-api","timestamp":"2026-02-26T04:53:33.511Z"}
{"error":"","level":"error","message":"Redis connection error","service":"vendorlink-api","timestamp":"2026-02-26T04:53:34.025Z"}
{"error":"","level":"error","message":"Redis connection error","service":"vendorlink-api","timestamp":"2026-02-26T04:53:34.527Z"}
{"error":"","level":"error","message":"Redis connection error","service":"vendorlink-api","timestamp":"2026-02-26T04:53:35.031Z"}
{"error":"","level":"error","message":"Redis connection error","service":"vendorlink-api","timestamp":"2026-02-26T04:53:35.533Z"}
{"error":"","level":"error","message":"Redis connection error","service":"vendorlink-api","timestamp":"2026-02-26T04:53:36.047Z"}
{"error":"","level":"error","message":"Redis connection error","service":"vendorlink-api","timestamp":"2026-02-26T04:53:36.564Z"}
{"error":"","level":"error","message":"Redis connection error","service":"vendorlink-api","timestamp":"2026-02-26T04:53:37.079Z"}
{"error":"","level":"error","message":"Redis connection error","service":"vendorlink-api","timestamp":"2026-02-26T04:53:37.595Z"}
{"error":"","level":"error","message":"Redis connection error","service":"vendorlink-api","timestamp":"2026-02-26T04:53:38.111Z"}
{"error":"","level":"error","message":"Redis connection error","service":"vendorlink-api","timestamp":"2026-02-26T04:53:38.629Z"}
{"error":"","level":"error","message":"Redis connection error","service":"vendorlink-api","timestamp":"2026-02-26T04:53:39.146Z"}
{"error":"","level":"error","message":"Redis connection error","service":"vendorlink-api","timestamp":"2026-02-26T04:53:39.662Z"}
{"error":"","level":"error","message":"Redis connection error","service":"vendorlink-api","timestamp":"2026-02-26T04:53:40.166Z"}
{"error":"","level":"error","message":"Redis connection error","service":"vendorlink-api","timestamp":"2026-02-26T04:53:40.671Z"}
{"error":"","level":"error","message":"Redis connection error","service":"vendorlink-api","timestamp":"2026-02-26T04:53:41.173Z"}
{"error":"","level":"error","message":"Redis connection error","service":"vendorlink-api","timestamp":"2026-02-26T04:53:41.686Z"}
{"error":"","level":"error","message":"Redis connection error","service":"vendorlink-api","timestamp":"2026-02-26T04:53:42.189Z"}
{"error":"","level":"error","message":"Redis connection error","service":"vendorlink-api","timestamp":"2026-02-26T04:53:42.706Z"}
{"error":"","level":"error","message":"Redis connection error","service":"vendorlink-api","timestamp":"2026-02-26T04:53:43.215Z"}
{"error":"","level":"error","message":"Redis connection error","service":"vendorlink-api","timestamp":"2026-02-26T04:53:43.717Z"}
{"error":"","level":"error","message":"Redis connection error","service":"vendorlink-api","timestamp":"2026-02-26T04:53:44.221Z"}
{"error":"","level":"error","message":"Redis connection error","service":"vendorlink-api","timestamp":"2026-02-26T04:53:44.736Z"}
{"error":"","level":"error","message":"Redis connection error","service":"vendorlink-api","timestamp":"2026-02-26T04:53:45.292Z"}
{"error":"","level":"error","message":"Redis connection error","service":"vendorlink-api","timestamp":"2026-02-26T04:53:45.848Z"}
{"error":"","level":"error","message":"Redis connection error","service":"vendorlink-api","timestamp":"2026-02-26T04:53:46.356Z"}
{"error":"","level":"error","message":"Redis connection error","service":"vendorlink-api","timestamp":"2026-02-26T04:53:46.872Z"}
{"error":"","level":"error","message":"Redis connection error","service":"vendorlink-api","timestamp":"2026-02-26T04:53:47.382Z"}
{"error":"","level":"error","message":"Redis connection error","service":"vendorlink-api","timestamp":"2026-02-26T04:53:47.900Z"}
{"error":"","level":"error","message":"Redis connection error","service":"vendorlink-api","timestamp":"2026-02-26T04:53:48.407Z"}
{"error":"","level":"error","message":"Redis connection error","service":"vendorlink-api","timestamp":"2026-02-26T04:53:48.916Z"}
{"error":"","level":"error","message":"Redis connection error","service":"vendorlink-api","timestamp":"2026-02-26T04:53:49.419Z"}
{"error":"","level":"error","message":"Redis connection error","service":"vendorlink-api","timestamp":"2026-02-26T04:53:49.937Z"}
{"error":"","level":"error","message":"Redis connection error","service":"vendorlink-api","timestamp":"2026-02-26T04:53:50.454Z"}
{"error":"","level":"error","message":"Redis connection error","service":"vendorlink-api","timestamp":"2026-02-26T04:53:50.965Z"}
{"error":"","level":"error","message":"Redis connection error","service":"vendorlink-api","timestamp":"2026-02-26T04:53:51.480Z"}
{"error":"","level":"error","message":"Redis connection error","service":"vendorlink-api","timestamp":"2026-02-26T04:53:51.989Z"}
{"error":"","level":"error","message":"Redis connection error","service":"vendorlink-api","timestamp":"2026-02-26T04:53:52.503Z"}
{"error":"","level":"error","message":"Redis connection error","service":"vendorlink-api","timestamp":"2026-02-26T04:53:53.021Z"}
{"error":"","level":"error","message":"Redis connection error","service":"vendorlink-api","timestamp":"2026-02-26T04:53:53.537Z"}
{"error":"","level":"error","message":"Redis connection error","service":"vendorlink-api","timestamp":"2026-02-26T04:53:54.051Z"}
{"error":"","level":"error","message":"Redis connection error","service":"vendorlink-api","timestamp":"2026-02-26T04:53:54.568Z"}
{"error":"","level":"error","message":"Redis connection error","service":"vendorlink-api","timestamp":"2026-02-26T04:53:55.080Z"}
{"error":"","level":"error","message":"Redis connection error","service":"vendorlink-api","timestamp":"2026-02-26T04:53:55.592Z"}
{"error":"","level":"error","message":"Redis connection error","service":"vendorlink-api","timestamp":"2026-02-26T04:53:56.106Z"}
{"error":"","level":"error","message":"Redis connection error","service":"vendorlink-api","timestamp":"2026-02-26T04:53:56.609Z"}
{"error":"","level":"error","message":"Redis connection error","service":"vendorlink-api","timestamp":"2026-02-26T04:53:57.123Z"}
{"error":"","level":"error","message":"Redis connection error","service":"vendorlink-api","timestamp":"2026-02-26T04:53:57.641Z"}
{"error":"","level":"error","message":"Redis connection error","service":"vendorlink-api","timestamp":"2026-02-26T04:53:58.154Z"}
{"error":"","level":"error","message":"Redis connection error","service":"vendorlink-api","timestamp":"2026-02-26T04:53:58.670Z"}
{"error":"","level":"error","message":"Redis connection error","service":"vendorlink-api","timestamp":"2026-02-26T04:53:59.183Z"}
{"error":"","level":"error","message":"Redis connection error","service":"vendorlink-api","timestamp":"2026-02-26T04:53:59.695Z"}
{"error":"","level":"error","message":"Redis connection error","service":"vendorlink-api","timestamp":"2026-02-26T04:54:00.200Z"}
{"error":"","level":"error","message":"Redis connection error","service":"vendorlink-api","timestamp":"2026-02-26T04:54:00.738Z"}
{"error":"","level":"error","message":"Redis connection error","service":"vendorlink-api","timestamp":"2026-02-26T04:54:01.262Z"}
{"error":"","level":"error","message":"Redis connection error","service":"vendorlink-api","timestamp":"2026-02-26T04:54:01.778Z"}
{"error":"","level":"error","message":"Redis connection error","service":"vendorlink-api","timestamp":"2026-02-26T04:54:02.288Z"}
{"error":"","level":"error","message":"Redis connection error","service":"vendorlink-api","timestamp":"2026-02-26T04:54:02.802Z"}
{"error":"","level":"error","message":"Redis connection error","service":"vendorlink-api","timestamp":"2026-02-26T04:54:03.317Z"}
{"error":"","level":"error","message":"Redis connection error","service":"vendorlink-api","timestamp":"2026-02-26T04:54:03.831Z"}
{"error":"","level":"error","message":"Redis connection error","service":"vendorlink-api","timestamp":"2026-02-26T04:54:04.341Z"}
{"error":"","level":"error","message":"Redis connection error","service":"vendorlink-api","timestamp":"2026-02-26T04:54:04.852Z"}
{"error":"","level":"error","message":"Redis connection error","service":"vendorlink-api","timestamp":"2026-02-26T04:54:05.364Z"}
{"error":"","level":"error","message":"Redis connection error","service":"vendorlink-api","timestamp":"2026-02-26T04:54:05.877Z"}
{"error":"","level":"error","message":"Redis connection error","service":"vendorlink-api","timestamp":"2026-02-26T04:54:06.387Z"}
{"error":"","level":"error","message":"Redis connection error","service":"vendorlink-api","timestamp":"2026-02-26T04:54:06.903Z"}
{"error":"","level":"error","message":"Redis connection error","service":"vendorlink-api","timestamp":"2026-02-26T04:54:07.417Z"}
{"error":"","level":"error","message":"Redis connection error","service":"vendorlink-api","timestamp":"2026-02-26T04:54:07.931Z"}
{"error":"","level":"error","message":"Redis connection error","service":"vendorlink-api","timestamp":"2026-02-26T04:54:08.447Z"}
{"error":"","level":"error","message":"Redis connection error","service":"vendorlink-api","timestamp":"2026-02-26T04:54:08.983Z"}
{"error":"","level":"error","message":"Redis connection error","service":"vendorlink-api","timestamp":"2026-02-26T04:54:09.510Z"}
{"error":"","level":"error","message":"Redis connection error","service":"vendorlink-api","timestamp":"2026-02-26T04:54:10.026Z"}
{"error":"","level":"error","message":"Redis connection error","service":"vendorlink-api","timestamp":"2026-02-26T04:54:10.531Z"}
{"error":"","level":"error","message":"Redis connection error","service":"vendorlink-api","timestamp":"2026-02-26T04:54:11.046Z"}
{"error":"","level":"error","message":"Redis connection error","service":"vendorlink-api","timestamp":"2026-02-26T04:54:11.560Z"}
{"error":"","level":"error","message":"Redis connection error","service":"vendorlink-api","timestamp":"2026-02-26T04:54:12.077Z"}
{"error":"","level":"error","message":"Redis connection error","service":"vendorlink-api","timestamp":"2026-02-26T04:54:12.591Z"}
{"error":"","level":"error","message":"Redis connection error","service":"vendorlink-api","timestamp":"2026-02-26T04:54:13.106Z"}
{"error":"","level":"error","message":"Redis connection error","service":"vendorlink-api","timestamp":"2026-02-26T04:54:13.619Z"}
{"error":"","level":"error","message":"Redis connection error","service":"vendorlink-api","timestamp":"2026-02-26T04:54:14.168Z"}
{"error":"","level":"error","message":"Redis connection error","service":"vendorlink-api","timestamp":"2026-02-26T04:54:14.682Z"}
{"error":"","level":"error","message":"Redis connection error","service":"vendorlink-api","timestamp":"2026-02-26T04:54:15.196Z"}
{"error":"","level":"error","message":"Redis connection error","service":"vendorlink-api","timestamp":"2026-02-26T04:54:15.712Z"}
{"error":"","level":"error","message":"Redis connection error","service":"vendorlink-api","timestamp":"2026-02-26T04:54:16.227Z"}
{"error":"","level":"error","message":"Redis connection error","service":"vendorlink-api","timestamp":"2026-02-26T04:54:16.741Z"}
{"error":"","level":"error","message":"Redis connection error","service":"vendorlink-api","timestamp":"2026-02-26T04:54:17.254Z"}
{"error":"","level":"error","message":"Redis connection error","service":"vendorlink-api","timestamp":"2026-02-26T04:54:17.757Z"}
{"error":"","level":"error","message":"Redis connection error","service":"vendorlink-api","timestamp":"2026-02-26T04:54:18.272Z"}
{"error":"","level":"error","message":"Redis connection error","service":"vendorlink-api","timestamp":"2026-02-26T04:54:18.787Z"}
{"error":"","level":"error","message":"Redis connection error","service":"vendorlink-api","timestamp":"2026-02-26T04:54:19.303Z"}
{"error":"","level":"error","message":"Redis connection error","service":"vendorlink-api","timestamp":"2026-02-26T04:54:19.819Z"}
{"error":"","level":"error","message":"Redis connection error","service":"vendorlink-api","timestamp":"2026-02-26T04:54:20.336Z"}
{"error":"","level":"error","message":"Redis connection error","service":"vendorlink-api","timestamp":"2026-02-26T04:54:20.851Z"}
{"error":"","level":"error","message":"Redis connection error","service":"vendorlink-api","timestamp":"2026-02-26T04:54:21.364Z"}
{"error":"","level":"error","message":"Redis connection error","service":"vendorlink-api","timestamp":"2026-02-26T04:54:21.879Z"}
{"error":"","level":"error","message":"Redis connection error","service":"vendorlink-api","timestamp":"2026-02-26T04:54:22.417Z"}
{"error":"","level":"error","message":"Redis connection error","service":"vendorlink-api","timestamp":"2026-02-26T04:54:22.935Z"}
{"error":"","level":"error","message":"Redis connection error","service":"vendorlink-api","timestamp":"2026-02-26T04:54:23.451Z"}
{"error":"","level":"error","message":"Redis connection error","service":"vendorlink-api","timestamp":"2026-02-26T04:54:23.965Z"}
{"error":"","level":"error","message":"Redis connection error","service":"vendorlink-api","timestamp":"2026-02-26T04:54:24.477Z"}
{"error":"","level":"error","message":"Redis connection error","service":"vendorlink-api","timestamp":"2026-02-26T04:54:24.991Z"}
{"error":"","level":"error","message":"Redis connection error","service":"vendorlink-api","timestamp":"2026-02-26T04:54:25.506Z"}
{"error":"","level":"error","message":"Redis connection error","service":"vendorlink-api","timestamp":"2026-02-26T04:54:26.008Z"}
{"error":"","level":"error","message":"Redis connection error","service":"vendorlink-api","timestamp":"2026-02-26T04:54:26.524Z"}
{"error":"","level":"error","message":"Redis connection error","service":"vendorlink-api","timestamp":"2026-02-26T04:54:27.029Z"}
{"error":"","level":"error","message":"Redis connection error","service":"vendorlink-api","timestamp":"2026-02-26T04:54:27.543Z"}
{"error":"","level":"error","message":"Redis connection error","service":"vendorlink-api","timestamp":"2026-02-26T04:54:28.058Z"}
{"error":"","level":"error","message":"Redis connection error","service":"vendorlink-api","timestamp":"2026-02-26T04:54:28.569Z"}
{"error":"","level":"error","message":"Redis connection error","service":"vendorlink-api","timestamp":"2026-02-26T04:54:29.086Z"}
{"error":"","level":"error","message":"Redis connection error","service":"vendorlink-api","timestamp":"2026-02-26T04:54:29.600Z"}
{"error":"","level":"error","message":"Redis connection error","service":"vendorlink-api","timestamp":"2026-02-26T04:54:30.115Z"}
{"error":"","level":"error","message":"Redis connection error","service":"vendorlink-api","timestamp":"2026-02-26T04:54:30.627Z"}
{"error":"","level":"error","message":"Redis connection error","service":"vendorlink-api","timestamp":"2026-02-26T04:54:31.140Z"}
{"error":"","level":"error","message":"Redis connection error","service":"vendorlink-api","timestamp":"2026-02-26T04:54:31.654Z"}
{"error":"","level":"error","message":"Redis connection error","service":"vendorlink-api","timestamp":"2026-02-26T04:54:32.158Z"}
{"error":"","level":"error","message":"Redis connection error","service":"vendorlink-api","timestamp":"2026-02-26T04:54:32.671Z"}
{"error":"","level":"error","message":"Redis connection error","service":"vendorlink-api","timestamp":"2026-02-26T04:54:33.183Z"}
{"error":"","level":"error","message":"Redis connection error","service":"vendorlink-api","timestamp":"2026-02-26T04:54:33.694Z"}
{"error":"","level":"error","message":"Redis connection error","service":"vendorlink-api","timestamp":"2026-02-26T04:54:34.226Z"}
{"error":"","level":"error","message":"Redis connection error","service":"vendorlink-api","timestamp":"2026-02-26T04:54:34.758Z"}
{"error":"","level":"error","message":"Redis connection error","service":"vendorlink-api","timestamp":"2026-02-26T04:54:35.269Z"}
{"error":"","level":"error","message":"Redis connection error","service":"vendorlink-api","timestamp":"2026-02-26T04:54:35.781Z"}
{"error":"","level":"error","message":"Redis connection error","service":"vendorlink-api","timestamp":"2026-02-26T04:54:36.296Z"}
{"error":"","level":"error","message":"Redis connection error","service":"vendorlink-api","timestamp":"2026-02-26T04:54:36.810Z"}
{"error":"","level":"error","message":"Redis connection error","service":"vendorlink-api","timestamp":"2026-02-26T04:54:37.324Z"}
{"error":"","level":"error","message":"Redis connection error","service":"vendorlink-api","timestamp":"2026-02-26T04:54:37.835Z"}
{"error":"","level":"error","message":"Redis connection error","service":"vendorlink-api","timestamp":"2026-02-26T04:54:38.350Z"}
{"error":"","level":"error","message":"Redis connection error","service":"vendorlink-api","timestamp":"2026-02-26T04:54:38.860Z"}
{"error":"","level":"error","message":"Redis connection error","service":"vendorlink-api","timestamp":"2026-02-26T04:54:39.373Z"}
{"error":"","level":"error","message":"Redis connection error","service":"vendorlink-api","timestamp":"2026-02-26T04:54:39.885Z"}
{"error":"","level":"error","message":"Redis connection error","service":"vendorlink-api","timestamp":"2026-02-26T04:54:40.399Z"}
{"error":"","level":"error","message":"Redis connection error","service":"vendorlink-api","timestamp":"2026-02-26T04:54:40.914Z"}
{"error":"","level":"error","message":"Redis connection error","service":"vendorlink-api","timestamp":"2026-02-26T04:54:41.428Z"}
{"error":"","level":"error","message":"Redis connection error","service":"vendorlink-api","timestamp":"2026-02-26T04:54:41.936Z"}
{"error":"","level":"error","message":"Redis connection error","service":"vendorlink-api","timestamp":"2026-02-26T04:54:42.450Z"}
{"error":"","level":"error","message":"Redis connection error","service":"vendorlink-api","timestamp":"2026-02-26T04:54:42.967Z"}
{"error":"","level":"error","message":"Redis connection error","service":"vendorlink-api","timestamp":"2026-02-26T04:54:43.483Z"}
{"error":"","level":"error","message":"Redis connection error","service":"vendorlink-api","timestamp":"2026-02-26T04:54:43.998Z"}
{"error":"","level":"error","message":"Redis connection error","service":"vendorlink-api","timestamp":"2026-02-26T04:54:44.513Z"}
{"error":"","level":"error","message":"Redis connection error","service":"vendorlink-api","timestamp":"2026-02-26T04:54:45.029Z"}
{"error":"","level":"error","message":"Redis connection error","service":"vendorlink-api","timestamp":"2026-02-26T04:54:45.544Z"}
{"error":"","level":"error","message":"Redis connection error","service":"vendorlink-api","timestamp":"2026-02-26T04:54:46.059Z"}
{"error":"","level":"error","message":"Redis connection error","service":"vendorlink-api","timestamp":"2026-02-26T04:54:46.573Z"}
{"error":"","level":"error","message":"Redis connection error","service":"vendorlink-api","timestamp":"2026-02-26T04:54:47.086Z"}
{"error":"","level":"error","message":"Redis connection error","service":"vendorlink-api","timestamp":"2026-02-26T04:54:47.601Z"}
{"error":"","level":"error","message":"Redis connection error","service":"vendorlink-api","timestamp":"2026-02-26T04:54:48.117Z"}
{"error":"","level":"error","message":"Redis connection error","service":"vendorlink-api","timestamp":"2026-02-26T04:54:48.634Z"}
{"error":"","level":"error","message":"Redis connection error","service":"vendorlink-api","timestamp":"2026-02-26T04:54:49.149Z"}
{"error":"","level":"error","message":"Redis connection error","service":"vendorlink-api","timestamp":"2026-02-26T04:54:49.665Z"}
{"error":"","level":"error","message":"Redis connection error","service":"vendorlink-api","timestamp":"2026-02-26T04:54:50.181Z"}
{"error":"","level":"error","message":"Redis connection error","service":"vendorlink-api","timestamp":"2026-02-26T04:54:50.685Z"}
{"error":"","level":"error","message":"Redis connection error","service":"vendorlink-api","timestamp":"2026-02-26T04:54:51.197Z"}
{"error":"","level":"error","message":"Redis connection error","service":"vendorlink-api","timestamp":"2026-02-26T04:54:51.716Z"}
{"error":"","level":"error","message":"Redis connection error","service":"vendorlink-api","timestamp":"2026-02-26T04:54:52.228Z"}
{"error":"","level":"error","message":"Redis connection error","service":"vendorlink-api","timestamp":"2026-02-26T04:54:52.741Z"}
{"error":"","level":"error","message":"Redis connection error","service":"vendorlink-api","timestamp":"2026-02-26T04:54:53.243Z"}
{"error":"","level":"error","message":"Redis connection error","service":"vendorlink-api","timestamp":"2026-02-26T04:54:53.756Z"}
{"error":"","level":"error","message":"Redis connection error","service":"vendorlink-api","timestamp":"2026-02-26T04:54:54.270Z"}
{"error":"","level":"error","message":"Redis connection error","service":"vendorlink-api","timestamp":"2026-02-26T04:54:54.785Z"}
{"error":"","level":"error","message":"Redis connection error","service":"vendorlink-api","timestamp":"2026-02-26T04:54:55.300Z"}
{"error":"","level":"error","message":"Redis connection error","service":"vendorlink-api","timestamp":"2026-02-26T04:54:55.818Z"}
{"error":"","level":"error","message":"Redis connection error","service":"vendorlink-api","timestamp":"2026-02-26T04:54:56.330Z"}
{"error":"","level":"error","message":"Redis connection error","service":"vendorlink-api","timestamp":"2026-02-26T04:54:56.844Z"}
{"error":"","level":"error","message":"Redis connection error","service":"vendorlink-api","timestamp":"2026-02-26T04:54:57.359Z"}
{"error":"","level":"error","message":"Redis connection error","service":"vendorlink-api","timestamp":"2026-02-26T04:54:57.874Z"}
{"error":"","level":"error","message":"Redis connection error","service":"vendorlink-api","timestamp":"2026-02-26T04:54:58.387Z"}
{"error":"","level":"error","message":"Redis connection error","service":"vendorlink-api","timestamp":"2026-02-26T04:54:58.898Z"}
{"error":"","level":"error","message":"Redis connection error","service":"vendorlink-api","timestamp":"2026-02-26T04:54:59.400Z"}
{"error":"","level":"error","message":"Redis connection error","service":"vendorlink-api","timestamp":"2026-02-26T04:54:59.904Z"}
{"error":"","level":"error","message":"Redis connection error","service":"vendorlink-api","timestamp":"2026-02-26T04:55:00.416Z"}
{"error":"","level":"error","message":"Redis connection error","service":"vendorlink-api","timestamp":"2026-02-26T04:55:00.920Z"}
{"error":"","level":"error","message":"Redis connection error","service":"vendorlink-api","timestamp":"2026-02-26T04:55:01.424Z"}
{"error":"","level":"error","message":"Redis connection error","service":"vendorlink-api","timestamp":"2026-02-26T04:55:01.939Z"}
{"error":"","level":"error","message":"Redis connection error","service":"vendorlink-api","timestamp":"2026-02-26T04:55:02.457Z"}
{"error":"","level":"error","message":"Redis connection error","service":"vendorlink-api","timestamp":"2026-02-26T04:55:02.971Z"}
{"error":"","level":"error","message":"Redis connection error","service":"vendorlink-api","timestamp":"2026-02-26T04:55:03.488Z"}
{"error":"","level":"error","message":"Redis connection error","service":"vendorlink-api","timestamp":"2026-02-26T04:55:04.002Z"}
{"error":"","level":"error","message":"Redis connection error","service":"vendorlink-api","timestamp":"2026-02-26T04:55:04.514Z"}
{"error":"","level":"error","message":"Redis connection error","service":"vendorlink-api","timestamp":"2026-02-26T04:55:05.017Z"}
{"error":"","level":"error","message":"Redis connection error","service":"vendorlink-api","timestamp":"2026-02-26T04:55:05.532Z"}
{"error":"","level":"error","message":"Redis connection error","service":"vendorlink-api","timestamp":"2026-02-26T04:55:06.045Z"}
{"error":"","level":"error","message":"Redis connection error","service":"vendorlink-api","timestamp":"2026-02-26T04:55:06.559Z"}
{"error":"","level":"error","message":"Redis connection error","service":"vendorlink-api","timestamp":"2026-02-26T04:55:07.060Z"}
{"error":"","level":"error","message":"Redis connection error","service":"vendorlink-api","timestamp":"2026-02-26T04:55:07.565Z"}
{"error":"","level":"error","message":"Redis connection error","service":"vendorlink-api","timestamp":"2026-02-26T04:55:08.083Z"}
{"error":"","level":"error","message":"Redis connection error","service":"vendorlink-api","timestamp":"2026-02-26T04:55:08.585Z"}
{"error":"","level":"error","message":"Redis connection error","service":"vendorlink-api","timestamp":"2026-02-26T04:55:09.089Z"}
{"error":"","level":"error","message":"Redis connection error","service":"vendorlink-api","timestamp":"2026-02-26T04:55:09.623Z"}
{"error":"","level":"error","message":"Redis connection error","service":"vendorlink-api","timestamp":"2026-02-26T04:55:10.139Z"}
{"error":"","level":"error","message":"Redis connection error","service":"vendorlink-api","timestamp":"2026-02-26T04:55:10.653Z"}
{"error":"","level":"error","message":"Redis connection error","service":"vendorlink-api","timestamp":"2026-02-26T04:55:11.164Z"}
{"error":"","level":"error","message":"Redis connection error","service":"vendorlink-api","timestamp":"2026-02-26T04:55:11.680Z"}
{"error":"","level":"error","message":"Redis connection error","service":"vendorlink-api","timestamp":"2026-02-26T04:55:12.195Z"}
{"error":"","level":"error","message":"Redis connection error","service":"vendorlink-api","timestamp":"2026-02-26T04:55:12.705Z"}
{"error":"","level":"error","message":"Redis connection error","service":"vendorlink-api","timestamp":"2026-02-26T04:55:13.220Z"}
{"error":"","level":"error","message":"Redis connection error","service":"vendorlink-api","timestamp":"2026-02-26T04:55:13.732Z"}
{"error":"","level":"error","message":"Redis connection error","service":"vendorlink-api","timestamp":"2026-02-26T04:55:14.248Z"}
{"error":"","level":"error","message":"Redis connection error","service":"vendorlink-api","timestamp":"2026-02-26T04:55:14.763Z"}
{"error":"","level":"error","message":"Redis connection error","service":"vendorlink-api","timestamp":"2026-02-26T04:55:15.279Z"}
{"error":"","level":"error","message":"Redis connection error","service":"vendorlink-api","timestamp":"2026-02-26T04:55:15.792Z"}
{"error":"","level":"error","message":"Redis connection error","service":"vendorlink-api","timestamp":"2026-02-26T04:55:16.303Z"}
{"error":"","level":"error","message":"Redis connection error","service":"vendorlink-api","timestamp":"2026-02-26T04:55:16.818Z"}
{"error":"","level":"error","message":"Redis connection error","service":"vendorlink-api","timestamp":"2026-02-26T04:55:17.334Z"}
{"error":"","level":"error","message":"Redis connection error","service":"vendorlink-api","timestamp":"2026-02-26T04:55:17.851Z"}
{"error":"","level":"error","message":"Redis connection error","service":"vendorlink-api","timestamp":"2026-02-26T04:55:18.353Z"}
{"error":"","level":"error","message":"Redis connection error","service":"vendorlink-api","timestamp":"2026-02-26T04:55:18.863Z"}
{"error":"","level":"error","message":"Redis connection error","service":"vendorlink-api","timestamp":"2026-02-26T04:55:19.379Z"}
{"error":"","level":"error","message":"Redis connection error","service":"vendorlink-api","timestamp":"2026-02-26T04:55:19.894Z"}
{"error":"","level":"error","message":"Redis connection error","service":"vendorlink-api","timestamp":"2026-02-26T04:55:20.410Z"}
{"error":"","level":"error","message":"Redis connection error","service":"vendorlink-api","timestamp":"2026-02-26T04:55:20.923Z"}
{"error":"","level":"error","message":"Redis connection error","service":"vendorlink-api","timestamp":"2026-02-26T04:55:21.439Z"}
{"error":"","level":"error","message":"Redis connection error","service":"vendorlink-api","timestamp":"2026-02-26T04:55:21.953Z"}
{"error":"","level":"error","message":"Redis connection error","service":"vendorlink-api","timestamp":"2026-02-26T04:55:22.471Z"}
{"error":"","level":"error","message":"Redis connection error","service":"vendorlink-api","timestamp":"2026-02-26T04:55:22.986Z"}
{"error":"","level":"error","message":"Redis connection error","service":"vendorlink-api","timestamp":"2026-02-26T04:55:23.498Z"}
{"error":"","level":"error","message":"Redis connection error","service":"vendorlink-api","timestamp":"2026-02-26T04:55:24.011Z"}
{"error":"","level":"error","message":"Redis connection error","service":"vendorlink-api","timestamp":"2026-02-26T04:55:24.515Z"}
{"error":"","level":"error","message":"Redis connection error","service":"vendorlink-api","timestamp":"2026-02-26T04:55:25.032Z"}
{"error":"","level":"error","message":"Redis connection error","service":"vendorlink-api","timestamp":"2026-02-26T04:55:25.544Z"}
{"error":"","level":"error","message":"Redis connection error","service":"vendorlink-api","timestamp":"2026-02-26T04:55:26.057Z"}
{"error":"","level":"error","message":"Redis connection error","service":"vendorlink-api","timestamp":"2026-02-26T04:55:26.573Z"}
{"error":"","level":"error","message":"Redis connection error","service":"vendorlink-api","timestamp":"2026-02-26T04:55:27.088Z"}
{"error":"","level":"error","message":"Redis connection error","service":"vendorlink-api","timestamp":"2026-02-26T04:55:27.602Z"}
{"error":"","level":"error","message":"Redis connection error","service":"vendorlink-api","timestamp":"2026-02-26T04:55:28.116Z"}
{"error":"","level":"error","message":"Redis connection error","service":"vendorlink-api","timestamp":"2026-02-26T04:55:28.632Z"}
{"error":"","level":"error","message":"Redis connection error","service":"vendorlink-api","timestamp":"2026-02-26T04:55:29.145Z"}
{"error":"","level":"error","message":"Redis connection error","service":"vendorlink-api","timestamp":"2026-02-26T04:55:29.661Z"}
{"error":"","level":"error","message":"Redis connection error","service":"vendorlink-api","timestamp":"2026-02-26T04:55:30.177Z"}
{"error":"","level":"error","message":"Redis connection error","service":"vendorlink-api","timestamp":"2026-02-26T04:55:30.691Z"}
{"error":"","level":"error","message":"Redis connection error","service":"vendorlink-api","timestamp":"2026-02-26T04:55:31.193Z"}
{"error":"","level":"error","message":"Redis connection error","service":"vendorlink-api","timestamp":"2026-02-26T04:55:31.708Z"}
{"error":"","level":"error","message":"Redis connection error","service":"vendorlink-api","timestamp":"2026-02-26T04:55:32.225Z"}
{"error":"","level":"error","message":"Redis connection error","service":"vendorlink-api","timestamp":"2026-02-26T04:55:32.738Z"}
{"error":"","level":"error","message":"Redis connection error","service":"vendorlink-api","timestamp":"2026-02-26T04:55:33.250Z"}
{"error":"","level":"error","message":"Redis connection error","service":"vendorlink-api","timestamp":"2026-02-26T04:55:33.765Z"}
{"error":"","level":"error","message":"Redis connection error","service":"vendorlink-api","timestamp":"2026-02-26T04:55:34.282Z"}
{"error":"","level":"error","message":"Redis connection error","service":"vendorlink-api","timestamp":"2026-02-26T04:55:34.794Z"}
{"error":"","level":"error","message":"Redis connection error","service":"vendorlink-api","timestamp":"2026-02-26T04:55:35.308Z"}
{"error":"","level":"error","message":"Redis connection error","service":"vendorlink-api","timestamp":"2026-02-26T04:55:35.811Z"}
{"error":"","level":"error","message":"Redis connection error","service":"vendorlink-api","timestamp":"2026-02-26T04:55:36.326Z"}
{"error":"","level":"error","message":"Redis connection error","service":"vendorlink-api","timestamp":"2026-02-26T04:55:36.839Z"}
{"error":"","level":"error","message":"Redis connection error","service":"vendorlink-api","timestamp":"2026-02-26T04:55:37.351Z"}
{"error":"","level":"error","message":"Redis connection error","service":"vendorlink-api","timestamp":"2026-02-26T04:55:37.863Z"}
{"error":"","level":"error","message":"Redis connection error","service":"vendorlink-api","timestamp":"2026-02-26T04:55:38.381Z"}
{"error":"","level":"error","message":"Redis connection error","service":"vendorlink-api","timestamp":"2026-02-26T04:55:38.892Z"}
{"error":"","level":"error","message":"Redis connection error","service":"vendorlink-api","timestamp":"2026-02-26T04:55:39.408Z"}
{"error":"","level":"error","message":"Redis connection error","service":"vendorlink-api","timestamp":"2026-02-26T04:55:39.921Z"}
{"error":"","level":"error","message":"Redis connection error","service":"vendorlink-api","timestamp":"2026-02-26T04:55:40.437Z"}
{"error":"","level":"error","message":"Redis connection error","service":"vendorlink-api","timestamp":"2026-02-26T04:55:40.950Z"}
{"error":"","level":"error","message":"Redis connection error","service":"vendorlink-api","timestamp":"2026-02-26T04:55:41.465Z"}
{"error":"","level":"error","message":"Redis connection error","service":"vendorlink-api","timestamp":"2026-02-26T04:55:41.983Z"}
{"error":"","level":"error","message":"Redis connection error","service":"vendorlink-api","timestamp":"2026-02-26T04:55:42.495Z"}
{"error":"","level":"error","message":"Redis connection error","service":"vendorlink-api","timestamp":"2026-02-26T04:55:43.011Z"}
{"error":"","level":"error","message":"Redis connection error","service":"vendorlink-api","timestamp":"2026-02-26T04:55:43.526Z"}
{"error":"","level":"error","message":"Redis connection error","service":"vendorlink-api","timestamp":"2026-02-26T04:55:44.040Z"}
{"error":"","level":"error","message":"Redis connection error","service":"vendorlink-api","timestamp":"2026-02-26T04:55:44.555Z"}
{"error":"","level":"error","message":"Redis connection error","service":"vendorlink-api","timestamp":"2026-02-26T04:55:45.057Z"}
{"error":"","level":"error","message":"Redis connection error","service":"vendorlink-api","timestamp":"2026-02-26T04:55:45.570Z"}
{"error":"","level":"error","message":"Redis connection error","service":"vendorlink-api","timestamp":"2026-02-26T04:55:46.072Z"}
{"error":"","level":"error","message":"Redis connection error","service":"vendorlink-api","timestamp":"2026-02-26T04:55:46.586Z"}
{"error":"","level":"error","message":"Redis connection error","service":"vendorlink-api","timestamp":"2026-02-26T04:55:47.102Z"}
{"error":"","level":"error","message":"Redis connection error","service":"vendorlink-api","timestamp":"2026-02-26T04:55:47.617Z"}
{"error":"","level":"error","message":"Redis connection error","service":"vendorlink-api","timestamp":"2026-02-26T04:55:48.132Z"}
{"error":"","level":"error","message":"Redis connection error","service":"vendorlink-api","timestamp":"2026-02-26T04:55:48.648Z"}
{"error":"","level":"error","message":"Redis connection error","service":"vendorlink-api","timestamp":"2026-02-26T04:55:49.164Z"}
{"error":"","level":"error","message":"Redis connection error","service":"vendorlink-api","timestamp":"2026-02-26T04:55:49.677Z"}
{"error":"","level":"error","message":"Redis connection error","service":"vendorlink-api","timestamp":"2026-02-26T04:55:50.191Z"}
{"error":"","level":"error","message":"Redis connection error","service":"vendorlink-api","timestamp":"2026-02-26T04:55:50.704Z"}
{"error":"","level":"error","message":"Redis connection error","service":"vendorlink-api","timestamp":"2026-02-26T04:55:51.220Z"}
{"error":"","level":"error","message":"Redis connection error","service":"vendorlink-api","timestamp":"2026-02-26T04:55:51.737Z"}
{"error":"","level":"error","message":"Redis connection error","service":"vendorlink-api","timestamp":"2026-02-26T04:55:52.255Z"}
{"error":"","level":"error","message":"Redis connection error","service":"vendorlink-api","timestamp":"2026-02-26T04:55:52.769Z"}
{"error":"","level":"error","message":"Redis connection error","service":"vendorlink-api","timestamp":"2026-02-26T04:55:53.281Z"}
{"error":"","level":"error","message":"Redis connection error","service":"vendorlink-api","timestamp":"2026-02-26T04:55:53.798Z"}
{"error":"","level":"error","message":"Redis connection error","service":"vendorlink-api","timestamp":"2026-02-26T04:55:54.312Z"}
{"error":"","level":"error","message":"Redis connection error","service":"vendorlink-api","timestamp":"2026-02-26T04:55:54.827Z"}
{"error":"","level":"error","message":"Redis connection error","service":"vendorlink-api","timestamp":"2026-02-26T04:55:55.338Z"}
{"error":"","level":"error","message":"Redis connection error","service":"vendorlink-api","timestamp":"2026-02-26T04:55:55.841Z"}
{"error":"","level":"error","message":"Redis connection error","service":"vendorlink-api","timestamp":"2026-02-26T04:55:56.344Z"}
{"error":"","level":"error","message":"Redis connection error","service":"vendorlink-api","timestamp":"2026-02-26T04:55:56.847Z"}
{"error":"","level":"error","message":"Redis connection error","service":"vendorlink-api","timestamp":"2026-02-26T04:55:57.364Z"}
{"error":"","level":"error","message":"Redis connection error","service":"vendorlink-api","timestamp":"2026-02-26T04:55:57.881Z"}
{"error":"","level":"error","message":"Redis connection error","service":"vendorlink-api","timestamp":"2026-02-26T04:55:58.396Z"}
{"error":"","level":"error","message":"Redis connection error","service":"vendorlink-api","timestamp":"2026-02-26T04:55:58.910Z"}
{"error":"","level":"error","message":"Redis connection error","service":"vendorlink-api","timestamp":"2026-02-26T04:55:59.427Z"}
{"error":"","level":"error","message":"Redis connection error","service":"vendorlink-api","timestamp":"2026-02-26T04:55:59.931Z"}
{"error":"","level":"error","message":"Redis connection error","service":"vendorlink-api","timestamp":"2026-02-26T04:56:00.437Z"}
{"error":"","level":"error","message":"Redis connection error","service":"vendorlink-api","timestamp":"2026-02-26T04:56:00.954Z"}
{"error":"","level":"error","message":"Redis connection error","service":"vendorlink-api","timestamp":"2026-02-26T04:56:01.467Z"}
{"error":"","level":"error","message":"Redis connection error","service":"vendorlink-api","timestamp":"2026-02-26T04:56:01.973Z"}
{"error":"","level":"error","message":"Redis connection error","service":"vendorlink-api","timestamp":"2026-02-26T04:56:02.492Z"}
{"error":"","level":"error","message":"Redis connection error","service":"vendorlink-api","timestamp":"2026-02-26T04:56:03.001Z"}
{"error":"","level":"error","message":"Redis connection error","service":"vendorlink-api","timestamp":"2026-02-26T04:56:03.520Z"}
{"error":"","level":"error","message":"Redis connection error","service":"vendorlink-api","timestamp":"2026-02-26T04:56:04.037Z"}
{"error":"","level":"error","message":"Redis connection error","service":"vendorlink-api","timestamp":"2026-02-26T04:56:04.550Z"}
{"error":"","level":"error","message":"Redis connection error","service":"vendorlink-api","timestamp":"2026-02-26T04:56:05.068Z"}
{"error":"","level":"error","message":"Redis connection error","service":"vendorlink-api","timestamp":"2026-02-26T04:56:05.594Z"}
{"error":"","level":"error","message":"Redis connection error","service":"vendorlink-api","timestamp":"2026-02-26T04:56:06.103Z"}
{"error":"","level":"error","message":"Redis connection error","service":"vendorlink-api","timestamp":"2026-02-26T04:56:06.613Z"}
{"error":"","level":"error","message":"Redis connection error","service":"vendorlink-api","timestamp":"2026-02-26T04:56:07.129Z"}
{"error":"","level":"error","message":"Redis connection error","service":"vendorlink-api","timestamp":"2026-02-26T04:56:07.640Z"}
{"error":"","level":"error","message":"Redis connection error","service":"vendorlink-api","timestamp":"2026-02-26T04:56:08.155Z"}
{"error":"","level":"error","message":"Redis connection error","service":"vendorlink-api","timestamp":"2026-02-26T04:56:08.671Z"}
{"error":"","level":"error","message":"Redis connection error","service":"vendorlink-api","timestamp":"2026-02-26T04:56:09.188Z"}
{"error":"","level":"error","message":"Redis connection error","service":"vendorlink-api","timestamp":"2026-02-26T04:56:09.704Z"}
{"error":"","level":"error","message":"Redis connection error","service":"vendorlink-api","timestamp":"2026-02-26T04:56:10.216Z"}
{"error":"","level":"error","message":"Redis connection error","service":"vendorlink-api","timestamp":"2026-02-26T04:56:10.772Z"}
{"error":"","level":"error","message":"Redis connection error","service":"vendorlink-api","timestamp":"2026-02-26T04:56:11.307Z"}
{"error":"","level":"error","message":"Redis connection error","service":"vendorlink-api","timestamp":"2026-02-26T04:56:11.820Z"}
{"error":"","level":"error","message":"Redis connection error","service":"vendorlink-api","timestamp":"2026-02-26T04:56:12.327Z"}
{"error":"","level":"error","message":"Redis connection error","service":"vendorlink-api","timestamp":"2026-02-26T04:56:12.835Z"}
{"error":"","level":"error","message":"Redis connection error","service":"vendorlink-api","timestamp":"2026-02-26T04:56:13.351Z"}
{"error":"","level":"error","message":"Redis connection error","service":"vendorlink-api","timestamp":"2026-02-26T04:56:13.863Z"}
{"error":"","level":"error","message":"Redis connection error","service":"vendorlink-api","timestamp":"2026-02-26T04:56:14.377Z"}
{"error":"","level":"error","message":"Redis connection error","service":"vendorlink-api","timestamp":"2026-02-26T04:56:14.890Z"}
{"error":"","level":"error","message":"Redis connection error","service":"vendorlink-api","timestamp":"2026-02-26T04:56:15.402Z"}
{"error":"","level":"error","message":"Redis connection error","service":"vendorlink-api","timestamp":"2026-02-26T04:56:15.913Z"}
{"error":"","level":"error","message":"Redis connection error","service":"vendorlink-api","timestamp":"2026-02-26T04:56:16.429Z"}
{"error":"","level":"error","message":"Redis connection error","service":"vendorlink-api","timestamp":"2026-02-26T04:56:16.943Z"}
{"error":"","level":"error","message":"Redis connection error","service":"vendorlink-api","timestamp":"2026-02-26T04:56:17.459Z"}
{"error":"","level":"error","message":"Redis connection error","service":"vendorlink-api","timestamp":"2026-02-26T04:56:17.972Z"}
{"error":"","level":"error","message":"Redis connection error","service":"vendorlink-api","timestamp":"2026-02-26T04:56:18.477Z"}
{"error":"","level":"error","message":"Redis connection error","service":"vendorlink-api","timestamp":"2026-02-26T04:56:18.984Z"}
{"error":"","level":"error","message":"Redis connection error","service":"vendorlink-api","timestamp":"2026-02-26T04:56:19.498Z"}
{"error":"","level":"error","message":"Redis connection error","service":"vendorlink-api","timestamp":"2026-02-26T04:56:20.013Z"}
{"error":"","level":"error","message":"Redis connection error","service":"vendorlink-api","timestamp":"2026-02-26T04:56:20.529Z"}
{"error":"","level":"error","message":"Redis connection error","service":"vendorlink-api","timestamp":"2026-02-26T04:56:21.043Z"}
{"error":"","level":"error","message":"Redis connection error","service":"vendorlink-api","timestamp":"2026-02-26T04:56:21.557Z"}
{"error":"","level":"error","message":"Redis connection error","service":"vendorlink-api","timestamp":"2026-02-26T04:56:22.071Z"}
{"error":"","level":"error","message":"Redis connection error","service":"vendorlink-api","timestamp":"2026-02-26T04:56:22.584Z"}
{"error":"","level":"error","message":"Redis connection error","service":"vendorlink-api","timestamp":"2026-02-26T04:56:23.100Z"}
{"error":"","level":"error","message":"Redis connection error","service":"vendorlink-api","timestamp":"2026-02-26T04:56:23.616Z"}
{"error":"","level":"error","message":"Redis connection error","service":"vendorlink-api","timestamp":"2026-02-26T04:56:24.127Z"}
{"error":"","level":"error","message":"Redis connection error","service":"vendorlink-api","timestamp":"2026-02-26T04:56:24.641Z"}
{"error":"","level":"error","message":"Redis connection error","service":"vendorlink-api","timestamp":"2026-02-26T04:56:25.155Z"}
{"error":"","level":"error","message":"Redis connection error","service":"vendorlink-api","timestamp":"2026-02-26T04:56:25.670Z"}
{"error":"","level":"error","message":"Redis connection error","service":"vendorlink-api","timestamp":"2026-02-26T04:56:26.173Z"}
{"error":"","level":"error","message":"Redis connection error","service":"vendorlink-api","timestamp":"2026-02-26T04:56:26.688Z"}
{"error":"","level":"error","message":"Redis connection error","service":"vendorlink-api","timestamp":"2026-02-26T04:56:27.202Z"}
{"error":"","level":"error","message":"Redis connection error","service":"vendorlink-api","timestamp":"2026-02-26T04:56:27.718Z"}
{"error":"","level":"error","message":"Redis connection error","service":"vendorlink-api","timestamp":"2026-02-26T04:56:28.233Z"}
{"error":"","level":"error","message":"Redis connection error","service":"vendorlink-api","timestamp":"2026-02-26T04:56:28.746Z"}
{"error":"","level":"error","message":"Redis connection error","service":"vendorlink-api","timestamp":"2026-02-26T04:56:29.263Z"}
{"error":"","level":"error","message":"Redis connection error","service":"vendorlink-api","timestamp":"2026-02-26T04:56:29.768Z"}
{"error":"","level":"error","message":"Redis connection error","service":"vendorlink-api","timestamp":"2026-02-26T04:56:30.283Z"}
{"error":"","level":"error","message":"Redis connection error","service":"vendorlink-api","timestamp":"2026-02-26T04:56:30.801Z"}
{"error":"","level":"error","message":"Redis connection error","service":"vendorlink-api","timestamp":"2026-02-26T04:56:31.318Z"}
{"error":"","level":"error","message":"Redis connection error","service":"vendorlink-api","timestamp":"2026-02-26T04:56:31.835Z"}
{"error":"","level":"error","message":"Redis connection error","service":"vendorlink-api","timestamp":"2026-02-26T04:56:32.352Z"}
{"error":"","level":"error","message":"Redis connection error","service":"vendorlink-api","timestamp":"2026-02-26T04:56:32.869Z"}
{"error":"","level":"error","message":"Redis connection error","service":"vendorlink-api","timestamp":"2026-02-26T04:56:33.387Z"}
{"error":"","level":"error","message":"Redis connection error","service":"vendorlink-api","timestamp":"2026-02-26T04:56:33.900Z"}
{"error":"","level":"error","message":"Redis connection error","service":"vendorlink-api","timestamp":"2026-02-26T04:56:34.413Z"}
{"error":"","level":"error","message":"Redis connection error","service":"vendorlink-api","timestamp":"2026-02-26T04:56:34.932Z"}
{"error":"","level":"error","message":"Redis connection error","service":"vendorlink-api","timestamp":"2026-02-26T04:56:35.446Z"}
{"error":"","level":"error","message":"Redis connection error","service":"vendorlink-api","timestamp":"2026-02-26T04:56:35.957Z"}
{"error":"","level":"error","message":"Redis connection error","service":"vendorlink-api","timestamp":"2026-02-26T04:56:36.469Z"}
{"error":"","level":"error","message":"Redis connection error","service":"vendorlink-api","timestamp":"2026-02-26T04:56:36.985Z"}
{"error":"","level":"error","message":"Redis connection error","service":"vendorlink-api","timestamp":"2026-02-26T04:56:37.496Z"}
{"error":"","level":"error","message":"Redis connection error","service":"vendorlink-api","timestamp":"2026-02-26T04:56:37.999Z"}
{"error":"","level":"error","message":"Redis connection error","service":"vendorlink-api","timestamp":"2026-02-26T04:56:38.514Z"}
{"error":"","level":"error","message":"Redis connection error","service":"vendorlink-api","timestamp":"2026-02-26T04:56:39.028Z"}
{"error":"","level":"error","message":"Redis connection error","service":"vendorlink-api","timestamp":"2026-02-26T04:56:39.543Z"}
{"error":"","level":"error","message":"Redis connection error","service":"vendorlink-api","timestamp":"2026-02-26T04:56:40.059Z"}
{"error":"","level":"error","message":"Redis connection error","service":"vendorlink-api","timestamp":"2026-02-26T04:56:40.573Z"}
{"error":"","level":"error","message":"Redis connection error","service":"vendorlink-api","timestamp":"2026-02-26T04:56:41.086Z"}
{"error":"","level":"error","message":"Redis connection error","service":"vendorlink-api","timestamp":"2026-02-26T04:56:41.602Z"}
{"error":"","level":"error","message":"Redis connection error","service":"vendorlink-api","timestamp":"2026-02-26T04:56:42.117Z"}
{"error":"","level":"error","message":"Redis connection error","service":"vendorlink-api","timestamp":"2026-02-26T04:56:42.631Z"}
{"error":"","level":"error","message":"Redis connection error","service":"vendorlink-api","timestamp":"2026-02-26T04:56:43.147Z"}
{"error":"","level":"error","message":"Redis connection error","service":"vendorlink-api","timestamp":"2026-02-26T04:56:43.660Z"}
{"error":"","level":"error","message":"Redis connection error","service":"vendorlink-api","timestamp":"2026-02-26T04:56:44.162Z"}
{"error":"","level":"error","message":"Redis connection error","service":"vendorlink-api","timestamp":"2026-02-26T04:56:44.692Z"}
{"error":"","level":"error","message":"Redis connection error","service":"vendorlink-api","timestamp":"2026-02-26T04:56:45.221Z"}
{"error":"","level":"error","message":"Redis connection error","service":"vendorlink-api","timestamp":"2026-02-26T04:56:45.758Z"}
{"error":"","level":"error","message":"Redis connection error","service":"vendorlink-api","timestamp":"2026-02-26T04:56:46.267Z"}
{"error":"","level":"error","message":"Redis connection error","service":"vendorlink-api","timestamp":"2026-02-26T04:56:46.781Z"}
{"error":"","level":"error","message":"Redis connection error","service":"vendorlink-api","timestamp":"2026-02-26T04:56:47.296Z"}
{"error":"","level":"error","message":"Redis connection error","service":"vendorlink-api","timestamp":"2026-02-26T04:56:47.810Z"}
{"error":"","level":"error","message":"Redis connection error","service":"vendorlink-api","timestamp":"2026-02-26T04:56:48.324Z"}
{"error":"","level":"error","message":"Redis connection error","service":"vendorlink-api","timestamp":"2026-02-26T04:56:48.836Z"}
{"error":"","level":"error","message":"Redis connection error","service":"vendorlink-api","timestamp":"2026-02-26T04:56:49.353Z"}
{"error":"","level":"error","message":"Redis connection error","service":"vendorlink-api","timestamp":"2026-02-26T04:56:49.870Z"}
{"error":"","level":"error","message":"Redis connection error","service":"vendorlink-api","timestamp":"2026-02-26T04:56:50.386Z"}
{"error":"","level":"error","message":"Redis connection error","service":"vendorlink-api","timestamp":"2026-02-26T04:56:50.903Z"}
{"error":"","level":"error","message":"Redis connection error","service":"vendorlink-api","timestamp":"2026-02-26T04:56:51.417Z"}
{"error":"","level":"error","message":"Redis connection error","service":"vendorlink-api","timestamp":"2026-02-26T04:56:51.940Z"}
{"error":"","level":"error","message":"Redis connection error","service":"vendorlink-api","timestamp":"2026-02-26T04:56:52.451Z"}
{"error":"","level":"error","message":"Redis connection error","service":"vendorlink-api","timestamp":"2026-02-26T04:56:52.958Z"}
{"error":"","level":"error","message":"Redis connection error","service":"vendorlink-api","timestamp":"2026-02-26T04:56:53.471Z"}
{"error":"","level":"error","message":"Redis connection error","service":"vendorlink-api","timestamp":"2026-02-26T04:56:53.986Z"}
{"error":"","level":"error","message":"Redis connection error","service":"vendorlink-api","timestamp":"2026-02-26T04:56:54.502Z"}
{"error":"","level":"error","message":"Redis connection error","service":"vendorlink-api","timestamp":"2026-02-26T04:56:55.015Z"}
{"error":"","level":"error","message":"Redis connection error","service":"vendorlink-api","timestamp":"2026-02-26T04:56:55.531Z"}
{"error":"","level":"error","message":"Redis connection error","service":"vendorlink-api","timestamp":"2026-02-26T04:56:56.047Z"}
{"error":"","level":"error","message":"Redis connection error","service":"vendorlink-api","timestamp":"2026-02-26T04:56:56.560Z"}
{"error":"","level":"error","message":"Redis connection error","service":"vendorlink-api","timestamp":"2026-02-26T04:56:57.072Z"}
{"error":"","level":"error","message":"Redis connection error","service":"vendorlink-api","timestamp":"2026-02-26T04:56:57.587Z"}
{"error":"","level":"error","message":"Redis connection error","service":"vendorlink-api","timestamp":"2026-02-26T04:56:58.102Z"}
{"error":"","level":"error","message":"Redis connection error","service":"vendorlink-api","timestamp":"2026-02-26T04:56:58.615Z"}
{"error":"","level":"error","message":"Redis connection error","service":"vendorlink-api","timestamp":"2026-02-26T04:56:59.220Z"}
{"error":"","level":"error","message":"Redis connection error","service":"vendorlink-api","timestamp":"2026-02-26T04:56:59.730Z"}
{"error":"","level":"error","message":"Redis connection error","service":"vendorlink-api","timestamp":"2026-02-26T04:57:00.235Z"}
{"error":"","level":"error","message":"Redis connection error","service":"vendorlink-api","timestamp":"2026-02-26T04:57:00.739Z"}
{"error":"","level":"error","message":"Redis connection error","service":"vendorlink-api","timestamp":"2026-02-26T04:57:01.254Z"}
{"error":"","level":"error","message":"Redis connection error","service":"vendorlink-api","timestamp":"2026-02-26T04:57:01.770Z"}
{"error":"","level":"error","message":"Redis connection error","service":"vendorlink-api","timestamp":"2026-02-26T04:57:02.287Z"}
{"error":"","level":"error","message":"Redis connection error","service":"vendorlink-api","timestamp":"2026-02-26T04:57:02.802Z"}
{"error":"","level":"error","message":"Redis connection error","service":"vendorlink-api","timestamp":"2026-02-26T04:57:03.317Z"}
{"error":"","level":"error","message":"Redis connection error","service":"vendorlink-api","timestamp":"2026-02-26T04:57:03.833Z"}
{"error":"","level":"error","message":"Redis connection error","service":"vendorlink-api","timestamp":"2026-02-26T04:57:04.335Z"}
{"error":"","level":"error","message":"Redis connection error","service":"vendorlink-api","timestamp":"2026-02-26T04:57:04.840Z"}
{"error":"","level":"error","message":"Redis connection error","service":"vendorlink-api","timestamp":"2026-02-26T04:57:05.348Z"}
{"error":"","level":"error","message":"Redis connection error","service":"vendorlink-api","timestamp":"2026-02-26T04:57:05.860Z"}
{"error":"","level":"error","message":"Redis connection error","service":"vendorlink-api","timestamp":"2026-02-26T04:57:06.364Z"}
{"error":"","level":"error","message":"Redis connection error","service":"vendorlink-api","timestamp":"2026-02-26T04:57:06.880Z"}
{"error":"","level":"error","message":"Redis connection error","service":"vendorlink-api","timestamp":"2026-02-26T04:57:07.397Z"}
{"error":"","level":"error","message":"Redis connection error","service":"vendorlink-api","timestamp":"2026-02-26T04:57:07.899Z"}
{"error":"","level":"error","message":"Redis connection error","service":"vendorlink-api","timestamp":"2026-02-26T04:57:08.418Z"}
{"error":"","level":"error","message":"Redis connection error","service":"vendorlink-api","timestamp":"2026-02-26T04:57:08.931Z"}
{"error":"","level":"error","message":"Redis connection error","service":"vendorlink-api","timestamp":"2026-02-26T04:57:09.448Z"}
{"error":"","level":"error","message":"Redis connection error","service":"vendorlink-api","timestamp":"2026-02-26T04:57:09.963Z"}
{"error":"","level":"error","message":"Redis connection error","service":"vendorlink-api","timestamp":"2026-02-26T04:57:10.479Z"}
{"error":"","level":"error","message":"Redis connection error","service":"vendorlink-api","timestamp":"2026-02-26T04:57:10.994Z"}
{"error":"","level":"error","message":"Redis connection error","service":"vendorlink-api","timestamp":"2026-02-26T04:57:11.499Z"}
{"error":"","level":"error","message":"Redis connection error","service":"vendorlink-api","timestamp":"2026-02-26T04:57:12.005Z"}
{"error":"","level":"error","message":"Redis connection error","service":"vendorlink-api","timestamp":"2026-02-26T04:57:12.536Z"}
{"error":"","level":"error","message":"Redis connection error","service":"vendorlink-api","timestamp":"2026-02-26T04:57:13.049Z"}
{"error":"","level":"error","message":"Redis connection error","service":"vendorlink-api","timestamp":"2026-02-26T04:57:13.563Z"}
{"error":"","level":"error","message":"Redis connection error","service":"vendorlink-api","timestamp":"2026-02-26T04:57:14.076Z"}
{"error":"","level":"error","message":"Redis connection error","service":"vendorlink-api","timestamp":"2026-02-26T04:57:14.592Z"}
{"error":"","level":"error","message":"Redis connection error","service":"vendorlink-api","timestamp":"2026-02-26T04:57:15.106Z"}
{"error":"","level":"error","message":"Redis connection error","service":"vendorlink-api","timestamp":"2026-02-26T04:57:15.621Z"}
{"error":"","level":"error","message":"Redis connection error","service":"vendorlink-api","timestamp":"2026-02-26T04:57:16.133Z"}
{"error":"","level":"error","message":"Redis connection error","service":"vendorlink-api","timestamp":"2026-02-26T04:57:16.648Z"}
{"error":"","level":"error","message":"Redis connection error","service":"vendorlink-api","timestamp":"2026-02-26T04:57:17.162Z"}
{"error":"","level":"error","message":"Redis connection error","service":"vendorlink-api","timestamp":"2026-02-26T04:57:17.676Z"}
{"error":"","level":"error","message":"Redis connection error","service":"vendorlink-api","timestamp":"2026-02-26T04:57:18.192Z"}
{"error":"","level":"error","message":"Redis connection error","service":"vendorlink-api","timestamp":"2026-02-26T04:57:18.705Z"}
{"error":"","level":"error","message":"Redis connection error","service":"vendorlink-api","timestamp":"2026-02-26T04:57:19.217Z"}
{"error":"","level":"error","message":"Redis connection error","service":"vendorlink-api","timestamp":"2026-02-26T04:57:19.735Z"}
{"error":"","level":"error","message":"Redis connection error","service":"vendorlink-api","timestamp":"2026-02-26T04:57:20.250Z"}
{"error":"","level":"error","message":"Redis connection error","service":"vendorlink-api","timestamp":"2026-02-26T04:57:20.765Z"}
{"error":"","level":"error","message":"Redis connection error","service":"vendorlink-api","timestamp":"2026-02-26T04:57:21.267Z"}
{"error":"","level":"error","message":"Redis connection error","service":"vendorlink-api","timestamp":"2026-02-26T04:57:21.779Z"}
{"error":"","level":"error","message":"Redis connection error","service":"vendorlink-api","timestamp":"2026-02-26T04:57:22.296Z"}
{"error":"","level":"error","message":"Redis connection error","service":"vendorlink-api","timestamp":"2026-02-26T04:57:22.812Z"}
{"error":"","level":"error","message":"Redis connection error","service":"vendorlink-api","timestamp":"2026-02-26T04:57:23.318Z"}
{"error":"","level":"error","message":"Redis connection error","service":"vendorlink-api","timestamp":"2026-02-26T04:57:23.828Z"}
{"error":"","level":"error","message":"Redis connection error","service":"vendorlink-api","timestamp":"2026-02-26T04:57:24.344Z"}
{"error":"","level":"error","message":"Redis connection error","service":"vendorlink-api","timestamp":"2026-02-26T04:57:24.855Z"}
{"error":"","level":"error","message":"Redis connection error","service":"vendorlink-api","timestamp":"2026-02-26T04:57:25.357Z"}
{"error":"","level":"error","message":"Redis connection error","service":"vendorlink-api","timestamp":"2026-02-26T04:57:25.871Z"}
{"error":"","level":"error","message":"Redis connection error","service":"vendorlink-api","timestamp":"2026-02-26T04:57:26.387Z"}
{"error":"","level":"error","message":"Redis connection error","service":"vendorlink-api","timestamp":"2026-02-26T04:57:26.893Z"}
{"error":"","level":"error","message":"Redis connection error","service":"vendorlink-api","timestamp":"2026-02-26T04:57:27.396Z"}
{"error":"","level":"error","message":"Redis connection error","service":"vendorlink-api","timestamp":"2026-02-26T04:57:27.911Z"}
{"error":"","level":"error","message":"Redis connection error","service":"vendorlink-api","timestamp":"2026-02-26T04:57:28.428Z"}
{"error":"","level":"error","message":"Redis connection error","service":"vendorlink-api","timestamp":"2026-02-26T04:57:28.930Z"}
{"error":"","level":"error","message":"Redis connection error","service":"vendorlink-api","timestamp":"2026-02-26T04:57:29.433Z"}
{"error":"","level":"error","message":"Redis connection error","service":"vendorlink-api","timestamp":"2026-02-26T04:57:29.936Z"}
{"error":"","level":"error","message":"Redis connection error","service":"vendorlink-api","timestamp":"2026-02-26T04:57:30.451Z"}
{"error":"","level":"error","message":"Redis connection error","service":"vendorlink-api","timestamp":"2026-02-26T04:57:30.957Z"}
{"error":"","level":"error","message":"Redis connection error","service":"vendorlink-api","timestamp":"2026-02-26T04:57:31.471Z"}
{"error":"","level":"error","message":"Redis connection error","service":"vendorlink-api","timestamp":"2026-02-26T04:57:31.988Z"}
{"error":"","level":"error","message":"Redis connection error","service":"vendorlink-api","timestamp":"2026-02-26T04:57:32.491Z"}
{"error":"","level":"error","message":"Redis connection error","service":"vendorlink-api","timestamp":"2026-02-26T04:57:32.993Z"}
{"error":"","level":"error","message":"Redis connection error","service":"vendorlink-api","timestamp":"2026-02-26T04:57:33.495Z"}
{"error":"","level":"error","message":"Redis connection error","service":"vendorlink-api","timestamp":"2026-02-26T04:57:34.012Z"}
{"error":"","level":"error","message":"Redis connection error","service":"vendorlink-api","timestamp":"2026-02-26T04:57:34.529Z"}
{"error":"","level":"error","message":"Redis connection error","service":"vendorlink-api","timestamp":"2026-02-26T04:57:35.033Z"}
{"error":"","level":"error","message":"Redis connection error","service":"vendorlink-api","timestamp":"2026-02-26T04:57:35.544Z"}
{"error":"","level":"error","message":"Redis connection error","service":"vendorlink-api","timestamp":"2026-02-26T04:57:36.061Z"}
{"error":"","level":"error","message":"Redis connection error","service":"vendorlink-api","timestamp":"2026-02-26T04:57:36.575Z"}
{"error":"","level":"error","message":"Redis connection error","service":"vendorlink-api","timestamp":"2026-02-26T04:57:37.089Z"}
{"error":"","level":"error","message":"Redis connection error","service":"vendorlink-api","timestamp":"2026-02-26T04:57:37.604Z"}
{"error":"","level":"error","message":"Redis connection error","service":"vendorlink-api","timestamp":"2026-02-26T04:57:38.118Z"}
{"error":"","level":"error","message":"Redis connection error","service":"vendorlink-api","timestamp":"2026-02-26T04:57:38.636Z"}
{"error":"","level":"error","message":"Redis connection error","service":"vendorlink-api","timestamp":"2026-02-26T04:57:39.152Z"}
{"error":"","level":"error","message":"Redis connection error","service":"vendorlink-api","timestamp":"2026-02-26T04:57:39.655Z"}
{"error":"","level":"error","message":"Redis connection error","service":"vendorlink-api","timestamp":"2026-02-26T04:57:40.172Z"}
{"error":"","level":"error","message":"Redis connection error","service":"vendorlink-api","timestamp":"2026-02-26T04:57:40.691Z"}
{"error":"","level":"error","message":"Redis connection error","service":"vendorlink-api","timestamp":"2026-02-26T04:57:41.205Z"}
{"error":"","level":"error","message":"Redis connection error","service":"vendorlink-api","timestamp":"2026-02-26T04:57:41.723Z"}
{"error":"","level":"error","message":"Redis connection error","service":"vendorlink-api","timestamp":"2026-02-26T04:57:42.238Z"}
{"error":"","level":"error","message":"Redis connection error","service":"vendorlink-api","timestamp":"2026-02-26T04:57:42.852Z"}
{"error":"","level":"error","message":"Redis connection error","service":"vendorlink-api","timestamp":"2026-02-26T04:57:43.396Z"}
{"error":"","level":"error","message":"Redis connection error","service":"vendorlink-api","timestamp":"2026-02-26T04:57:43.907Z"}
{"error":"","level":"error","message":"Redis connection error","service":"vendorlink-api","timestamp":"2026-02-26T04:57:44.422Z"}
{"error":"","level":"error","message":"Redis connection error","service":"vendorlink-api","timestamp":"2026-02-26T04:57:44.938Z"}
{"error":"","level":"error","message":"Redis connection error","service":"vendorlink-api","timestamp":"2026-02-26T04:57:45.450Z"}
{"error":"","level":"error","message":"Redis connection error","service":"vendorlink-api","timestamp":"2026-02-26T04:57:45.965Z"}
{"error":"","level":"error","message":"Redis connection error","service":"vendorlink-api","timestamp":"2026-02-26T04:57:46.480Z"}
{"error":"","level":"error","message":"Redis connection error","service":"vendorlink-api","timestamp":"2026-02-26T04:57:46.993Z"}
{"error":"","level":"error","message":"Redis connection error","service":"vendorlink-api","timestamp":"2026-02-26T04:57:47.509Z"}
{"error":"","level":"error","message":"Redis connection error","service":"vendorlink-api","timestamp":"2026-02-26T04:57:48.025Z"}
{"error":"","level":"error","message":"Redis connection error","service":"vendorlink-api","timestamp":"2026-02-26T04:57:48.530Z"}
{"error":"","level":"error","message":"Redis connection error","service":"vendorlink-api","timestamp":"2026-02-26T04:57:49.038Z"}
{"error":"","level":"error","message":"Redis connection error","service":"vendorlink-api","timestamp":"2026-02-26T04:57:49.554Z"}
{"error":"","level":"error","message":"Redis connection error","service":"vendorlink-api","timestamp":"2026-02-26T04:57:50.057Z"}
{"error":"","level":"error","message":"Redis connection error","service":"vendorlink-api","timestamp":"2026-02-26T04:57:50.573Z"}
{"error":"","level":"error","message":"Redis connection error","service":"vendorlink-api","timestamp":"2026-02-26T04:57:51.109Z"}
{"error":"","level":"error","message":"Redis connection error","service":"vendorlink-api","timestamp":"2026-02-26T04:57:51.634Z"}
{"error":"","level":"error","message":"Redis connection error","service":"vendorlink-api","timestamp":"2026-02-26T04:57:52.198Z"}
{"error":"","level":"error","message":"Redis connection error","service":"vendorlink-api","timestamp":"2026-02-26T04:57:52.713Z"}
{"error":"","level":"error","message":"Redis connection error","service":"vendorlink-api","timestamp":"2026-02-26T04:57:53.216Z"}
{"error":"","level":"error","message":"Redis connection error","service":"vendorlink-api","timestamp":"2026-02-26T04:57:53.720Z"}
{"error":"","level":"error","message":"Redis connection error","service":"vendorlink-api","timestamp":"2026-02-26T04:57:54.237Z"}
{"error":"","level":"error","message":"Redis connection error","service":"vendorlink-api","timestamp":"2026-02-26T04:57:54.751Z"}
{"error":"","level":"error","message":"Redis connection error","service":"vendorlink-api","timestamp":"2026-02-26T04:57:55.268Z"}
{"error":"","level":"error","message":"Redis connection error","service":"vendorlink-api","timestamp":"2026-02-26T04:57:55.782Z"}
{"error":"","level":"error","message":"Redis connection error","service":"vendorlink-api","timestamp":"2026-02-26T04:57:56.300Z"}
{"error":"","level":"error","message":"Redis connection error","service":"vendorlink-api","timestamp":"2026-02-26T04:57:56.815Z"}
{"error":"","level":"error","message":"Redis connection error","service":"vendorlink-api","timestamp":"2026-02-26T04:57:57.319Z"}
{"error":"","level":"error","message":"Redis connection error","service":"vendorlink-api","timestamp":"2026-02-26T04:57:57.835Z"}
{"error":"","level":"error","message":"Redis connection error","service":"vendorlink-api","timestamp":"2026-02-26T04:57:58.346Z"}
{"error":"","level":"error","message":"Redis connection error","service":"vendorlink-api","timestamp":"2026-02-26T04:57:58.850Z"}
{"error":"","level":"error","message":"Redis connection error","service":"vendorlink-api","timestamp":"2026-02-26T04:57:59.367Z"}
{"error":"","level":"error","message":"Redis connection error","service":"vendorlink-api","timestamp":"2026-02-26T04:57:59.871Z"}
{"error":"","level":"error","message":"Redis connection error","service":"vendorlink-api","timestamp":"2026-02-26T04:58:00.389Z"}
{"error":"","level":"error","message":"Redis connection error","service":"vendorlink-api","timestamp":"2026-02-26T04:58:00.905Z"}
{"error":"","level":"error","message":"Redis connection error","service":"vendorlink-api","timestamp":"2026-02-26T04:58:01.417Z"}
{"error":"","level":"error","message":"Redis connection error","service":"vendorlink-api","timestamp":"2026-02-26T04:58:01.934Z"}
{"error":"","level":"error","message":"Redis connection error","service":"vendorlink-api","timestamp":"2026-02-26T04:58:02.437Z"}
{"error":"","level":"error","message":"Redis connection error","service":"vendorlink-api","timestamp":"2026-02-26T04:58:02.951Z"}
{"error":"","level":"error","message":"Redis connection error","service":"vendorlink-api","timestamp":"2026-02-26T04:58:03.470Z"}
{"error":"","level":"error","message":"Redis connection error","service":"vendorlink-api","timestamp":"2026-02-26T04:58:03.981Z"}
{"error":"","level":"error","message":"Redis connection error","service":"vendorlink-api","timestamp":"2026-02-26T04:58:04.498Z"}
{"error":"","level":"error","message":"Redis connection error","service":"vendorlink-api","timestamp":"2026-02-26T04:58:05.011Z"}
{"error":"","level":"error","message":"Redis connection error","service":"vendorlink-api","timestamp":"2026-02-26T04:58:05.528Z"}
{"error":"","level":"error","message":"Redis connection error","service":"vendorlink-api","timestamp":"2026-02-26T04:58:06.142Z"}
{"error":"","level":"error","message":"Redis connection error","service":"vendorlink-api","timestamp":"2026-02-26T04:58:06.647Z"}
{"error":"","level":"error","message":"Redis connection error","service":"vendorlink-api","timestamp":"2026-02-26T04:58:07.160Z"}
{"error":"","level":"error","message":"Redis connection error","service":"vendorlink-api","timestamp":"2026-02-26T04:58:07.674Z"}
{"error":"","level":"error","message":"Redis connection error","service":"vendorlink-api","timestamp":"2026-02-26T04:58:08.189Z"}
{"error":"","level":"error","message":"Redis connection error","service":"vendorlink-api","timestamp":"2026-02-26T04:58:08.692Z"}
{"error":"","level":"error","message":"Redis connection error","service":"vendorlink-api","timestamp":"2026-02-26T04:58:09.195Z"}
{"error":"","level":"error","message":"Redis connection error","service":"vendorlink-api","timestamp":"2026-02-26T04:58:09.711Z"}
{"error":"","level":"error","message":"Redis connection error","service":"vendorlink-api","timestamp":"2026-02-26T04:58:10.213Z"}
{"error":"","level":"error","message":"Redis connection error","service":"vendorlink-api","timestamp":"2026-02-26T04:58:10.729Z"}
{"error":"","level":"error","message":"Redis connection error","service":"vendorlink-api","timestamp":"2026-02-26T04:58:11.242Z"}
{"error":"","level":"error","message":"Redis connection error","service":"vendorlink-api","timestamp":"2026-02-26T04:58:11.758Z"}
{"error":"","level":"error","message":"Redis connection error","service":"vendorlink-api","timestamp":"2026-02-26T04:58:12.262Z"}
{"error":"","level":"error","message":"Redis connection error","service":"vendorlink-api","timestamp":"2026-02-26T04:58:12.774Z"}
{"error":"","level":"error","message":"Redis connection error","service":"vendorlink-api","timestamp":"2026-02-26T04:58:13.290Z"}
{"error":"","level":"error","message":"Redis connection error","service":"vendorlink-api","timestamp":"2026-02-26T04:58:13.791Z"}
{"error":"","level":"error","message":"Redis connection error","service":"vendorlink-api","timestamp":"2026-02-26T04:58:14.306Z"}
{"error":"","level":"error","message":"Redis connection error","service":"vendorlink-api","timestamp":"2026-02-26T04:58:14.821Z"}
{"error":"","level":"error","message":"Redis connection error","service":"vendorlink-api","timestamp":"2026-02-26T04:58:15.339Z"}
{"error":"","level":"error","message":"Redis connection error","service":"vendorlink-api","timestamp":"2026-02-26T04:58:15.850Z"}
{"error":"","level":"error","message":"Redis connection error","service":"vendorlink-api","timestamp":"2026-02-26T04:58:16.365Z"}
{"error":"","level":"error","message":"Redis connection error","service":"vendorlink-api","timestamp":"2026-02-26T04:58:16.879Z"}
{"error":"","level":"error","message":"Redis connection error","service":"vendorlink-api","timestamp":"2026-02-26T04:58:17.395Z"}
{"error":"","level":"error","message":"Redis connection error","service":"vendorlink-api","timestamp":"2026-02-26T04:58:17.900Z"}
{"error":"","level":"error","message":"Redis connection error","service":"vendorlink-api","timestamp":"2026-02-26T04:58:18.406Z"}
{"error":"","level":"error","message":"Redis connection error","service":"vendorlink-api","timestamp":"2026-02-26T04:58:18.910Z"}
{"error":"","level":"error","message":"Redis connection error","service":"vendorlink-api","timestamp":"2026-02-26T04:58:19.426Z"}
{"error":"","level":"error","message":"Redis connection error","service":"vendorlink-api","timestamp":"2026-02-26T04:58:19.940Z"}
{"error":"","level":"error","message":"Redis connection error","service":"vendorlink-api","timestamp":"2026-02-26T04:58:20.456Z"}
{"error":"","level":"error","message":"Redis connection error","service":"vendorlink-api","timestamp":"2026-02-26T04:58:20.960Z"}
{"error":"","level":"error","message":"Redis connection error","service":"vendorlink-api","timestamp":"2026-02-26T04:58:21.474Z"}
{"error":"","level":"error","message":"Redis connection error","service":"vendorlink-api","timestamp":"2026-02-26T04:58:21.978Z"}
{"error":"","level":"error","message":"Redis connection error","service":"vendorlink-api","timestamp":"2026-02-26T04:58:22.480Z"}
{"error":"","level":"error","message":"Redis connection error","service":"vendorlink-api","timestamp":"2026-02-26T04:58:22.981Z"}
{"error":"","level":"error","message":"Redis connection error","service":"vendorlink-api","timestamp":"2026-02-26T04:58:23.485Z"}
{"error":"","level":"error","message":"Redis connection error","service":"vendorlink-api","timestamp":"2026-02-26T04:58:24.004Z"}
{"error":"","level":"error","message":"Redis connection error","service":"vendorlink-api","timestamp":"2026-02-26T04:58:24.518Z"}
{"error":"","level":"error","message":"Redis connection error","service":"vendorlink-api","timestamp":"2026-02-26T04:58:25.034Z"}
{"error":"","level":"error","message":"Redis connection error","service":"vendorlink-api","timestamp":"2026-02-26T04:58:25.539Z"}
{"error":"","level":"error","message":"Redis connection error","service":"vendorlink-api","timestamp":"2026-02-26T04:58:26.051Z"}
{"error":"","level":"error","message":"Redis connection error","service":"vendorlink-api","timestamp":"2026-02-26T04:58:26.570Z"}
{"error":"","level":"error","message":"Redis connection error","service":"vendorlink-api","timestamp":"2026-02-26T04:58:27.084Z"}
{"error":"","level":"error","message":"Redis connection error","service":"vendorlink-api","timestamp":"2026-02-26T04:58:27.601Z"}
{"error":"","level":"error","message":"Redis connection error","service":"vendorlink-api","timestamp":"2026-02-26T04:58:28.115Z"}
{"error":"","level":"error","message":"Redis connection error","service":"vendorlink-api","timestamp":"2026-02-26T04:58:28.621Z"}
{"error":"","level":"error","message":"Redis connection error","service":"vendorlink-api","timestamp":"2026-02-26T04:58:29.137Z"}
{"error":"","level":"error","message":"Redis connection error","service":"vendorlink-api","timestamp":"2026-02-26T04:58:29.655Z"}
{"error":"","level":"error","message":"Redis connection error","service":"vendorlink-api","timestamp":"2026-02-26T04:58:30.171Z"}
{"error":"","level":"error","message":"Redis connection error","service":"vendorlink-api","timestamp":"2026-02-26T04:58:30.685Z"}
{"error":"","level":"error","message":"Redis connection error","service":"vendorlink-api","timestamp":"2026-02-26T04:58:31.189Z"}
{"error":"","level":"error","message":"Redis connection error","service":"vendorlink-api","timestamp":"2026-02-26T04:58:31.705Z"}
{"error":"","level":"error","message":"Redis connection error","service":"vendorlink-api","timestamp":"2026-02-26T04:58:32.222Z"}
{"error":"","level":"error","message":"Redis connection error","service":"vendorlink-api","timestamp":"2026-02-26T04:58:32.739Z"}
{"error":"","level":"error","message":"Redis connection error","service":"vendorlink-api","timestamp":"2026-02-26T04:58:33.256Z"}
{"error":"","level":"error","message":"Redis connection error","service":"vendorlink-api","timestamp":"2026-02-26T04:58:33.771Z"}
{"error":"","level":"error","message":"Redis connection error","service":"vendorlink-api","timestamp":"2026-02-26T04:58:34.285Z"}
{"error":"","level":"error","message":"Redis connection error","service":"vendorlink-api","timestamp":"2026-02-26T04:58:34.800Z"}
{"error":"","level":"error","message":"Redis connection error","service":"vendorlink-api","timestamp":"2026-02-26T04:58:35.315Z"}
{"error":"","level":"error","message":"Redis connection error","service":"vendorlink-api","timestamp":"2026-02-26T04:58:35.828Z"}
{"error":"","level":"error","message":"Redis connection error","service":"vendorlink-api","timestamp":"2026-02-26T04:58:36.338Z"}
{"error":"","level":"error","message":"Redis connection error","service":"vendorlink-api","timestamp":"2026-02-26T04:58:36.854Z"}
{"error":"","level":"error","message":"Redis connection error","service":"vendorlink-api","timestamp":"2026-02-26T04:58:37.366Z"}
{"error":"","level":"error","message":"Redis connection error","service":"vendorlink-api","timestamp":"2026-02-26T04:58:37.869Z"}
{"error":"","level":"error","message":"Redis connection error","service":"vendorlink-api","timestamp":"2026-02-26T04:58:38.386Z"}
{"error":"","level":"error","message":"Redis connection error","service":"vendorlink-api","timestamp":"2026-02-26T04:58:38.904Z"}
{"error":"","level":"error","message":"Redis connection error","service":"vendorlink-api","timestamp":"2026-02-26T04:58:39.417Z"}
{"error":"","level":"error","message":"Redis connection error","service":"vendorlink-api","timestamp":"2026-02-26T04:58:39.930Z"}
{"error":"","level":"error","message":"Redis connection error","service":"vendorlink-api","timestamp":"2026-02-26T04:58:40.446Z"}
{"error":"","level":"error","message":"Redis connection error","service":"vendorlink-api","timestamp":"2026-02-26T04:58:40.950Z"}
{"error":"","level":"error","message":"Redis connection error","service":"vendorlink-api","timestamp":"2026-02-26T04:58:41.466Z"}
{"error":"","level":"error","message":"Redis connection error","service":"vendorlink-api","timestamp":"2026-02-26T04:58:41.968Z"}
{"error":"","level":"error","message":"Redis connection error","service":"vendorlink-api","timestamp":"2026-02-26T04:58:42.481Z"}
{"error":"","level":"error","message":"Redis connection error","service":"vendorlink-api","timestamp":"2026-02-26T04:58:42.997Z"}
{"error":"","level":"error","message":"Redis connection error","service":"vendorlink-api","timestamp":"2026-02-26T04:58:43.511Z"}
{"error":"","level":"error","message":"Redis connection error","service":"vendorlink-api","timestamp":"2026-02-26T04:58:44.027Z"}
{"error":"","level":"error","message":"Redis connection error","service":"vendorlink-api","timestamp":"2026-02-26T04:58:44.532Z"}
{"error":"","level":"error","message":"Redis connection error","service":"vendorlink-api","timestamp":"2026-02-26T04:58:45.044Z"}
{"error":"","level":"error","message":"Redis connection error","service":"vendorlink-api","timestamp":"2026-02-26T04:58:45.560Z"}
{"error":"","level":"error","message":"Redis connection error","service":"vendorlink-api","timestamp":"2026-02-26T04:58:46.077Z"}
{"error":"","level":"error","message":"Redis connection error","service":"vendorlink-api","timestamp":"2026-02-26T04:58:46.592Z"}
{"error":"","level":"error","message":"Redis connection error","service":"vendorlink-api","timestamp":"2026-02-26T04:58:47.109Z"}
{"error":"","level":"error","message":"Redis connection error","service":"vendorlink-api","timestamp":"2026-02-26T04:58:47.623Z"}
{"error":"","level":"error","message":"Redis connection error","service":"vendorlink-api","timestamp":"2026-02-26T04:58:48.140Z"}
{"error":"","level":"error","message":"Redis connection error","service":"vendorlink-api","timestamp":"2026-02-26T04:58:48.653Z"}
{"error":"","level":"error","message":"Redis connection error","service":"vendorlink-api","timestamp":"2026-02-26T04:58:49.237Z"}
{"level":"info","message":"🚀 Starting VendorLink Server...","service":"vendorlink-api","timestamp":"2026-02-26T04:58:53.130Z"}
{"level":"warn","message":"⚠️  Email credentials not configured - email service disabled","service":"vendorlink-api","timestamp":"2026-02-26T04:58:53.139Z"}
{"level":"info","message":"✅ Core services initialized","service":"vendorlink-api","timestamp":"2026-02-26T04:58:53.140Z"}
{"level":"info","message":"\n╔════════════════════════════════════════╗","service":"vendorlink-api","timestamp":"2026-02-26T04:58:53.187Z"}
{"level":"info","message":"║  ✔ VendorLink Server Running           ║","service":"vendorlink-api","timestamp":"2026-02-26T04:58:53.188Z"}
{"level":"info","message":"║  Port: 5000                              ║","service":"vendorlink-api","timestamp":"2026-02-26T04:58:53.189Z"}
{"level":"info","message":"║  Socket.IO: Enabled                    ║","service":"vendorlink-api","timestamp":"2026-02-26T04:58:53.190Z"}
{"level":"info","message":"║  Notifications: Active                 ║","service":"vendorlink-api","timestamp":"2026-02-26T04:58:53.191Z"}
{"level":"info","message":"║  API Docs: http://localhost:5000/api-docs   ║","service":"vendorlink-api","timestamp":"2026-02-26T04:58:53.191Z"}
{"level":"info","message":"╚════════════════════════════════════════╝\n","service":"vendorlink-api","timestamp":"2026-02-26T04:58:53.192Z"}
{"error":"","level":"error","message":"Redis connection error","service":"vendorlink-api","timestamp":"2026-02-26T04:58:53.205Z"}
{"error":"","level":"error","message":"Redis connection error","service":"vendorlink-api","timestamp":"2026-02-26T04:58:53.218Z"}
{"error":"","level":"error","message":"Redis connection error","service":"vendorlink-api","timestamp":"2026-02-26T04:58:53.273Z"}
{"error":"","level":"error","message":"Redis connection error","service":"vendorlink-api","timestamp":"2026-02-26T04:58:53.384Z"}
{"error":"","level":"error","message":"Redis connection error","service":"vendorlink-api","timestamp":"2026-02-26T04:58:53.541Z"}
{"error":"","level":"error","message":"Redis connection error","service":"vendorlink-api","timestamp":"2026-02-26T04:58:53.759Z"}
{"error":"","level":"error","message":"Redis connection error","service":"vendorlink-api","timestamp":"2026-02-26T04:58:54.024Z"}
{"error":"","level":"error","message":"Redis connection error","service":"vendorlink-api","timestamp":"2026-02-26T04:58:54.341Z"}
{"error":"","level":"error","message":"Redis connection error","service":"vendorlink-api","timestamp":"2026-02-26T04:58:54.698Z"}
{"error":"","level":"error","message":"Redis connection error","service":"vendorlink-api","timestamp":"2026-02-26T04:58:55.106Z"}
{"error":"","level":"error","message":"Redis connection error","service":"vendorlink-api","timestamp":"2026-02-26T04:58:55.574Z"}
{"error":"","level":"error","message":"Redis connection error","service":"vendorlink-api","timestamp":"2026-02-26T04:58:56.090Z"}
{"error":"","level":"error","message":"Redis connection error","service":"vendorlink-api","timestamp":"2026-02-26T04:58:56.605Z"}
{"error":"","level":"error","message":"Redis connection error","service":"vendorlink-api","timestamp":"2026-02-26T04:58:57.123Z"}
{"error":"","level":"error","message":"Redis connection error","service":"vendorlink-api","timestamp":"2026-02-26T04:58:57.639Z"}
{"error":"","level":"error","message":"Redis connection error","service":"vendorlink-api","timestamp":"2026-02-26T04:58:58.157Z"}
{"error":"","level":"error","message":"Redis connection error","service":"vendorlink-api","timestamp":"2026-02-26T04:58:58.672Z"}
{"error":"","level":"error","message":"Redis connection error","service":"vendorlink-api","timestamp":"2026-02-26T04:58:59.185Z"}
{"error":"","level":"error","message":"Redis connection error","service":"vendorlink-api","timestamp":"2026-02-26T04:58:59.701Z"}
{"error":"","level":"error","message":"Redis connection error","service":"vendorlink-api","timestamp":"2026-02-26T04:59:00.224Z"}
{"error":"","level":"error","message":"Redis connection error","service":"vendorlink-api","timestamp":"2026-02-26T04:59:00.734Z"}
{"error":"","level":"error","message":"Redis connection error","service":"vendorlink-api","timestamp":"2026-02-26T04:59:01.249Z"}
{"error":"","level":"error","message":"Redis connection error","service":"vendorlink-api","timestamp":"2026-02-26T04:59:01.758Z"}
{"error":"","level":"error","message":"Redis connection error","service":"vendorlink-api","timestamp":"2026-02-26T04:59:02.274Z"}
{"level":"info","message":"🚀 Starting VendorLink Server...","service":"vendorlink-api","timestamp":"2026-02-26T04:59:04.707Z"}
{"level":"warn","message":"⚠️  Email credentials not configured - email service disabled","service":"vendorlink-api","timestamp":"2026-02-26T04:59:04.720Z"}
{"level":"info","message":"✅ Core services initialized","service":"vendorlink-api","timestamp":"2026-02-26T04:59:04.722Z"}
{"level":"info","message":"\n╔════════════════════════════════════════╗","service":"vendorlink-api","timestamp":"2026-02-26T04:59:04.792Z"}
{"level":"info","message":"║  ✔ VendorLink Server Running           ║","service":"vendorlink-api","timestamp":"2026-02-26T04:59:04.793Z"}
{"level":"info","message":"║  Port: 5000                              ║","service":"vendorlink-api","timestamp":"2026-02-26T04:59:04.794Z"}
{"level":"info","message":"║  Socket.IO: Enabled                    ║","service":"vendorlink-api","timestamp":"2026-02-26T04:59:04.795Z"}
{"level":"info","message":"║  Notifications: Active                 ║","service":"vendorlink-api","timestamp":"2026-02-26T04:59:04.795Z"}
{"level":"info","message":"║  API Docs: http://localhost:5000/api-docs   ║","service":"vendorlink-api","timestamp":"2026-02-26T04:59:04.796Z"}
{"level":"info","message":"╚════════════════════════════════════════╝\n","service":"vendorlink-api","timestamp":"2026-02-26T04:59:04.797Z"}
{"error":"","level":"error","message":"Redis connection error","service":"vendorlink-api","timestamp":"2026-02-26T04:59:04.808Z"}
{"error":"","level":"error","message":"Redis connection error","service":"vendorlink-api","timestamp":"2026-02-26T04:59:04.824Z"}
{"error":"","level":"error","message":"Redis connection error","service":"vendorlink-api","timestamp":"2026-02-26T04:59:04.886Z"}
{"error":"","level":"error","message":"Redis connection error","service":"vendorlink-api","timestamp":"2026-02-26T04:59:04.996Z"}
{"error":"","level":"error","message":"Redis connection error","service":"vendorlink-api","timestamp":"2026-02-26T04:59:05.160Z"}
{"error":"","level":"error","message":"Redis connection error","service":"vendorlink-api","timestamp":"2026-02-26T04:59:05.376Z"}
{"error":"","level":"error","message":"Redis connection error","service":"vendorlink-api","timestamp":"2026-02-26T04:59:05.641Z"}
{"error":"","level":"error","message":"Redis connection error","service":"vendorlink-api","timestamp":"2026-02-26T04:59:05.953Z"}
{"error":"","level":"error","message":"Redis connection error","service":"vendorlink-api","timestamp":"2026-02-26T04:59:06.313Z"}
{"error":"","level":"error","message":"Redis connection error","service":"vendorlink-api","timestamp":"2026-02-26T04:59:06.719Z"}
{"error":"","level":"error","message":"Redis connection error","service":"vendorlink-api","timestamp":"2026-02-26T04:59:07.185Z"}
{"error":"","level":"error","message":"Redis connection error","service":"vendorlink-api","timestamp":"2026-02-26T04:59:07.700Z"}
{"error":"","level":"error","message":"Redis connection error","service":"vendorlink-api","timestamp":"2026-02-26T04:59:08.216Z"}
{"error":"","level":"error","message":"Redis connection error","service":"vendorlink-api","timestamp":"2026-02-26T04:59:08.731Z"}
{"error":"","level":"error","message":"Redis connection error","service":"vendorlink-api","timestamp":"2026-02-26T04:59:09.246Z"}
{"error":"","level":"error","message":"Redis connection error","service":"vendorlink-api","timestamp":"2026-02-26T04:59:09.763Z"}
{"error":"","level":"error","message":"Redis connection error","service":"vendorlink-api","timestamp":"2026-02-26T04:59:10.275Z"}
{"error":"","level":"error","message":"Redis connection error","service":"vendorlink-api","timestamp":"2026-02-26T04:59:10.791Z"}
{"error":"","level":"error","message":"Redis connection error","service":"vendorlink-api","timestamp":"2026-02-26T04:59:11.306Z"}
{"error":"","level":"error","message":"Redis connection error","service":"vendorlink-api","timestamp":"2026-02-26T04:59:11.822Z"}
{"error":"","level":"error","message":"Redis connection error","service":"vendorlink-api","timestamp":"2026-02-26T04:59:12.340Z"}
{"error":"","level":"error","message":"Redis connection error","service":"vendorlink-api","timestamp":"2026-02-26T04:59:12.857Z"}
{"error":"","level":"error","message":"Redis connection error","service":"vendorlink-api","timestamp":"2026-02-26T04:59:13.374Z"}
{"error":"","level":"error","message":"Redis connection error","service":"vendorlink-api","timestamp":"2026-02-26T04:59:13.891Z"}
{"error":"","level":"error","message":"Redis connection error","service":"vendorlink-api","timestamp":"2026-02-26T04:59:14.404Z"}
{"error":"","level":"error","message":"Redis connection error","service":"vendorlink-api","timestamp":"2026-02-26T04:59:14.914Z"}
{"error":"","level":"error","message":"Redis connection error","service":"vendorlink-api","timestamp":"2026-02-26T04:59:15.421Z"}
{"error":"","level":"error","message":"Redis connection error","service":"vendorlink-api","timestamp":"2026-02-26T04:59:15.927Z"}
{"error":"","level":"error","message":"Redis connection error","service":"vendorlink-api","timestamp":"2026-02-26T04:59:16.444Z"}
{"error":"","level":"error","message":"Redis connection error","service":"vendorlink-api","timestamp":"2026-02-26T04:59:16.946Z"}
{"error":"","level":"error","message":"Redis connection error","service":"vendorlink-api","timestamp":"2026-02-26T04:59:17.465Z"}
{"error":"","level":"error","message":"Redis connection error","service":"vendorlink-api","timestamp":"2026-02-26T04:59:17.983Z"}
{"error":"","level":"error","message":"Redis connection error","service":"vendorlink-api","timestamp":"2026-02-26T04:59:18.501Z"}
{"level":"info","message":"🚀 Starting VendorLink Server...","service":"vendorlink-api","timestamp":"2026-02-26T04:59:20.773Z"}
{"level":"warn","message":"⚠️  Email credentials not configured - email service disabled","service":"vendorlink-api","timestamp":"2026-02-26T04:59:20.783Z"}
{"level":"info","message":"✅ Core services initialized","service":"vendorlink-api","timestamp":"2026-02-26T04:59:20.784Z"}
{"level":"info","message":"\n╔════════════════════════════════════════╗","service":"vendorlink-api","timestamp":"2026-02-26T04:59:20.847Z"}
{"level":"info","message":"║  ✔ VendorLink Server Running           ║","service":"vendorlink-api","timestamp":"2026-02-26T04:59:20.850Z"}
{"level":"info","message":"║  Port: 5000                              ║","service":"vendorlink-api","timestamp":"2026-02-26T04:59:20.850Z"}
{"level":"info","message":"║  Socket.IO: Enabled                    ║","service":"vendorlink-api","timestamp":"2026-02-26T04:59:20.851Z"}
{"level":"info","message":"║  Notifications: Active                 ║","service":"vendorlink-api","timestamp":"2026-02-26T04:59:20.852Z"}
{"level":"info","message":"║  API Docs: http://localhost:5000/api-docs   ║","service":"vendorlink-api","timestamp":"2026-02-26T04:59:20.852Z"}
{"level":"info","message":"╚════════════════════════════════════════╝\n","service":"vendorlink-api","timestamp":"2026-02-26T04:59:20.854Z"}
{"error":"","level":"error","message":"Redis connection error","service":"vendorlink-api","timestamp":"2026-02-26T04:59:20.867Z"}
{"error":"","level":"error","message":"Redis connection error","service":"vendorlink-api","timestamp":"2026-02-26T04:59:20.874Z"}
{"error":"","level":"error","message":"Redis connection error","service":"vendorlink-api","timestamp":"2026-02-26T04:59:20.935Z"}
{"error":"","level":"error","message":"Redis connection error","service":"vendorlink-api","timestamp":"2026-02-26T04:59:21.046Z"}
{"error":"","level":"error","message":"Redis connection error","service":"vendorlink-api","timestamp":"2026-02-26T04:59:21.203Z"}
{"error":"","level":"error","message":"Redis connection error","service":"vendorlink-api","timestamp":"2026-02-26T04:59:21.408Z"}
{"error":"","level":"error","message":"Redis connection error","service":"vendorlink-api","timestamp":"2026-02-26T04:59:21.675Z"}
{"error":"","level":"error","message":"Redis connection error","service":"vendorlink-api","timestamp":"2026-02-26T04:59:21.986Z"}
{"error":"","level":"error","message":"Redis connection error","service":"vendorlink-api","timestamp":"2026-02-26T04:59:22.346Z"}
{"error":"","level":"error","message":"Redis connection error","service":"vendorlink-api","timestamp":"2026-02-26T04:59:22.758Z"}
{"error":"","level":"error","message":"Redis connection error","service":"vendorlink-api","timestamp":"2026-02-26T04:59:23.224Z"}
{"error":"","level":"error","message":"Redis connection error","service":"vendorlink-api","timestamp":"2026-02-26T04:59:23.735Z"}
{"error":"","level":"error","message":"Redis connection error","service":"vendorlink-api","timestamp":"2026-02-26T04:59:24.249Z"}
{"error":"","level":"error","message":"Redis connection error","service":"vendorlink-api","timestamp":"2026-02-26T04:59:24.764Z"}
{"error":"","level":"error","message":"Redis connection error","service":"vendorlink-api","timestamp":"2026-02-26T04:59:25.279Z"}
{"error":"","level":"error","message":"Redis connection error","service":"vendorlink-api","timestamp":"2026-02-26T04:59:25.795Z"}
{"error":"","level":"error","message":"Redis connection error","service":"vendorlink-api","timestamp":"2026-02-26T04:59:26.301Z"}
{"error":"","level":"error","message":"Redis connection error","service":"vendorlink-api","timestamp":"2026-02-26T04:59:26.803Z"}
{"error":"","level":"error","message":"Redis connection error","service":"vendorlink-api","timestamp":"2026-02-26T04:59:27.308Z"}
{"error":"","level":"error","message":"Redis connection error","service":"vendorlink-api","timestamp":"2026-02-26T04:59:27.825Z"}
{"error":"","level":"error","message":"Redis connection error","service":"vendorlink-api","timestamp":"2026-02-26T04:59:28.342Z"}
{"error":"","level":"error","message":"Redis connection error","service":"vendorlink-api","timestamp":"2026-02-26T04:59:28.857Z"}
{"error":"","level":"error","message":"Redis connection error","service":"vendorlink-api","timestamp":"2026-02-26T04:59:29.376Z"}
{"error":"","level":"error","message":"Redis connection error","service":"vendorlink-api","timestamp":"2026-02-26T04:59:29.892Z"}
{"error":"","level":"error","message":"Redis connection error","service":"vendorlink-api","timestamp":"2026-02-26T04:59:30.406Z"}
{"error":"","level":"error","message":"Redis connection error","service":"vendorlink-api","timestamp":"2026-02-26T04:59:30.923Z"}
{"error":"","level":"error","message":"Redis connection error","service":"vendorlink-api","timestamp":"2026-02-26T04:59:31.442Z"}
{"error":"","level":"error","message":"Redis connection error","service":"vendorlink-api","timestamp":"2026-02-26T04:59:31.975Z"}
{"error":"","level":"error","message":"Redis connection error","service":"vendorlink-api","timestamp":"2026-02-26T04:59:32.478Z"}
{"error":"","level":"error","message":"Redis connection error","service":"vendorlink-api","timestamp":"2026-02-26T04:59:32.993Z"}
{"error":"","level":"error","message":"Redis connection error","service":"vendorlink-api","timestamp":"2026-02-26T04:59:33.497Z"}
{"error":"","level":"error","message":"Redis connection error","service":"vendorlink-api","timestamp":"2026-02-26T04:59:34.011Z"}
{"error":"","level":"error","message":"Redis connection error","service":"vendorlink-api","timestamp":"2026-02-26T04:59:34.529Z"}
{"error":"","level":"error","message":"Redis connection error","service":"vendorlink-api","timestamp":"2026-02-26T04:59:35.035Z"}
{"error":"","level":"error","message":"Redis connection error","service":"vendorlink-api","timestamp":"2026-02-26T04:59:35.546Z"}
{"error":"","level":"error","message":"Redis connection error","service":"vendorlink-api","timestamp":"2026-02-26T04:59:36.060Z"}
{"error":"","level":"error","message":"Redis connection error","service":"vendorlink-api","timestamp":"2026-02-26T04:59:36.569Z"}
{"error":"","level":"error","message":"Redis connection error","service":"vendorlink-api","timestamp":"2026-02-26T04:59:37.076Z"}
{"error":"","level":"error","message":"Redis connection error","service":"vendorlink-api","timestamp":"2026-02-26T04:59:37.627Z"}
{"error":"","level":"error","message":"Redis connection error","service":"vendorlink-api","timestamp":"2026-02-26T04:59:38.133Z"}
{"error":"","level":"error","message":"Redis connection error","service":"vendorlink-api","timestamp":"2026-02-26T04:59:38.649Z"}
{"error":"","level":"error","message":"Redis connection error","service":"vendorlink-api","timestamp":"2026-02-26T04:59:39.165Z"}
{"error":"","level":"error","message":"Redis connection error","service":"vendorlink-api","timestamp":"2026-02-26T04:59:39.680Z"}
{"error":"","level":"error","message":"Redis connection error","service":"vendorlink-api","timestamp":"2026-02-26T04:59:40.183Z"}
{"error":"","level":"error","message":"Redis connection error","service":"vendorlink-api","timestamp":"2026-02-26T04:59:40.686Z"}
{"error":"","level":"error","message":"Redis connection error","service":"vendorlink-api","timestamp":"2026-02-26T04:59:41.201Z"}
{"error":"","level":"error","message":"Redis connection error","service":"vendorlink-api","timestamp":"2026-02-26T04:59:41.716Z"}
{"error":"","level":"error","message":"Redis connection error","service":"vendorlink-api","timestamp":"2026-02-26T04:59:42.228Z"}
{"error":"","level":"error","message":"Redis connection error","service":"vendorlink-api","timestamp":"2026-02-26T04:59:42.732Z"}
{"error":"","level":"error","message":"Redis connection error","service":"vendorlink-api","timestamp":"2026-02-26T04:59:43.235Z"}
{"error":"","level":"error","message":"Redis connection error","service":"vendorlink-api","timestamp":"2026-02-26T04:59:43.742Z"}
{"error":"","level":"error","message":"Redis connection error","service":"vendorlink-api","timestamp":"2026-02-26T04:59:44.259Z"}
{"error":"","level":"error","message":"Redis connection error","service":"vendorlink-api","timestamp":"2026-02-26T04:59:44.777Z"}
{"error":"","level":"error","message":"Redis connection error","service":"vendorlink-api","timestamp":"2026-02-26T04:59:45.293Z"}
{"error":"","level":"error","message":"Redis connection error","service":"vendorlink-api","timestamp":"2026-02-26T04:59:45.808Z"}
{"error":"","level":"error","message":"Redis connection error","service":"vendorlink-api","timestamp":"2026-02-26T04:59:46.324Z"}
{"error":"","level":"error","message":"Redis connection error","service":"vendorlink-api","timestamp":"2026-02-26T04:59:46.842Z"}
{"error":"","level":"error","message":"Redis connection error","service":"vendorlink-api","timestamp":"2026-02-26T04:59:47.358Z"}
{"error":"","level":"error","message":"Redis connection error","service":"vendorlink-api","timestamp":"2026-02-26T04:59:47.875Z"}
{"error":"","level":"error","message":"Redis connection error","service":"vendorlink-api","timestamp":"2026-02-26T04:59:48.392Z"}
{"error":"","level":"error","message":"Redis connection error","service":"vendorlink-api","timestamp":"2026-02-26T04:59:48.907Z"}
{"error":"","level":"error","message":"Redis connection error","service":"vendorlink-api","timestamp":"2026-02-26T04:59:49.425Z"}
{"error":"","level":"error","message":"Redis connection error","service":"vendorlink-api","timestamp":"2026-02-26T04:59:49.940Z"}
{"error":"","level":"error","message":"Redis connection error","service":"vendorlink-api","timestamp":"2026-02-26T04:59:50.454Z"}
{"error":"","level":"error","message":"Redis connection error","service":"vendorlink-api","timestamp":"2026-02-26T04:59:51.025Z"}
{"error":"","level":"error","message":"Redis connection error","service":"vendorlink-api","timestamp":"2026-02-26T04:59:51.567Z"}
{"error":"","level":"error","message":"Redis connection error","service":"vendorlink-api","timestamp":"2026-02-26T04:59:52.082Z"}
{"error":"","level":"error","message":"Redis connection error","service":"vendorlink-api","timestamp":"2026-02-26T04:59:52.598Z"}
{"error":"","level":"error","message":"Redis connection error","service":"vendorlink-api","timestamp":"2026-02-26T04:59:53.114Z"}
{"error":"","level":"error","message":"Redis connection error","service":"vendorlink-api","timestamp":"2026-02-26T04:59:53.626Z"}
{"error":"","level":"error","message":"Redis connection error","service":"vendorlink-api","timestamp":"2026-02-26T04:59:54.142Z"}
{"error":"","level":"error","message":"Redis connection error","service":"vendorlink-api","timestamp":"2026-02-26T04:59:54.659Z"}
{"error":"","level":"error","message":"Redis connection error","service":"vendorlink-api","timestamp":"2026-02-26T04:59:55.162Z"}
{"error":"","level":"error","message":"Redis connection error","service":"vendorlink-api","timestamp":"2026-02-26T04:59:55.677Z"}
{"error":"","level":"error","message":"Redis connection error","service":"vendorlink-api","timestamp":"2026-02-26T04:59:56.192Z"}
{"error":"","level":"error","message":"Redis connection error","service":"vendorlink-api","timestamp":"2026-02-26T04:59:56.709Z"}
{"error":"","level":"error","message":"Redis connection error","service":"vendorlink-api","timestamp":"2026-02-26T04:59:57.224Z"}
{"error":"","level":"error","message":"Redis connection error","service":"vendorlink-api","timestamp":"2026-02-26T04:59:57.736Z"}
{"error":"","level":"error","message":"Redis connection error","service":"vendorlink-api","timestamp":"2026-02-26T04:59:58.253Z"}
{"error":"","level":"error","message":"Redis connection error","service":"vendorlink-api","timestamp":"2026-02-26T04:59:58.767Z"}
{"error":"","level":"error","message":"Redis connection error","service":"vendorlink-api","timestamp":"2026-02-26T04:59:59.272Z"}
{"error":"","level":"error","message":"Redis connection error","service":"vendorlink-api","timestamp":"2026-02-26T04:59:59.788Z"}
{"error":"","level":"error","message":"Redis connection error","service":"vendorlink-api","timestamp":"2026-02-26T05:00:00.305Z"}
{"error":"","level":"error","message":"Redis connection error","service":"vendorlink-api","timestamp":"2026-02-26T05:00:00.820Z"}
{"error":"","level":"error","message":"Redis connection error","service":"vendorlink-api","timestamp":"2026-02-26T05:00:01.328Z"}
{"error":"","level":"error","message":"Redis connection error","service":"vendorlink-api","timestamp":"2026-02-26T05:00:01.847Z"}
{"error":"","level":"error","message":"Redis connection error","service":"vendorlink-api","timestamp":"2026-02-26T05:00:02.434Z"}
{"error":"","level":"error","message":"Redis connection error","service":"vendorlink-api","timestamp":"2026-02-26T05:00:02.998Z"}
{"error":"","level":"error","message":"Redis connection error","service":"vendorlink-api","timestamp":"2026-02-26T05:00:03.506Z"}
{"error":"","level":"error","message":"Redis connection error","service":"vendorlink-api","timestamp":"2026-02-26T05:00:04.014Z"}
{"error":"","level":"error","message":"Redis connection error","service":"vendorlink-api","timestamp":"2026-02-26T05:00:04.527Z"}
{"error":"","level":"error","message":"Redis connection error","service":"vendorlink-api","timestamp":"2026-02-26T05:00:05.039Z"}
{"error":"","level":"error","message":"Redis connection error","service":"vendorlink-api","timestamp":"2026-02-26T05:00:05.553Z"}
{"error":"","level":"error","message":"Redis connection error","service":"vendorlink-api","timestamp":"2026-02-26T05:00:06.067Z"}
{"error":"","level":"error","message":"Redis connection error","service":"vendorlink-api","timestamp":"2026-02-26T05:00:06.583Z"}
{"error":"","level":"error","message":"Redis connection error","service":"vendorlink-api","timestamp":"2026-02-26T05:00:07.101Z"}
{"error":"","level":"error","message":"Redis connection error","service":"vendorlink-api","timestamp":"2026-02-26T05:00:07.604Z"}
{"error":"","level":"error","message":"Redis connection error","service":"vendorlink-api","timestamp":"2026-02-26T05:00:08.120Z"}
{"error":"","level":"error","message":"Redis connection error","service":"vendorlink-api","timestamp":"2026-02-26T05:00:08.635Z"}
{"error":"","level":"error","message":"Redis connection error","service":"vendorlink-api","timestamp":"2026-02-26T05:00:09.152Z"}
{"error":"","level":"error","message":"Redis connection error","service":"vendorlink-api","timestamp":"2026-02-26T05:00:09.666Z"}
{"error":"","level":"error","message":"Redis connection error","service":"vendorlink-api","timestamp":"2026-02-26T05:00:10.179Z"}
{"error":"","level":"error","message":"Redis connection error","service":"vendorlink-api","timestamp":"2026-02-26T05:00:10.693Z"}
{"error":"","level":"error","message":"Redis connection error","service":"vendorlink-api","timestamp":"2026-02-26T05:00:11.196Z"}
{"error":"","level":"error","message":"Redis connection error","service":"vendorlink-api","timestamp":"2026-02-26T05:00:11.710Z"}
{"error":"","level":"error","message":"Redis connection error","service":"vendorlink-api","timestamp":"2026-02-26T05:00:12.218Z"}
{"error":"","level":"error","message":"Redis connection error","service":"vendorlink-api","timestamp":"2026-02-26T05:00:12.726Z"}
{"error":"","level":"error","message":"Redis connection error","service":"vendorlink-api","timestamp":"2026-02-26T05:00:13.233Z"}
{"error":"","level":"error","message":"Redis connection error","service":"vendorlink-api","timestamp":"2026-02-26T05:00:13.736Z"}
{"error":"","level":"error","message":"Redis connection error","service":"vendorlink-api","timestamp":"2026-02-26T05:00:14.248Z"}
{"error":"","level":"error","message":"Redis connection error","service":"vendorlink-api","timestamp":"2026-02-26T05:00:14.751Z"}
{"error":"","level":"error","message":"Redis connection error","service":"vendorlink-api","timestamp":"2026-02-26T05:00:15.269Z"}
{"error":"","level":"error","message":"Redis connection error","service":"vendorlink-api","timestamp":"2026-02-26T05:00:15.773Z"}
{"error":"","level":"error","message":"Redis connection error","service":"vendorlink-api","timestamp":"2026-02-26T05:00:16.277Z"}
{"error":"","level":"error","message":"Redis connection error","service":"vendorlink-api","timestamp":"2026-02-26T05:00:16.794Z"}
{"error":"","level":"error","message":"Redis connection error","service":"vendorlink-api","timestamp":"2026-02-26T05:00:17.297Z"}
{"error":"","level":"error","message":"Redis connection error","service":"vendorlink-api","timestamp":"2026-02-26T05:00:17.815Z"}
{"error":"","level":"error","message":"Redis connection error","service":"vendorlink-api","timestamp":"2026-02-26T05:00:18.327Z"}
{"error":"","level":"error","message":"Redis connection error","service":"vendorlink-api","timestamp":"2026-02-26T05:00:18.844Z"}
{"error":"","level":"error","message":"Redis connection error","service":"vendorlink-api","timestamp":"2026-02-26T05:00:19.360Z"}
{"error":"","level":"error","message":"Redis connection error","service":"vendorlink-api","timestamp":"2026-02-26T05:00:19.864Z"}
{"error":"","level":"error","message":"Redis connection error","service":"vendorlink-api","timestamp":"2026-02-26T05:00:20.378Z"}
{"error":"","level":"error","message":"Redis connection error","service":"vendorlink-api","timestamp":"2026-02-26T05:00:20.894Z"}
{"error":"","level":"error","message":"Redis connection error","service":"vendorlink-api","timestamp":"2026-02-26T05:00:21.399Z"}
{"error":"","level":"error","message":"Redis connection error","service":"vendorlink-api","timestamp":"2026-02-26T05:00:21.912Z"}
{"error":"","level":"error","message":"Redis connection error","service":"vendorlink-api","timestamp":"2026-02-26T05:00:22.427Z"}
{"error":"","level":"error","message":"Redis connection error","service":"vendorlink-api","timestamp":"2026-02-26T05:00:22.929Z"}
{"error":"","level":"error","message":"Redis connection error","service":"vendorlink-api","timestamp":"2026-02-26T05:00:23.444Z"}
{"error":"","level":"error","message":"Redis connection error","service":"vendorlink-api","timestamp":"2026-02-26T05:00:23.980Z"}
{"level":"info","message":"🚀 Starting VendorLink Server...","service":"vendorlink-api","timestamp":"2026-02-26T05:00:39.982Z"}
{"level":"warn","message":"⚠️  Email credentials not configured - email service disabled","service":"vendorlink-api","timestamp":"2026-02-26T05:00:39.990Z"}
{"level":"info","message":"✅ Core services initialized","service":"vendorlink-api","timestamp":"2026-02-26T05:00:39.991Z"}
{"level":"info","message":"\n╔════════════════════════════════════════╗","service":"vendorlink-api","timestamp":"2026-02-26T05:00:40.025Z"}
{"level":"info","message":"║  ✔ VendorLink Server Running           ║","service":"vendorlink-api","timestamp":"2026-02-26T05:00:40.026Z"}
{"level":"info","message":"║  Port: 5000                              ║","service":"vendorlink-api","timestamp":"2026-02-26T05:00:40.026Z"}
{"level":"info","message":"║  Socket.IO: Enabled                    ║","service":"vendorlink-api","timestamp":"2026-02-26T05:00:40.027Z"}
{"level":"info","message":"║  Notifications: Active                 ║","service":"vendorlink-api","timestamp":"2026-02-26T05:00:40.028Z"}
{"level":"info","message":"║  API Docs: http://localhost:5000/api-docs   ║","service":"vendorlink-api","timestamp":"2026-02-26T05:00:40.028Z"}
{"level":"info","message":"╚════════════════════════════════════════╝\n","service":"vendorlink-api","timestamp":"2026-02-26T05:00:40.029Z"}
{"error":"","level":"error","message":"Redis connection error","service":"vendorlink-api","timestamp":"2026-02-26T05:00:40.033Z"}
{"error":"","level":"error","message":"Redis connection error","service":"vendorlink-api","timestamp":"2026-02-26T05:00:40.045Z"}
{"error":"","level":"error","message":"Redis connection error","service":"vendorlink-api","timestamp":"2026-02-26T05:00:40.110Z"}
{"error":"","level":"error","message":"Redis connection error","service":"vendorlink-api","timestamp":"2026-02-26T05:00:40.219Z"}
{"error":"","level":"error","message":"Redis connection error","service":"vendorlink-api","timestamp":"2026-02-26T05:00:40.378Z"}
{"error":"","level":"error","message":"Redis connection error","service":"vendorlink-api","timestamp":"2026-02-26T05:00:40.585Z"}
{"error":"","level":"error","message":"Redis connection error","service":"vendorlink-api","timestamp":"2026-02-26T05:00:40.869Z"}
{"error":"","level":"error","message":"Redis connection error","service":"vendorlink-api","timestamp":"2026-02-26T05:00:41.182Z"}
{"error":"","level":"error","message":"Redis connection error","service":"vendorlink-api","timestamp":"2026-02-26T05:00:41.565Z"}
{"error":"","level":"error","message":"Redis connection error","service":"vendorlink-api","timestamp":"2026-02-26T05:00:41.983Z"}
{"error":"","level":"error","message":"Redis connection error","service":"vendorlink-api","timestamp":"2026-02-26T05:00:42.446Z"}
{"error":"","level":"error","message":"Redis connection error","service":"vendorlink-api","timestamp":"2026-02-26T05:00:42.961Z"}
{"error":"","level":"error","message":"Redis connection error","service":"vendorlink-api","timestamp":"2026-02-26T05:00:43.477Z"}
{"error":"","level":"error","message":"Redis connection error","service":"vendorlink-api","timestamp":"2026-02-26T05:00:43.992Z"}
{"error":"","level":"error","message":"Redis connection error","service":"vendorlink-api","timestamp":"2026-02-26T05:00:44.510Z"}
{"error":"","level":"error","message":"Redis connection error","service":"vendorlink-api","timestamp":"2026-02-26T05:00:45.027Z"}
{"error":"","level":"error","message":"Redis connection error","service":"vendorlink-api","timestamp":"2026-02-26T05:00:45.542Z"}
{"error":"","level":"error","message":"Redis connection error","service":"vendorlink-api","timestamp":"2026-02-26T05:00:46.056Z"}
{"error":"","level":"error","message":"Redis connection error","service":"vendorlink-api","timestamp":"2026-02-26T05:00:46.570Z"}
{"error":"","level":"error","message":"Redis connection error","service":"vendorlink-api","timestamp":"2026-02-26T05:00:47.086Z"}
{"error":"","level":"error","message":"Redis connection error","service":"vendorlink-api","timestamp":"2026-02-26T05:00:47.599Z"}
{"error":"","level":"error","message":"Redis connection error","service":"vendorlink-api","timestamp":"2026-02-26T05:00:48.112Z"}
{"error":"","level":"error","message":"Redis connection error","service":"vendorlink-api","timestamp":"2026-02-26T05:00:48.628Z"}
{"error":"","level":"error","message":"Redis connection error","service":"vendorlink-api","timestamp":"2026-02-26T05:00:49.145Z"}
{"error":"","level":"error","message":"Redis connection error","service":"vendorlink-api","timestamp":"2026-02-26T05:00:49.661Z"}
{"error":"","level":"error","message":"Redis connection error","service":"vendorlink-api","timestamp":"2026-02-26T05:00:50.178Z"}
{"error":"","level":"error","message":"Redis connection error","service":"vendorlink-api","timestamp":"2026-02-26T05:00:50.695Z"}
{"error":"","level":"error","message":"Redis connection error","service":"vendorlink-api","timestamp":"2026-02-26T05:00:51.212Z"}
{"error":"","level":"error","message":"Redis connection error","service":"vendorlink-api","timestamp":"2026-02-26T05:00:51.728Z"}
{"error":"","level":"error","message":"Redis connection error","service":"vendorlink-api","timestamp":"2026-02-26T05:00:52.243Z"}
{"error":"","level":"error","message":"Redis connection error","service":"vendorlink-api","timestamp":"2026-02-26T05:00:52.756Z"}
{"error":"","level":"error","message":"Redis connection error","service":"vendorlink-api","timestamp":"2026-02-26T05:00:53.275Z"}
{"error":"","level":"error","message":"Redis connection error","service":"vendorlink-api","timestamp":"2026-02-26T05:00:53.789Z"}
{"error":"","level":"error","message":"Redis connection error","service":"vendorlink-api","timestamp":"2026-02-26T05:00:54.303Z"}
{"error":"","level":"error","message":"Redis connection error","service":"vendorlink-api","timestamp":"2026-02-26T05:00:54.820Z"}
{"error":"","level":"error","message":"Redis connection error","service":"vendorlink-api","timestamp":"2026-02-26T05:00:55.335Z"}
{"error":"","level":"error","message":"Redis connection error","service":"vendorlink-api","timestamp":"2026-02-26T05:00:55.850Z"}
{"error":"","level":"error","message":"Redis connection error","service":"vendorlink-api","timestamp":"2026-02-26T05:00:56.367Z"}
{"error":"","level":"error","message":"Redis connection error","service":"vendorlink-api","timestamp":"2026-02-26T05:00:56.885Z"}
{"error":"","level":"error","message":"Redis connection error","service":"vendorlink-api","timestamp":"2026-02-26T05:00:57.388Z"}
{"error":"","level":"error","message":"Redis connection error","service":"vendorlink-api","timestamp":"2026-02-26T05:00:57.906Z"}
{"error":"","level":"error","message":"Redis connection error","service":"vendorlink-api","timestamp":"2026-02-26T05:00:58.419Z"}
{"error":"","level":"error","message":"Redis connection error","service":"vendorlink-api","timestamp":"2026-02-26T05:00:58.933Z"}
{"error":"","level":"error","message":"Redis connection error","service":"vendorlink-api","timestamp":"2026-02-26T05:00:59.449Z"}
{"error":"","level":"error","message":"Redis connection error","service":"vendorlink-api","timestamp":"2026-02-26T05:00:59.966Z"}
{"error":"","level":"error","message":"Redis connection error","service":"vendorlink-api","timestamp":"2026-02-26T05:01:00.483Z"}
{"error":"","level":"error","message":"Redis connection error","service":"vendorlink-api","timestamp":"2026-02-26T05:01:00.986Z"}
{"error":"","level":"error","message":"Redis connection error","service":"vendorlink-api","timestamp":"2026-02-26T05:01:01.502Z"}
{"error":"","level":"error","message":"Redis connection error","service":"vendorlink-api","timestamp":"2026-02-26T05:01:02.019Z"}
{"error":"","level":"error","message":"Redis connection error","service":"vendorlink-api","timestamp":"2026-02-26T05:01:02.533Z"}
{"error":"","level":"error","message":"Redis connection error","service":"vendorlink-api","timestamp":"2026-02-26T05:01:03.048Z"}
{"error":"","level":"error","message":"Redis connection error","service":"vendorlink-api","timestamp":"2026-02-26T05:01:03.563Z"}
{"error":"","level":"error","message":"Redis connection error","service":"vendorlink-api","timestamp":"2026-02-26T05:01:04.080Z"}
{"error":"","level":"error","message":"Redis connection error","service":"vendorlink-api","timestamp":"2026-02-26T05:01:04.595Z"}
{"error":"","level":"error","message":"Redis connection error","service":"vendorlink-api","timestamp":"2026-02-26T05:01:05.111Z"}
{"error":"","level":"error","message":"Redis connection error","service":"vendorlink-api","timestamp":"2026-02-26T05:01:05.623Z"}
{"error":"","level":"error","message":"Redis connection error","service":"vendorlink-api","timestamp":"2026-02-26T05:01:06.129Z"}
{"error":"","level":"error","message":"Redis connection error","service":"vendorlink-api","timestamp":"2026-02-26T05:01:06.640Z"}
{"error":"","level":"error","message":"Redis connection error","service":"vendorlink-api","timestamp":"2026-02-26T05:01:07.152Z"}
{"error":"","level":"error","message":"Redis connection error","service":"vendorlink-api","timestamp":"2026-02-26T05:01:07.666Z"}
{"error":"","level":"error","message":"Redis connection error","service":"vendorlink-api","timestamp":"2026-02-26T05:01:08.180Z"}
{"error":"","level":"error","message":"Redis connection error","service":"vendorlink-api","timestamp":"2026-02-26T05:01:08.696Z"}
{"error":"","level":"error","message":"Redis connection error","service":"vendorlink-api","timestamp":"2026-02-26T05:01:09.207Z"}
{"error":"","level":"error","message":"Redis connection error","service":"vendorlink-api","timestamp":"2026-02-26T05:01:09.719Z"}
{"error":"","level":"error","message":"Redis connection error","service":"vendorlink-api","timestamp":"2026-02-26T05:01:10.231Z"}
{"error":"","level":"error","message":"Redis connection error","service":"vendorlink-api","timestamp":"2026-02-26T05:01:10.746Z"}
{"error":"","level":"error","message":"Redis connection error","service":"vendorlink-api","timestamp":"2026-02-26T05:01:11.262Z"}
{"error":"","level":"error","message":"Redis connection error","service":"vendorlink-api","timestamp":"2026-02-26T05:01:11.779Z"}
{"error":"","level":"error","message":"Redis connection error","service":"vendorlink-api","timestamp":"2026-02-26T05:01:12.294Z"}
{"error":"","level":"error","message":"Redis connection error","service":"vendorlink-api","timestamp":"2026-02-26T05:01:12.811Z"}
{"error":"","level":"error","message":"Redis connection error","service":"vendorlink-api","timestamp":"2026-02-26T05:01:13.327Z"}
{"error":"","level":"error","message":"Redis connection error","service":"vendorlink-api","timestamp":"2026-02-26T05:01:13.837Z"}
{"error":"","level":"error","message":"Redis connection error","service":"vendorlink-api","timestamp":"2026-02-26T05:01:14.353Z"}
{"error":"","level":"error","message":"Redis connection error","service":"vendorlink-api","timestamp":"2026-02-26T05:01:14.856Z"}
{"error":"","level":"error","message":"Redis connection error","service":"vendorlink-api","timestamp":"2026-02-26T05:01:15.372Z"}
{"error":"","level":"error","message":"Redis connection error","service":"vendorlink-api","timestamp":"2026-02-26T05:01:15.887Z"}
{"error":"","level":"error","message":"Redis connection error","service":"vendorlink-api","timestamp":"2026-02-26T05:01:16.406Z"}
{"error":"","level":"error","message":"Redis connection error","service":"vendorlink-api","timestamp":"2026-02-26T05:01:16.910Z"}
{"error":"","level":"error","message":"Redis connection error","service":"vendorlink-api","timestamp":"2026-02-26T05:01:17.424Z"}
{"error":"","level":"error","message":"Redis connection error","service":"vendorlink-api","timestamp":"2026-02-26T05:01:17.939Z"}
{"error":"","level":"error","message":"Redis connection error","service":"vendorlink-api","timestamp":"2026-02-26T05:01:18.454Z"}
{"error":"","level":"error","message":"Redis connection error","service":"vendorlink-api","timestamp":"2026-02-26T05:01:18.966Z"}
{"error":"","level":"error","message":"Redis connection error","service":"vendorlink-api","timestamp":"2026-02-26T05:01:19.484Z"}
{"error":"","level":"error","message":"Redis connection error","service":"vendorlink-api","timestamp":"2026-02-26T05:01:19.993Z"}
{"error":"","level":"error","message":"Redis connection error","service":"vendorlink-api","timestamp":"2026-02-26T05:01:20.511Z"}
{"error":"","level":"error","message":"Redis connection error","service":"vendorlink-api","timestamp":"2026-02-26T05:01:21.028Z"}
{"error":"","level":"error","message":"Redis connection error","service":"vendorlink-api","timestamp":"2026-02-26T05:01:21.545Z"}
{"error":"","level":"error","message":"Redis connection error","service":"vendorlink-api","timestamp":"2026-02-26T05:01:22.047Z"}
{"error":"","level":"error","message":"Redis connection error","service":"vendorlink-api","timestamp":"2026-02-26T05:01:22.563Z"}
{"error":"","level":"error","message":"Redis connection error","service":"vendorlink-api","timestamp":"2026-02-26T05:01:23.065Z"}
{"error":"","level":"error","message":"Redis connection error","service":"vendorlink-api","timestamp":"2026-02-26T05:01:23.568Z"}
{"error":"","level":"error","message":"Redis connection error","service":"vendorlink-api","timestamp":"2026-02-26T05:01:24.082Z"}
{"error":"","level":"error","message":"Redis connection error","service":"vendorlink-api","timestamp":"2026-02-26T05:01:24.599Z"}
{"error":"","level":"error","message":"Redis connection error","service":"vendorlink-api","timestamp":"2026-02-26T05:01:25.112Z"}
{"error":"","level":"error","message":"Redis connection error","service":"vendorlink-api","timestamp":"2026-02-26T05:01:25.627Z"}
{"error":"","level":"error","message":"Redis connection error","service":"vendorlink-api","timestamp":"2026-02-26T05:01:26.141Z"}
{"error":"","level":"error","message":"Redis connection error","service":"vendorlink-api","timestamp":"2026-02-26T05:01:26.657Z"}
{"error":"","level":"error","message":"Redis connection error","service":"vendorlink-api","timestamp":"2026-02-26T05:01:27.172Z"}
{"error":"","level":"error","message":"Redis connection error","service":"vendorlink-api","timestamp":"2026-02-26T05:01:27.684Z"}
{"error":"","level":"error","message":"Redis connection error","service":"vendorlink-api","timestamp":"2026-02-26T05:01:28.189Z"}
{"error":"","level":"error","message":"Redis connection error","service":"vendorlink-api","timestamp":"2026-02-26T05:01:28.706Z"}
{"error":"","level":"error","message":"Redis connection error","service":"vendorlink-api","timestamp":"2026-02-26T05:01:29.222Z"}
{"error":"","level":"error","message":"Redis connection error","service":"vendorlink-api","timestamp":"2026-02-26T05:01:29.735Z"}
{"error":"","level":"error","message":"Redis connection error","service":"vendorlink-api","timestamp":"2026-02-26T05:01:30.253Z"}
{"error":"","level":"error","message":"Redis connection error","service":"vendorlink-api","timestamp":"2026-02-26T05:01:30.765Z"}
{"error":"","level":"error","message":"Redis connection error","service":"vendorlink-api","timestamp":"2026-02-26T05:01:31.280Z"}
{"error":"","level":"error","message":"Redis connection error","service":"vendorlink-api","timestamp":"2026-02-26T05:01:31.782Z"}
{"error":"","level":"error","message":"Redis connection error","service":"vendorlink-api","timestamp":"2026-02-26T05:01:32.298Z"}
{"error":"","level":"error","message":"Redis connection error","service":"vendorlink-api","timestamp":"2026-02-26T05:01:32.813Z"}
{"error":"","level":"error","message":"Redis connection error","service":"vendorlink-api","timestamp":"2026-02-26T05:01:33.317Z"}
{"error":"","level":"error","message":"Redis connection error","service":"vendorlink-api","timestamp":"2026-02-26T05:01:33.824Z"}
{"error":"","level":"error","message":"Redis connection error","service":"vendorlink-api","timestamp":"2026-02-26T05:01:34.340Z"}
{"error":"","level":"error","message":"Redis connection error","service":"vendorlink-api","timestamp":"2026-02-26T05:01:34.857Z"}
{"error":"","level":"error","message":"Redis connection error","service":"vendorlink-api","timestamp":"2026-02-26T05:01:35.372Z"}
{"error":"","level":"error","message":"Redis connection error","service":"vendorlink-api","timestamp":"2026-02-26T05:01:35.885Z"}
{"error":"","level":"error","message":"Redis connection error","service":"vendorlink-api","timestamp":"2026-02-26T05:01:36.403Z"}
{"error":"","level":"error","message":"Redis connection error","service":"vendorlink-api","timestamp":"2026-02-26T05:01:36.919Z"}
{"error":"","level":"error","message":"Redis connection error","service":"vendorlink-api","timestamp":"2026-02-26T05:01:37.431Z"}
{"error":"","level":"error","message":"Redis connection error","service":"vendorlink-api","timestamp":"2026-02-26T05:01:37.947Z"}
{"error":"","level":"error","message":"Redis connection error","service":"vendorlink-api","timestamp":"2026-02-26T05:01:38.463Z"}
{"error":"","level":"error","message":"Redis connection error","service":"vendorlink-api","timestamp":"2026-02-26T05:01:38.979Z"}
{"error":"","level":"error","message":"Redis connection error","service":"vendorlink-api","timestamp":"2026-02-26T05:01:39.495Z"}
{"error":"","level":"error","message":"Redis connection error","service":"vendorlink-api","timestamp":"2026-02-26T05:01:40.011Z"}
{"error":"","level":"error","message":"Redis connection error","service":"vendorlink-api","timestamp":"2026-02-26T05:01:40.522Z"}
{"error":"","level":"error","message":"Redis connection error","service":"vendorlink-api","timestamp":"2026-02-26T05:01:41.037Z"}
{"error":"","level":"error","message":"Redis connection error","service":"vendorlink-api","timestamp":"2026-02-26T05:01:41.554Z"}
{"error":"","level":"error","message":"Redis connection error","service":"vendorlink-api","timestamp":"2026-02-26T05:01:42.070Z"}
{"error":"","level":"error","message":"Redis connection error","service":"vendorlink-api","timestamp":"2026-02-26T05:01:42.581Z"}
{"error":"","level":"error","message":"Redis connection error","service":"vendorlink-api","timestamp":"2026-02-26T05:01:43.095Z"}
{"error":"","level":"error","message":"Redis connection error","service":"vendorlink-api","timestamp":"2026-02-26T05:01:43.610Z"}
{"error":"","level":"error","message":"Redis connection error","service":"vendorlink-api","timestamp":"2026-02-26T05:01:44.124Z"}
{"error":"","level":"error","message":"Redis connection error","service":"vendorlink-api","timestamp":"2026-02-26T05:01:44.641Z"}
{"error":"","level":"error","message":"Redis connection error","service":"vendorlink-api","timestamp":"2026-02-26T05:01:45.156Z"}
{"error":"","level":"error","message":"Redis connection error","service":"vendorlink-api","timestamp":"2026-02-26T05:01:45.669Z"}
{"error":"","level":"error","message":"Redis connection error","service":"vendorlink-api","timestamp":"2026-02-26T05:01:46.184Z"}
{"error":"","level":"error","message":"Redis connection error","service":"vendorlink-api","timestamp":"2026-02-26T05:01:46.699Z"}
{"error":"","level":"error","message":"Redis connection error","service":"vendorlink-api","timestamp":"2026-02-26T05:01:47.213Z"}
{"error":"","level":"error","message":"Redis connection error","service":"vendorlink-api","timestamp":"2026-02-26T05:01:47.727Z"}
{"error":"","level":"error","message":"Redis connection error","service":"vendorlink-api","timestamp":"2026-02-26T05:01:48.243Z"}
{"error":"","level":"error","message":"Redis connection error","service":"vendorlink-api","timestamp":"2026-02-26T05:01:48.756Z"}
{"error":"","level":"error","message":"Redis connection error","service":"vendorlink-api","timestamp":"2026-02-26T05:01:49.268Z"}
{"error":"","level":"error","message":"Redis connection error","service":"vendorlink-api","timestamp":"2026-02-26T05:01:49.784Z"}
{"error":"","level":"error","message":"Redis connection error","service":"vendorlink-api","timestamp":"2026-02-26T05:01:50.297Z"}
{"error":"","level":"error","message":"Redis connection error","service":"vendorlink-api","timestamp":"2026-02-26T05:01:50.800Z"}
{"error":"","level":"error","message":"Redis connection error","service":"vendorlink-api","timestamp":"2026-02-26T05:01:51.310Z"}
{"error":"","level":"error","message":"Redis connection error","service":"vendorlink-api","timestamp":"2026-02-26T05:01:51.824Z"}
{"error":"","level":"error","message":"Redis connection error","service":"vendorlink-api","timestamp":"2026-02-26T05:01:52.335Z"}
{"error":"","level":"error","message":"Redis connection error","service":"vendorlink-api","timestamp":"2026-02-26T05:01:52.848Z"}
{"error":"","level":"error","message":"Redis connection error","service":"vendorlink-api","timestamp":"2026-02-26T05:01:53.365Z"}
{"error":"","level":"error","message":"Redis connection error","service":"vendorlink-api","timestamp":"2026-02-26T05:01:53.882Z"}
{"error":"","level":"error","message":"Redis connection error","service":"vendorlink-api","timestamp":"2026-02-26T05:01:54.396Z"}
{"error":"","level":"error","message":"Redis connection error","service":"vendorlink-api","timestamp":"2026-02-26T05:01:54.911Z"}
{"error":"","level":"error","message":"Redis connection error","service":"vendorlink-api","timestamp":"2026-02-26T05:01:55.425Z"}
{"error":"","level":"error","message":"Redis connection error","service":"vendorlink-api","timestamp":"2026-02-26T05:01:55.939Z"}
{"error":"","level":"error","message":"Redis connection error","service":"vendorlink-api","timestamp":"2026-02-26T05:01:56.454Z"}
{"error":"","level":"error","message":"Redis connection error","service":"vendorlink-api","timestamp":"2026-02-26T05:01:56.968Z"}
{"error":"","level":"error","message":"Redis connection error","service":"vendorlink-api","timestamp":"2026-02-26T05:01:57.483Z"}
{"error":"","level":"error","message":"Redis connection error","service":"vendorlink-api","timestamp":"2026-02-26T05:01:58.001Z"}
{"error":"","level":"error","message":"Redis connection error","service":"vendorlink-api","timestamp":"2026-02-26T05:01:58.521Z"}
{"error":"","level":"error","message":"Redis connection error","service":"vendorlink-api","timestamp":"2026-02-26T05:01:59.030Z"}
{"error":"","level":"error","message":"Redis connection error","service":"vendorlink-api","timestamp":"2026-02-26T05:01:59.532Z"}
{"error":"","level":"error","message":"Redis connection error","service":"vendorlink-api","timestamp":"2026-02-26T05:02:00.048Z"}
{"error":"","level":"error","message":"Redis connection error","service":"vendorlink-api","timestamp":"2026-02-26T05:02:00.563Z"}
{"error":"","level":"error","message":"Redis connection error","service":"vendorlink-api","timestamp":"2026-02-26T05:02:01.065Z"}
{"error":"","level":"error","message":"Redis connection error","service":"vendorlink-api","timestamp":"2026-02-26T05:02:01.582Z"}
{"error":"","level":"error","message":"Redis connection error","service":"vendorlink-api","timestamp":"2026-02-26T05:02:02.101Z"}
{"error":"","level":"error","message":"Redis connection error","service":"vendorlink-api","timestamp":"2026-02-26T05:02:02.619Z"}
{"error":"","level":"error","message":"Redis connection error","service":"vendorlink-api","timestamp":"2026-02-26T05:02:03.136Z"}
{"error":"","level":"error","message":"Redis connection error","service":"vendorlink-api","timestamp":"2026-02-26T05:02:03.652Z"}
{"error":"","level":"error","message":"Redis connection error","service":"vendorlink-api","timestamp":"2026-02-26T05:02:04.155Z"}
{"error":"","level":"error","message":"Redis connection error","service":"vendorlink-api","timestamp":"2026-02-26T05:02:04.657Z"}
{"error":"","level":"error","message":"Redis connection error","service":"vendorlink-api","timestamp":"2026-02-26T05:02:05.171Z"}
{"error":"","level":"error","message":"Redis connection error","service":"vendorlink-api","timestamp":"2026-02-26T05:02:05.685Z"}
{"error":"","level":"error","message":"Redis connection error","service":"vendorlink-api","timestamp":"2026-02-26T05:02:06.200Z"}
{"error":"","level":"error","message":"Redis connection error","service":"vendorlink-api","timestamp":"2026-02-26T05:02:06.718Z"}
{"error":"","level":"error","message":"Redis connection error","service":"vendorlink-api","timestamp":"2026-02-26T05:02:07.246Z"}
{"error":"","level":"error","message":"Redis connection error","service":"vendorlink-api","timestamp":"2026-02-26T05:02:07.748Z"}
{"error":"","level":"error","message":"Redis connection error","service":"vendorlink-api","timestamp":"2026-02-26T05:02:08.264Z"}
{"error":"","level":"error","message":"Redis connection error","service":"vendorlink-api","timestamp":"2026-02-26T05:02:08.779Z"}
{"error":"","level":"error","message":"Redis connection error","service":"vendorlink-api","timestamp":"2026-02-26T05:02:09.293Z"}
{"error":"","level":"error","message":"Redis connection error","service":"vendorlink-api","timestamp":"2026-02-26T05:02:09.810Z"}
{"error":"","level":"error","message":"Redis connection error","service":"vendorlink-api","timestamp":"2026-02-26T05:02:10.325Z"}
{"error":"","level":"error","message":"Redis connection error","service":"vendorlink-api","timestamp":"2026-02-26T05:02:10.829Z"}
{"error":"","level":"error","message":"Redis connection error","service":"vendorlink-api","timestamp":"2026-02-26T05:02:11.342Z"}
{"error":"","level":"error","message":"Redis connection error","service":"vendorlink-api","timestamp":"2026-02-26T05:02:11.858Z"}
{"error":"","level":"error","message":"Redis connection error","service":"vendorlink-api","timestamp":"2026-02-26T05:02:12.375Z"}
{"error":"","level":"error","message":"Redis connection error","service":"vendorlink-api","timestamp":"2026-02-26T05:02:12.889Z"}
{"error":"","level":"error","message":"Redis connection error","service":"vendorlink-api","timestamp":"2026-02-26T05:02:13.405Z"}
{"error":"","level":"error","message":"Redis connection error","service":"vendorlink-api","timestamp":"2026-02-26T05:02:13.930Z"}
{"error":"","level":"error","message":"Redis connection error","service":"vendorlink-api","timestamp":"2026-02-26T05:02:14.449Z"}
{"error":"","level":"error","message":"Redis connection error","service":"vendorlink-api","timestamp":"2026-02-26T05:02:14.967Z"}
{"error":"","level":"error","message":"Redis connection error","service":"vendorlink-api","timestamp":"2026-02-26T05:02:15.471Z"}
{"error":"","level":"error","message":"Redis connection error","service":"vendorlink-api","timestamp":"2026-02-26T05:02:15.987Z"}
{"error":"","level":"error","message":"Redis connection error","service":"vendorlink-api","timestamp":"2026-02-26T05:02:16.490Z"}
{"error":"","level":"error","message":"Redis connection error","service":"vendorlink-api","timestamp":"2026-02-26T05:02:17.004Z"}
{"error":"","level":"error","message":"Redis connection error","service":"vendorlink-api","timestamp":"2026-02-26T05:02:17.521Z"}
{"error":"","level":"error","message":"Redis connection error","service":"vendorlink-api","timestamp":"2026-02-26T05:02:18.031Z"}
{"error":"","level":"error","message":"Redis connection error","service":"vendorlink-api","timestamp":"2026-02-26T05:02:18.547Z"}
{"error":"","level":"error","message":"Redis connection error","service":"vendorlink-api","timestamp":"2026-02-26T05:02:19.064Z"}
{"error":"","level":"error","message":"Redis connection error","service":"vendorlink-api","timestamp":"2026-02-26T05:02:19.580Z"}
{"error":"","level":"error","message":"Redis connection error","service":"vendorlink-api","timestamp":"2026-02-26T05:02:20.094Z"}
{"error":"","level":"error","message":"Redis connection error","service":"vendorlink-api","timestamp":"2026-02-26T05:02:20.609Z"}
{"error":"","level":"error","message":"Redis connection error","service":"vendorlink-api","timestamp":"2026-02-26T05:02:21.127Z"}
{"error":"","level":"error","message":"Redis connection error","service":"vendorlink-api","timestamp":"2026-02-26T05:02:21.644Z"}
{"error":"","level":"error","message":"Redis connection error","service":"vendorlink-api","timestamp":"2026-02-26T05:02:22.160Z"}
{"error":"","level":"error","message":"Redis connection error","service":"vendorlink-api","timestamp":"2026-02-26T05:02:22.675Z"}
{"error":"","level":"error","message":"Redis connection error","service":"vendorlink-api","timestamp":"2026-02-26T05:02:23.189Z"}
{"error":"","level":"error","message":"Redis connection error","service":"vendorlink-api","timestamp":"2026-02-26T05:02:23.703Z"}
{"error":"","level":"error","message":"Redis connection error","service":"vendorlink-api","timestamp":"2026-02-26T05:02:24.219Z"}
{"error":"","level":"error","message":"Redis connection error","service":"vendorlink-api","timestamp":"2026-02-26T05:02:24.734Z"}
{"error":"","level":"error","message":"Redis connection error","service":"vendorlink-api","timestamp":"2026-02-26T05:02:25.248Z"}
{"error":"","level":"error","message":"Redis connection error","service":"vendorlink-api","timestamp":"2026-02-26T05:02:25.764Z"}
{"error":"","level":"error","message":"Redis connection error","service":"vendorlink-api","timestamp":"2026-02-26T05:02:26.280Z"}
{"error":"","level":"error","message":"Redis connection error","service":"vendorlink-api","timestamp":"2026-02-26T05:02:26.783Z"}
{"error":"","level":"error","message":"Redis connection error","service":"vendorlink-api","timestamp":"2026-02-26T05:02:27.297Z"}
{"error":"","level":"error","message":"Redis connection error","service":"vendorlink-api","timestamp":"2026-02-26T05:02:27.808Z"}
{"error":"","level":"error","message":"Redis connection error","service":"vendorlink-api","timestamp":"2026-02-26T05:02:28.314Z"}
{"error":"","level":"error","message":"Redis connection error","service":"vendorlink-api","timestamp":"2026-02-26T05:02:28.831Z"}
{"error":"","level":"error","message":"Redis connection error","service":"vendorlink-api","timestamp":"2026-02-26T05:02:29.346Z"}
{"error":"","level":"error","message":"Redis connection error","service":"vendorlink-api","timestamp":"2026-02-26T05:02:29.859Z"}
{"error":"","level":"error","message":"Redis connection error","service":"vendorlink-api","timestamp":"2026-02-26T05:02:30.373Z"}
{"error":"","level":"error","message":"Redis connection error","service":"vendorlink-api","timestamp":"2026-02-26T05:02:30.885Z"}
{"error":"","level":"error","message":"Redis connection error","service":"vendorlink-api","timestamp":"2026-02-26T05:02:31.402Z"}
{"error":"","level":"error","message":"Redis connection error","service":"vendorlink-api","timestamp":"2026-02-26T05:02:31.916Z"}
{"error":"","level":"error","message":"Redis connection error","service":"vendorlink-api","timestamp":"2026-02-26T05:02:32.419Z"}
{"error":"","level":"error","message":"Redis connection error","service":"vendorlink-api","timestamp":"2026-02-26T05:02:32.929Z"}
{"error":"","level":"error","message":"Redis connection error","service":"vendorlink-api","timestamp":"2026-02-26T05:02:33.444Z"}
{"error":"","level":"error","message":"Redis connection error","service":"vendorlink-api","timestamp":"2026-02-26T05:02:33.956Z"}
{"error":"","level":"error","message":"Redis connection error","service":"vendorlink-api","timestamp":"2026-02-26T05:02:34.470Z"}
{"error":"","level":"error","message":"Redis connection error","service":"vendorlink-api","timestamp":"2026-02-26T05:02:34.984Z"}
{"error":"","level":"error","message":"Redis connection error","service":"vendorlink-api","timestamp":"2026-02-26T05:02:35.498Z"}
{"error":"","level":"error","message":"Redis connection error","service":"vendorlink-api","timestamp":"2026-02-26T05:02:36.015Z"}
{"error":"","level":"error","message":"Redis connection error","service":"vendorlink-api","timestamp":"2026-02-26T05:02:36.519Z"}
{"error":"","level":"error","message":"Redis connection error","service":"vendorlink-api","timestamp":"2026-02-26T05:02:37.035Z"}
{"error":"","level":"error","message":"Redis connection error","service":"vendorlink-api","timestamp":"2026-02-26T05:02:37.552Z"}
{"error":"","level":"error","message":"Redis connection error","service":"vendorlink-api","timestamp":"2026-02-26T05:02:38.069Z"}
{"error":"","level":"error","message":"Redis connection error","service":"vendorlink-api","timestamp":"2026-02-26T05:02:38.585Z"}
{"error":"","level":"error","message":"Redis connection error","service":"vendorlink-api","timestamp":"2026-02-26T05:02:39.088Z"}
{"error":"","level":"error","message":"Redis connection error","service":"vendorlink-api","timestamp":"2026-02-26T05:02:39.606Z"}
{"error":"","level":"error","message":"Redis connection error","service":"vendorlink-api","timestamp":"2026-02-26T05:02:40.120Z"}
{"error":"","level":"error","message":"Redis connection error","service":"vendorlink-api","timestamp":"2026-02-26T05:02:40.633Z"}
{"error":"","level":"error","message":"Redis connection error","service":"vendorlink-api","timestamp":"2026-02-26T05:02:41.147Z"}
{"error":"","level":"error","message":"Redis connection error","service":"vendorlink-api","timestamp":"2026-02-26T05:02:41.663Z"}
{"error":"","level":"error","message":"Redis connection error","service":"vendorlink-api","timestamp":"2026-02-26T05:02:42.180Z"}
{"error":"","level":"error","message":"Redis connection error","service":"vendorlink-api","timestamp":"2026-02-26T05:02:42.693Z"}
{"error":"","level":"error","message":"Redis connection error","service":"vendorlink-api","timestamp":"2026-02-26T05:02:43.208Z"}
{"error":"","level":"error","message":"Redis connection error","service":"vendorlink-api","timestamp":"2026-02-26T05:02:43.723Z"}
{"error":"","level":"error","message":"Redis connection error","service":"vendorlink-api","timestamp":"2026-02-26T05:02:44.238Z"}
{"error":"","level":"error","message":"Redis connection error","service":"vendorlink-api","timestamp":"2026-02-26T05:02:44.752Z"}
{"error":"","level":"error","message":"Redis connection error","service":"vendorlink-api","timestamp":"2026-02-26T05:02:45.268Z"}
{"error":"","level":"error","message":"Redis connection error","service":"vendorlink-api","timestamp":"2026-02-26T05:02:45.785Z"}
{"error":"","level":"error","message":"Redis connection error","service":"vendorlink-api","timestamp":"2026-02-26T05:02:46.298Z"}
{"error":"","level":"error","message":"Redis connection error","service":"vendorlink-api","timestamp":"2026-02-26T05:02:46.813Z"}
{"error":"","level":"error","message":"Redis connection error","service":"vendorlink-api","timestamp":"2026-02-26T05:02:47.329Z"}
{"error":"","level":"error","message":"Redis connection error","service":"vendorlink-api","timestamp":"2026-02-26T05:02:47.845Z"}
{"error":"","level":"error","message":"Redis connection error","service":"vendorlink-api","timestamp":"2026-02-26T05:02:48.364Z"}
{"error":"","level":"error","message":"Redis connection error","service":"vendorlink-api","timestamp":"2026-02-26T05:02:48.879Z"}
{"error":"","level":"error","message":"Redis connection error","service":"vendorlink-api","timestamp":"2026-02-26T05:02:49.395Z"}
{"error":"","level":"error","message":"Redis connection error","service":"vendorlink-api","timestamp":"2026-02-26T05:02:49.911Z"}
{"error":"","level":"error","message":"Redis connection error","service":"vendorlink-api","timestamp":"2026-02-26T05:02:50.424Z"}
{"error":"","level":"error","message":"Redis connection error","service":"vendorlink-api","timestamp":"2026-02-26T05:02:50.930Z"}
{"error":"","level":"error","message":"Redis connection error","service":"vendorlink-api","timestamp":"2026-02-26T05:02:51.447Z"}
{"error":"","level":"error","message":"Redis connection error","service":"vendorlink-api","timestamp":"2026-02-26T05:02:51.965Z"}
{"error":"","level":"error","message":"Redis connection error","service":"vendorlink-api","timestamp":"2026-02-26T05:02:52.478Z"}
{"error":"","level":"error","message":"Redis connection error","service":"vendorlink-api","timestamp":"2026-02-26T05:02:52.992Z"}
{"error":"","level":"error","message":"Redis connection error","service":"vendorlink-api","timestamp":"2026-02-26T05:02:53.510Z"}
{"error":"","level":"error","message":"Redis connection error","service":"vendorlink-api","timestamp":"2026-02-26T05:02:54.029Z"}
{"error":"","level":"error","message":"Redis connection error","service":"vendorlink-api","timestamp":"2026-02-26T05:02:54.531Z"}
{"error":"","level":"error","message":"Redis connection error","service":"vendorlink-api","timestamp":"2026-02-26T05:02:55.044Z"}
{"error":"","level":"error","message":"Redis connection error","service":"vendorlink-api","timestamp":"2026-02-26T05:02:55.560Z"}
{"error":"","level":"error","message":"Redis connection error","service":"vendorlink-api","timestamp":"2026-02-26T05:02:56.076Z"}
{"error":"","level":"error","message":"Redis connection error","service":"vendorlink-api","timestamp":"2026-02-26T05:02:56.591Z"}
{"error":"","level":"error","message":"Redis connection error","service":"vendorlink-api","timestamp":"2026-02-26T05:02:57.108Z"}
{"error":"","level":"error","message":"Redis connection error","service":"vendorlink-api","timestamp":"2026-02-26T05:02:57.625Z"}
{"error":"","level":"error","message":"Redis connection error","service":"vendorlink-api","timestamp":"2026-02-26T05:02:58.132Z"}
{"error":"","level":"error","message":"Redis connection error","service":"vendorlink-api","timestamp":"2026-02-26T05:02:58.648Z"}
{"error":"","level":"error","message":"Redis connection error","service":"vendorlink-api","timestamp":"2026-02-26T05:02:59.164Z"}
{"error":"","level":"error","message":"Redis connection error","service":"vendorlink-api","timestamp":"2026-02-26T05:02:59.675Z"}
{"error":"","level":"error","message":"Redis connection error","service":"vendorlink-api","timestamp":"2026-02-26T05:03:00.191Z"}
{"error":"","level":"error","message":"Redis connection error","service":"vendorlink-api","timestamp":"2026-02-26T05:03:00.709Z"}
{"error":"","level":"error","message":"Redis connection error","service":"vendorlink-api","timestamp":"2026-02-26T05:03:01.219Z"}
{"error":"","level":"error","message":"Redis connection error","service":"vendorlink-api","timestamp":"2026-02-26T05:03:01.735Z"}
{"error":"","level":"error","message":"Redis connection error","service":"vendorlink-api","timestamp":"2026-02-26T05:03:02.238Z"}
{"error":"","level":"error","message":"Redis connection error","service":"vendorlink-api","timestamp":"2026-02-26T05:03:02.755Z"}
{"error":"","level":"error","message":"Redis connection error","service":"vendorlink-api","timestamp":"2026-02-26T05:03:03.269Z"}
{"error":"","level":"error","message":"Redis connection error","service":"vendorlink-api","timestamp":"2026-02-26T05:03:03.785Z"}
{"error":"","level":"error","message":"Redis connection error","service":"vendorlink-api","timestamp":"2026-02-26T05:03:04.289Z"}
{"error":"","level":"error","message":"Redis connection error","service":"vendorlink-api","timestamp":"2026-02-26T05:03:04.804Z"}
{"error":"","level":"error","message":"Redis connection error","service":"vendorlink-api","timestamp":"2026-02-26T05:03:05.318Z"}
{"error":"","level":"error","message":"Redis connection error","service":"vendorlink-api","timestamp":"2026-02-26T05:03:05.836Z"}
{"error":"","level":"error","message":"Redis connection error","service":"vendorlink-api","timestamp":"2026-02-26T05:03:06.353Z"}
{"error":"","level":"error","message":"Redis connection error","service":"vendorlink-api","timestamp":"2026-02-26T05:03:06.856Z"}
{"error":"","level":"error","message":"Redis connection error","service":"vendorlink-api","timestamp":"2026-02-26T05:03:07.371Z"}
{"error":"","level":"error","message":"Redis connection error","service":"vendorlink-api","timestamp":"2026-02-26T05:03:07.889Z"}
{"error":"","level":"error","message":"Redis connection error","service":"vendorlink-api","timestamp":"2026-02-26T05:03:08.404Z"}
{"error":"","level":"error","message":"Redis connection error","service":"vendorlink-api","timestamp":"2026-02-26T05:03:08.922Z"}
{"error":"","level":"error","message":"Redis connection error","service":"vendorlink-api","timestamp":"2026-02-26T05:03:09.438Z"}
{"error":"","level":"error","message":"Redis connection error","service":"vendorlink-api","timestamp":"2026-02-26T05:03:09.956Z"}
{"error":"","level":"error","message":"Redis connection error","service":"vendorlink-api","timestamp":"2026-02-26T05:03:10.469Z"}
{"error":"","level":"error","message":"Redis connection error","service":"vendorlink-api","timestamp":"2026-02-26T05:03:10.984Z"}
{"error":"","level":"error","message":"Redis connection error","service":"vendorlink-api","timestamp":"2026-02-26T05:03:11.486Z"}
{"error":"","level":"error","message":"Redis connection error","service":"vendorlink-api","timestamp":"2026-02-26T05:03:12.005Z"}
{"error":"","level":"error","message":"Redis connection error","service":"vendorlink-api","timestamp":"2026-02-26T05:03:12.508Z"}
{"error":"","level":"error","message":"Redis connection error","service":"vendorlink-api","timestamp":"2026-02-26T05:03:13.018Z"}
{"error":"","level":"error","message":"Redis connection error","service":"vendorlink-api","timestamp":"2026-02-26T05:03:13.522Z"}
{"error":"","level":"error","message":"Redis connection error","service":"vendorlink-api","timestamp":"2026-02-26T05:03:14.033Z"}
{"error":"","level":"error","message":"Redis connection error","service":"vendorlink-api","timestamp":"2026-02-26T05:03:14.558Z"}
{"error":"","level":"error","message":"Redis connection error","service":"vendorlink-api","timestamp":"2026-02-26T05:03:15.083Z"}
{"error":"","level":"error","message":"Redis connection error","service":"vendorlink-api","timestamp":"2026-02-26T05:03:15.599Z"}
{"error":"","level":"error","message":"Redis connection error","service":"vendorlink-api","timestamp":"2026-02-26T05:03:16.108Z"}
{"error":"","level":"error","message":"Redis connection error","service":"vendorlink-api","timestamp":"2026-02-26T05:03:16.613Z"}
{"error":"","level":"error","message":"Redis connection error","service":"vendorlink-api","timestamp":"2026-02-26T05:03:17.129Z"}
{"error":"","level":"error","message":"Redis connection error","service":"vendorlink-api","timestamp":"2026-02-26T05:03:17.647Z"}
{"error":"","level":"error","message":"Redis connection error","service":"vendorlink-api","timestamp":"2026-02-26T05:03:18.164Z"}
{"error":"","level":"error","message":"Redis connection error","service":"vendorlink-api","timestamp":"2026-02-26T05:03:18.666Z"}
{"error":"","level":"error","message":"Redis connection error","service":"vendorlink-api","timestamp":"2026-02-26T05:03:19.184Z"}
{"error":"","level":"error","message":"Redis connection error","service":"vendorlink-api","timestamp":"2026-02-26T05:03:19.699Z"}
{"error":"","level":"error","message":"Redis connection error","service":"vendorlink-api","timestamp":"2026-02-26T05:03:20.202Z"}
{"error":"","level":"error","message":"Redis connection error","service":"vendorlink-api","timestamp":"2026-02-26T05:03:20.715Z"}
{"error":"","level":"error","message":"Redis connection error","service":"vendorlink-api","timestamp":"2026-02-26T05:03:21.232Z"}
{"error":"","level":"error","message":"Redis connection error","service":"vendorlink-api","timestamp":"2026-02-26T05:03:21.748Z"}
{"error":"","level":"error","message":"Redis connection error","service":"vendorlink-api","timestamp":"2026-02-26T05:03:22.262Z"}
{"error":"","level":"error","message":"Redis connection error","service":"vendorlink-api","timestamp":"2026-02-26T05:03:22.776Z"}
{"error":"","level":"error","message":"Redis connection error","service":"vendorlink-api","timestamp":"2026-02-26T05:03:23.289Z"}
{"error":"","level":"error","message":"Redis connection error","service":"vendorlink-api","timestamp":"2026-02-26T05:03:23.806Z"}
{"error":"","level":"error","message":"Redis connection error","service":"vendorlink-api","timestamp":"2026-02-26T05:03:24.318Z"}
{"error":"","level":"error","message":"Redis connection error","service":"vendorlink-api","timestamp":"2026-02-26T05:03:24.833Z"}
{"error":"","level":"error","message":"Redis connection error","service":"vendorlink-api","timestamp":"2026-02-26T05:03:25.361Z"}
{"error":"","level":"error","message":"Redis connection error","service":"vendorlink-api","timestamp":"2026-02-26T05:03:25.875Z"}
{"error":"","level":"error","message":"Redis connection error","service":"vendorlink-api","timestamp":"2026-02-26T05:03:26.389Z"}
{"error":"","level":"error","message":"Redis connection error","service":"vendorlink-api","timestamp":"2026-02-26T05:03:26.905Z"}
{"error":"","level":"error","message":"Redis connection error","service":"vendorlink-api","timestamp":"2026-02-26T05:03:27.421Z"}
{"error":"","level":"error","message":"Redis connection error","service":"vendorlink-api","timestamp":"2026-02-26T05:03:27.933Z"}
{"error":"","level":"error","message":"Redis connection error","service":"vendorlink-api","timestamp":"2026-02-26T05:03:28.448Z"}
{"error":"","level":"error","message":"Redis connection error","service":"vendorlink-api","timestamp":"2026-02-26T05:03:28.960Z"}
{"error":"","level":"error","message":"Redis connection error","service":"vendorlink-api","timestamp":"2026-02-26T05:03:29.478Z"}
{"error":"","level":"error","message":"Redis connection error","service":"vendorlink-api","timestamp":"2026-02-26T05:03:29.995Z"}
{"error":"","level":"error","message":"Redis connection error","service":"vendorlink-api","timestamp":"2026-02-26T05:03:30.509Z"}
{"error":"","level":"error","message":"Redis connection error","service":"vendorlink-api","timestamp":"2026-02-26T05:03:31.026Z"}
{"error":"","level":"error","message":"Redis connection error","service":"vendorlink-api","timestamp":"2026-02-26T05:03:31.542Z"}
{"error":"","level":"error","message":"Redis connection error","service":"vendorlink-api","timestamp":"2026-02-26T05:03:32.054Z"}
{"error":"","level":"error","message":"Redis connection error","service":"vendorlink-api","timestamp":"2026-02-26T05:03:32.556Z"}
{"error":"","level":"error","message":"Redis connection error","service":"vendorlink-api","timestamp":"2026-02-26T05:03:33.070Z"}
{"error":"","level":"error","message":"Redis connection error","service":"vendorlink-api","timestamp":"2026-02-26T05:03:33.586Z"}
{"error":"","level":"error","message":"Redis connection error","service":"vendorlink-api","timestamp":"2026-02-26T05:03:34.098Z"}
{"error":"","level":"error","message":"Redis connection error","service":"vendorlink-api","timestamp":"2026-02-26T05:03:34.614Z"}
{"error":"","level":"error","message":"Redis connection error","service":"vendorlink-api","timestamp":"2026-02-26T05:03:35.131Z"}
{"error":"","level":"error","message":"Redis connection error","service":"vendorlink-api","timestamp":"2026-02-26T05:03:35.643Z"}
{"error":"","level":"error","message":"Redis connection error","service":"vendorlink-api","timestamp":"2026-02-26T05:03:36.155Z"}
{"error":"","level":"error","message":"Redis connection error","service":"vendorlink-api","timestamp":"2026-02-26T05:03:36.668Z"}
{"error":"","level":"error","message":"Redis connection error","service":"vendorlink-api","timestamp":"2026-02-26T05:03:37.182Z"}
{"error":"","level":"error","message":"Redis connection error","service":"vendorlink-api","timestamp":"2026-02-26T05:03:37.694Z"}
{"error":"","level":"error","message":"Redis connection error","service":"vendorlink-api","timestamp":"2026-02-26T05:03:38.209Z"}
{"error":"","level":"error","message":"Redis connection error","service":"vendorlink-api","timestamp":"2026-02-26T05:03:38.725Z"}
{"error":"","level":"error","message":"Redis connection error","service":"vendorlink-api","timestamp":"2026-02-26T05:03:39.240Z"}
{"error":"","level":"error","message":"Redis connection error","service":"vendorlink-api","timestamp":"2026-02-26T05:03:39.749Z"}
{"error":"","level":"error","message":"Redis connection error","service":"vendorlink-api","timestamp":"2026-02-26T05:03:40.266Z"}
{"error":"","level":"error","message":"Redis connection error","service":"vendorlink-api","timestamp":"2026-02-26T05:03:40.782Z"}
{"error":"","level":"error","message":"Redis connection error","service":"vendorlink-api","timestamp":"2026-02-26T05:03:41.298Z"}
{"error":"","level":"error","message":"Redis connection error","service":"vendorlink-api","timestamp":"2026-02-26T05:03:41.814Z"}
{"error":"","level":"error","message":"Redis connection error","service":"vendorlink-api","timestamp":"2026-02-26T05:03:42.331Z"}
{"error":"","level":"error","message":"Redis connection error","service":"vendorlink-api","timestamp":"2026-02-26T05:03:42.834Z"}
{"error":"","level":"error","message":"Redis connection error","service":"vendorlink-api","timestamp":"2026-02-26T05:03:43.347Z"}
{"error":"","level":"error","message":"Redis connection error","service":"vendorlink-api","timestamp":"2026-02-26T05:03:43.863Z"}
{"error":"","level":"error","message":"Redis connection error","service":"vendorlink-api","timestamp":"2026-02-26T05:03:44.376Z"}
{"level":"info","message":"🚀 Starting VendorLink Server...","service":"vendorlink-api","timestamp":"2026-02-26T05:04:01.732Z"}
{"level":"warn","message":"⚠️  Email credentials not configured - email service disabled","service":"vendorlink-api","timestamp":"2026-02-26T05:04:01.739Z"}
{"level":"info","message":"✅ Core services initialized","service":"vendorlink-api","timestamp":"2026-02-26T05:04:01.740Z"}
{"level":"info","message":"\n╔════════════════════════════════════════╗","service":"vendorlink-api","timestamp":"2026-02-26T05:04:01.777Z"}
{"level":"info","message":"║  ✔ VendorLink Server Running           ║","service":"vendorlink-api","timestamp":"2026-02-26T05:04:01.778Z"}
{"level":"info","message":"║  Port: 5000                              ║","service":"vendorlink-api","timestamp":"2026-02-26T05:04:01.778Z"}
{"level":"info","message":"║  Socket.IO: Enabled                    ║","service":"vendorlink-api","timestamp":"2026-02-26T05:04:01.779Z"}
{"level":"info","message":"║  Notifications: Active                 ║","service":"vendorlink-api","timestamp":"2026-02-26T05:04:01.780Z"}
{"level":"info","message":"║  API Docs: http://localhost:5000/api-docs   ║","service":"vendorlink-api","timestamp":"2026-02-26T05:04:01.780Z"}
{"level":"info","message":"╚════════════════════════════════════════╝\n","service":"vendorlink-api","timestamp":"2026-02-26T05:04:01.781Z"}
{"error":"time is not defined","level":"error","message":"❌ Uncaught Exception:","service":"vendorlink-api","timestamp":"2026-02-26T05:04:24.137Z"}
{"level":"info","message":"🚀 Starting VendorLink Server...","service":"vendorlink-api","timestamp":"2026-02-26T05:05:20.897Z"}
{"level":"warn","message":"⚠️  Email credentials not configured - email service disabled","service":"vendorlink-api","timestamp":"2026-02-26T05:05:20.904Z"}
{"level":"info","message":"✅ Core services initialized","service":"vendorlink-api","timestamp":"2026-02-26T05:05:20.905Z"}
{"level":"info","message":"\n╔════════════════════════════════════════╗","service":"vendorlink-api","timestamp":"2026-02-26T05:05:20.941Z"}
{"level":"info","message":"║  ✔ VendorLink Server Running           ║","service":"vendorlink-api","timestamp":"2026-02-26T05:05:20.942Z"}
{"level":"info","message":"║  Port: 5000                              ║","service":"vendorlink-api","timestamp":"2026-02-26T05:05:20.942Z"}
{"level":"info","message":"║  Socket.IO: Enabled                    ║","service":"vendorlink-api","timestamp":"2026-02-26T05:05:20.942Z"}
{"level":"info","message":"║  Notifications: Active                 ║","service":"vendorlink-api","timestamp":"2026-02-26T05:05:20.943Z"}
{"level":"info","message":"║  API Docs: http://localhost:5000/api-docs   ║","service":"vendorlink-api","timestamp":"2026-02-26T05:05:20.943Z"}
{"level":"info","message":"╚════════════════════════════════════════╝\n","service":"vendorlink-api","timestamp":"2026-02-26T05:05:20.943Z"}
{"error":"time is not defined","level":"error","message":"❌ Uncaught Exception:","service":"vendorlink-api","timestamp":"2026-02-26T05:05:35.351Z"}
{"level":"info","message":"🚀 Starting VendorLink Server...","service":"vendorlink-api","timestamp":"2026-02-26T05:06:26.993Z"}
{"level":"warn","message":"⚠️  Email credentials not configured - email service disabled","service":"vendorlink-api","timestamp":"2026-02-26T05:06:27.000Z"}
{"level":"info","message":"✅ Core services initialized","service":"vendorlink-api","timestamp":"2026-02-26T05:06:27.001Z"}
{"level":"info","message":"\n╔════════════════════════════════════════╗","service":"vendorlink-api","timestamp":"2026-02-26T05:06:27.039Z"}
{"level":"info","message":"║  ✔ VendorLink Server Running           ║","service":"vendorlink-api","timestamp":"2026-02-26T05:06:27.039Z"}
{"level":"info","message":"║  Port: 5000                              ║","service":"vendorlink-api","timestamp":"2026-02-26T05:06:27.040Z"}
{"level":"info","message":"║  Socket.IO: Enabled                    ║","service":"vendorlink-api","timestamp":"2026-02-26T05:06:27.040Z"}
{"level":"info","message":"║  Notifications: Active                 ║","service":"vendorlink-api","timestamp":"2026-02-26T05:06:27.041Z"}
{"level":"info","message":"║  API Docs: http://localhost:5000/api-docs   ║","service":"vendorlink-api","timestamp":"2026-02-26T05:06:27.042Z"}
{"level":"info","message":"╚════════════════════════════════════════╝\n","service":"vendorlink-api","timestamp":"2026-02-26T05:06:27.043Z"}
{"error":"time is not defined","level":"error","message":"❌ Uncaught Exception:","service":"vendorlink-api","timestamp":"2026-02-26T05:06:38.895Z"}
{"level":"info","message":"🚀 Starting VendorLink Server...","service":"vendorlink-api","timestamp":"2026-02-26T05:11:28.564Z"}
{"level":"warn","message":"⚠️  Email credentials not configured - email service disabled","service":"vendorlink-api","timestamp":"2026-02-26T05:11:28.572Z"}
{"level":"info","message":"✅ Core services initialized","service":"vendorlink-api","timestamp":"2026-02-26T05:11:28.572Z"}
{"level":"info","message":"\n╔════════════════════════════════════════╗","service":"vendorlink-api","timestamp":"2026-02-26T05:11:28.606Z"}
{"level":"info","message":"║  ✔ VendorLink Server Running           ║","service":"vendorlink-api","timestamp":"2026-02-26T05:11:28.606Z"}
{"level":"info","message":"║  Port: 5000                              ║","service":"vendorlink-api","timestamp":"2026-02-26T05:11:28.606Z"}
{"level":"info","message":"║  Socket.IO: Enabled                    ║","service":"vendorlink-api","timestamp":"2026-02-26T05:11:28.607Z"}
{"level":"info","message":"║  Notifications: Active                 ║","service":"vendorlink-api","timestamp":"2026-02-26T05:11:28.607Z"}
{"level":"info","message":"║  API Docs: http://localhost:5000/api-docs   ║","service":"vendorlink-api","timestamp":"2026-02-26T05:11:28.608Z"}
{"level":"info","message":"╚════════════════════════════════════════╝\n","service":"vendorlink-api","timestamp":"2026-02-26T05:11:28.608Z"}
{"error":"time is not defined","level":"error","message":"❌ Uncaught Exception:","service":"vendorlink-api","timestamp":"2026-02-26T05:11:38.809Z"}
{"level":"info","message":"🚀 Starting VendorLink Server...","service":"vendorlink-api","timestamp":"2026-02-26T05:14:32.807Z"}
{"level":"warn","message":"⚠️  Email credentials not configured - email service disabled","service":"vendorlink-api","timestamp":"2026-02-26T05:14:32.816Z"}
{"level":"info","message":"✅ Core services initialized","service":"vendorlink-api","timestamp":"2026-02-26T05:14:32.816Z"}
{"level":"info","message":"\n╔════════════════════════════════════════╗","service":"vendorlink-api","timestamp":"2026-02-26T05:14:32.852Z"}
{"level":"info","message":"║  ✔ VendorLink Server Running           ║","service":"vendorlink-api","timestamp":"2026-02-26T05:14:32.853Z"}
{"level":"info","message":"║  Port: 5000                              ║","service":"vendorlink-api","timestamp":"2026-02-26T05:14:32.854Z"}
{"level":"info","message":"║  Socket.IO: Enabled                    ║","service":"vendorlink-api","timestamp":"2026-02-26T05:14:32.854Z"}
{"level":"info","message":"║  Notifications: Active                 ║","service":"vendorlink-api","timestamp":"2026-02-26T05:14:32.855Z"}
{"level":"info","message":"║  API Docs: http://localhost:5000/api-docs   ║","service":"vendorlink-api","timestamp":"2026-02-26T05:14:32.855Z"}
{"level":"info","message":"╚════════════════════════════════════════╝\n","service":"vendorlink-api","timestamp":"2026-02-26T05:14:32.856Z"}
{"error":"time is not defined","level":"error","message":"❌ Uncaught Exception:","service":"vendorlink-api","timestamp":"2026-02-26T05:14:52.506Z"}
{"level":"info","message":"🚀 Starting VendorLink Server...","service":"vendorlink-api","timestamp":"2026-02-26T05:18:16.400Z"}
{"level":"warn","message":"⚠️  Email credentials not configured - email service disabled","service":"vendorlink-api","timestamp":"2026-02-26T05:18:16.418Z"}
{"level":"info","message":"✅ Core services initialized","service":"vendorlink-api","timestamp":"2026-02-26T05:18:16.419Z"}
{"level":"info","message":"\n╔════════════════════════════════════════╗","service":"vendorlink-api","timestamp":"2026-02-26T05:18:16.517Z"}
{"level":"info","message":"║  ✔ VendorLink Server Running           ║","service":"vendorlink-api","timestamp":"2026-02-26T05:18:16.518Z"}
{"level":"info","message":"║  Port: 5000                              ║","service":"vendorlink-api","timestamp":"2026-02-26T05:18:16.520Z"}
{"level":"info","message":"║  Socket.IO: Enabled                    ║","service":"vendorlink-api","timestamp":"2026-02-26T05:18:16.520Z"}
{"level":"info","message":"║  Notifications: Active                 ║","service":"vendorlink-api","timestamp":"2026-02-26T05:18:16.521Z"}
{"level":"info","message":"║  API Docs: http://localhost:5000/api-docs   ║","service":"vendorlink-api","timestamp":"2026-02-26T05:18:16.524Z"}
{"level":"info","message":"╚════════════════════════════════════════╝\n","service":"vendorlink-api","timestamp":"2026-02-26T05:18:16.525Z"}
{"level":"info","message":"🚀 Starting VendorLink Server...","service":"vendorlink-api","timestamp":"2026-02-26T05:24:04.470Z"}
{"level":"warn","message":"⚠️  Email credentials not configured - email service disabled","service":"vendorlink-api","timestamp":"2026-02-26T05:24:04.478Z"}
{"level":"info","message":"✅ Core services initialized","service":"vendorlink-api","timestamp":"2026-02-26T05:24:04.479Z"}
{"level":"info","message":"\n╔════════════════════════════════════════╗","service":"vendorlink-api","timestamp":"2026-02-26T05:24:04.512Z"}
{"level":"info","message":"║  ✔ VendorLink Server Running           ║","service":"vendorlink-api","timestamp":"2026-02-26T05:24:04.512Z"}
{"level":"info","message":"║  Port: 5000                              ║","service":"vendorlink-api","timestamp":"2026-02-26T05:24:04.512Z"}
{"level":"info","message":"║  Socket.IO: Enabled                    ║","service":"vendorlink-api","timestamp":"2026-02-26T05:24:04.513Z"}
{"level":"info","message":"║  Notifications: Active                 ║","service":"vendorlink-api","timestamp":"2026-02-26T05:24:04.513Z"}
{"level":"info","message":"║  API Docs: http://localhost:5000/api-docs   ║","service":"vendorlink-api","timestamp":"2026-02-26T05:24:04.513Z"}
{"level":"info","message":"╚════════════════════════════════════════╝\n","service":"vendorlink-api","timestamp":"2026-02-26T05:24:04.514Z"}
{"level":"info","message":"🚀 Starting VendorLink Server...","service":"vendorlink-api","timestamp":"2026-02-26T05:31:26.184Z"}
{"level":"warn","message":"⚠️  Email credentials not configured - email service disabled","service":"vendorlink-api","timestamp":"2026-02-26T05:31:26.191Z"}
{"level":"info","message":"✅ Core services initialized","service":"vendorlink-api","timestamp":"2026-02-26T05:31:26.192Z"}
{"level":"info","message":"\n╔════════════════════════════════════════╗","service":"vendorlink-api","timestamp":"2026-02-26T05:31:26.226Z"}
{"level":"info","message":"║  ✔ VendorLink Server Running           ║","service":"vendorlink-api","timestamp":"2026-02-26T05:31:26.226Z"}
{"level":"info","message":"║  Port: 5000                              ║","service":"vendorlink-api","timestamp":"2026-02-26T05:31:26.227Z"}
{"level":"info","message":"║  Socket.IO: Enabled                    ║","service":"vendorlink-api","timestamp":"2026-02-26T05:31:26.227Z"}
{"level":"info","message":"║  Notifications: Active                 ║","service":"vendorlink-api","timestamp":"2026-02-26T05:31:26.228Z"}
{"level":"info","message":"║  API Docs: http://localhost:5000/api-docs   ║","service":"vendorlink-api","timestamp":"2026-02-26T05:31:26.228Z"}
{"level":"info","message":"╚════════════════════════════════════════╝\n","service":"vendorlink-api","timestamp":"2026-02-26T05:31:26.229Z"}
{"level":"info","message":"🚀 Starting VendorLink Server...","service":"vendorlink-api","timestamp":"2026-02-26T05:31:37.444Z"}
{"level":"warn","message":"⚠️  Email credentials not configured - email service disabled","service":"vendorlink-api","timestamp":"2026-02-26T05:31:37.451Z"}
{"level":"info","message":"✅ Core services initialized","service":"vendorlink-api","timestamp":"2026-02-26T05:31:37.452Z"}
{"level":"info","message":"\n╔════════════════════════════════════════╗","service":"vendorlink-api","timestamp":"2026-02-26T05:31:37.488Z"}
{"level":"info","message":"║  ✔ VendorLink Server Running           ║","service":"vendorlink-api","timestamp":"2026-02-26T05:31:37.489Z"}
{"level":"info","message":"║  Port: 5000                              ║","service":"vendorlink-api","timestamp":"2026-02-26T05:31:37.489Z"}
{"level":"info","message":"║  Socket.IO: Enabled                    ║","service":"vendorlink-api","timestamp":"2026-02-26T05:31:37.489Z"}
{"level":"info","message":"║  Notifications: Active                 ║","service":"vendorlink-api","timestamp":"2026-02-26T05:31:37.490Z"}
{"level":"info","message":"║  API Docs: http://localhost:5000/api-docs   ║","service":"vendorlink-api","timestamp":"2026-02-26T05:31:37.490Z"}
{"level":"info","message":"╚════════════════════════════════════════╝\n","service":"vendorlink-api","timestamp":"2026-02-26T05:31:37.490Z"}
{"level":"info","message":"🚀 Starting VendorLink Server...","service":"vendorlink-api","timestamp":"2026-02-26T05:31:48.313Z"}
{"level":"warn","message":"⚠️  Email credentials not configured - email service disabled","service":"vendorlink-api","timestamp":"2026-02-26T05:31:48.323Z"}
{"level":"info","message":"✅ Core services initialized","service":"vendorlink-api","timestamp":"2026-02-26T05:31:48.324Z"}
{"level":"info","message":"\n╔════════════════════════════════════════╗","service":"vendorlink-api","timestamp":"2026-02-26T05:31:48.374Z"}
{"level":"info","message":"║  ✔ VendorLink Server Running           ║","service":"vendorlink-api","timestamp":"2026-02-26T05:31:48.375Z"}
{"level":"info","message":"║  Port: 5000                              ║","service":"vendorlink-api","timestamp":"2026-02-26T05:31:48.376Z"}
{"level":"info","message":"║  Socket.IO: Enabled                    ║","service":"vendorlink-api","timestamp":"2026-02-26T05:31:48.376Z"}
{"level":"info","message":"║  Notifications: Active                 ║","service":"vendorlink-api","timestamp":"2026-02-26T05:31:48.377Z"}
{"level":"info","message":"║  API Docs: http://localhost:5000/api-docs   ║","service":"vendorlink-api","timestamp":"2026-02-26T05:31:48.377Z"}
{"level":"info","message":"╚════════════════════════════════════════╝\n","service":"vendorlink-api","timestamp":"2026-02-26T05:31:48.378Z"}
{"level":"info","message":"🚀 Starting VendorLink Server...","service":"vendorlink-api","timestamp":"2026-02-26T05:32:05.553Z"}
{"level":"warn","message":"⚠️  Email credentials not configured - email service disabled","service":"vendorlink-api","timestamp":"2026-02-26T05:32:05.562Z"}
{"level":"info","message":"✅ Core services initialized","service":"vendorlink-api","timestamp":"2026-02-26T05:32:05.562Z"}
{"level":"info","message":"\n╔════════════════════════════════════════╗","service":"vendorlink-api","timestamp":"2026-02-26T05:32:05.604Z"}
{"level":"info","message":"║  ✔ VendorLink Server Running           ║","service":"vendorlink-api","timestamp":"2026-02-26T05:32:05.604Z"}
{"level":"info","message":"║  Port: 5000                              ║","service":"vendorlink-api","timestamp":"2026-02-26T05:32:05.605Z"}
{"level":"info","message":"║  Socket.IO: Enabled                    ║","service":"vendorlink-api","timestamp":"2026-02-26T05:32:05.605Z"}
{"level":"info","message":"║  Notifications: Active                 ║","service":"vendorlink-api","timestamp":"2026-02-26T05:32:05.606Z"}
{"level":"info","message":"║  API Docs: http://localhost:5000/api-docs   ║","service":"vendorlink-api","timestamp":"2026-02-26T05:32:05.606Z"}
{"level":"info","message":"╚════════════════════════════════════════╝\n","service":"vendorlink-api","timestamp":"2026-02-26T05:32:05.606Z"}
{"level":"info","message":"🚀 Starting VendorLink Server...","service":"vendorlink-api","timestamp":"2026-02-26T06:00:05.920Z"}
{"level":"warn","message":"⚠️  Email credentials not configured - email service disabled","service":"vendorlink-api","timestamp":"2026-02-26T06:00:05.955Z"}
{"level":"info","message":"✅ Core services initialized","service":"vendorlink-api","timestamp":"2026-02-26T06:00:05.957Z"}
{"level":"info","message":"\n╔════════════════════════════════════════╗","service":"vendorlink-api","timestamp":"2026-02-26T06:00:06.249Z"}
{"level":"info","message":"║  ✔ VendorLink Server Running           ║","service":"vendorlink-api","timestamp":"2026-02-26T06:00:06.250Z"}
{"level":"info","message":"║  Port: 5000                              ║","service":"vendorlink-api","timestamp":"2026-02-26T06:00:06.251Z"}
{"level":"info","message":"║  Socket.IO: Enabled                    ║","service":"vendorlink-api","timestamp":"2026-02-26T06:00:06.252Z"}
{"level":"info","message":"║  Notifications: Active                 ║","service":"vendorlink-api","timestamp":"2026-02-26T06:00:06.252Z"}
{"level":"info","message":"║  API Docs: http://localhost:5000/api-docs   ║","service":"vendorlink-api","timestamp":"2026-02-26T06:00:06.254Z"}
{"level":"info","message":"╚════════════════════════════════════════╝\n","service":"vendorlink-api","timestamp":"2026-02-26T06:00:06.255Z"}
{"level":"info","message":"🚀 Starting VendorLink Server...","service":"vendorlink-api","timestamp":"2026-02-26T06:00:48.566Z"}
{"level":"warn","message":"⚠️  Email credentials not configured - email service disabled","service":"vendorlink-api","timestamp":"2026-02-26T06:00:48.582Z"}
{"level":"info","message":"✅ Core services initialized","service":"vendorlink-api","timestamp":"2026-02-26T06:00:48.582Z"}
{"level":"info","message":"\n╔════════════════════════════════════════╗","service":"vendorlink-api","timestamp":"2026-02-26T06:00:48.695Z"}
{"level":"info","message":"║  ✔ VendorLink Server Running           ║","service":"vendorlink-api","timestamp":"2026-02-26T06:00:48.695Z"}
{"level":"info","message":"║  Port: 5000                              ║","service":"vendorlink-api","timestamp":"2026-02-26T06:00:48.696Z"}
{"level":"info","message":"║  Socket.IO: Enabled                    ║","service":"vendorlink-api","timestamp":"2026-02-26T06:00:48.696Z"}
{"level":"info","message":"║  Notifications: Active                 ║","service":"vendorlink-api","timestamp":"2026-02-26T06:00:48.697Z"}
{"level":"info","message":"║  API Docs: http://localhost:5000/api-docs   ║","service":"vendorlink-api","timestamp":"2026-02-26T06:00:48.697Z"}
{"level":"info","message":"╚════════════════════════════════════════╝\n","service":"vendorlink-api","timestamp":"2026-02-26T06:00:48.698Z"}
{"level":"info","message":"🚀 Starting VendorLink Server...","service":"vendorlink-api","timestamp":"2026-02-26T06:09:38.032Z"}
{"level":"warn","message":"⚠️  Email credentials not configured - email service disabled","service":"vendorlink-api","timestamp":"2026-02-26T06:09:38.040Z"}
{"level":"info","message":"✅ Core services initialized","service":"vendorlink-api","timestamp":"2026-02-26T06:09:38.040Z"}
{"level":"info","message":"\n╔════════════════════════════════════════╗","service":"vendorlink-api","timestamp":"2026-02-26T06:09:38.152Z"}
{"level":"info","message":"║  ✔ VendorLink Server Running           ║","service":"vendorlink-api","timestamp":"2026-02-26T06:09:38.153Z"}
{"level":"info","message":"║  Port: 5000                              ║","service":"vendorlink-api","timestamp":"2026-02-26T06:09:38.153Z"}
{"level":"info","message":"║  Socket.IO: Enabled                    ║","service":"vendorlink-api","timestamp":"2026-02-26T06:09:38.153Z"}
{"level":"info","message":"║  Notifications: Active                 ║","service":"vendorlink-api","timestamp":"2026-02-26T06:09:38.154Z"}
{"level":"info","message":"║  API Docs: http://localhost:5000/api-docs   ║","service":"vendorlink-api","timestamp":"2026-02-26T06:09:38.154Z"}
{"level":"info","message":"╚════════════════════════════════════════╝\n","service":"vendorlink-api","timestamp":"2026-02-26T06:09:38.154Z"}
{"level":"info","message":"🚀 Starting VendorLink Server...","service":"vendorlink-api","timestamp":"2026-02-26T06:14:47.240Z"}
{"level":"warn","message":"⚠️  Email credentials not configured - email service disabled","service":"vendorlink-api","timestamp":"2026-02-26T06:14:47.249Z"}
{"level":"info","message":"✅ Core services initialized","service":"vendorlink-api","timestamp":"2026-02-26T06:14:47.250Z"}
{"level":"info","message":"\n╔════════════════════════════════════════╗","service":"vendorlink-api","timestamp":"2026-02-26T06:14:47.402Z"}
{"level":"info","message":"║  ✔ VendorLink Server Running           ║","service":"vendorlink-api","timestamp":"2026-02-26T06:14:47.403Z"}
{"level":"info","message":"║  Port: 5000                              ║","service":"vendorlink-api","timestamp":"2026-02-26T06:14:47.404Z"}
{"level":"info","message":"║  Socket.IO: Enabled                    ║","service":"vendorlink-api","timestamp":"2026-02-26T06:14:47.404Z"}
{"level":"info","message":"║  Notifications: Active                 ║","service":"vendorlink-api","timestamp":"2026-02-26T06:14:47.405Z"}
{"level":"info","message":"║  API Docs: http://localhost:5000/api-docs   ║","service":"vendorlink-api","timestamp":"2026-02-26T06:14:47.405Z"}
{"level":"info","message":"╚════════════════════════════════════════╝\n","service":"vendorlink-api","timestamp":"2026-02-26T06:14:47.406Z"}
{"level":"info","message":"🚀 Starting VendorLink Server...","service":"vendorlink-api","timestamp":"2026-02-26T06:16:07.078Z"}
{"level":"warn","message":"⚠️  Email credentials not configured - email service disabled","service":"vendorlink-api","timestamp":"2026-02-26T06:16:07.085Z"}
{"level":"info","message":"✅ Core services initialized","service":"vendorlink-api","timestamp":"2026-02-26T06:16:07.085Z"}
{"level":"info","message":"\n╔════════════════════════════════════════╗","service":"vendorlink-api","timestamp":"2026-02-26T06:16:07.200Z"}
{"level":"info","message":"║  ✔ VendorLink Server Running           ║","service":"vendorlink-api","timestamp":"2026-02-26T06:16:07.201Z"}
{"level":"info","message":"║  Port: 5000                              ║","service":"vendorlink-api","timestamp":"2026-02-26T06:16:07.201Z"}
{"level":"info","message":"║  Socket.IO: Enabled                    ║","service":"vendorlink-api","timestamp":"2026-02-26T06:16:07.202Z"}
{"level":"info","message":"║  Notifications: Active                 ║","service":"vendorlink-api","timestamp":"2026-02-26T06:16:07.202Z"}
{"level":"info","message":"║  API Docs: http://localhost:5000/api-docs   ║","service":"vendorlink-api","timestamp":"2026-02-26T06:16:07.203Z"}
{"level":"info","message":"╚════════════════════════════════════════╝\n","service":"vendorlink-api","timestamp":"2026-02-26T06:16:07.204Z"}
{"level":"info","message":"🚀 Starting VendorLink Server...","service":"vendorlink-api","timestamp":"2026-02-26T06:17:06.474Z"}
{"level":"warn","message":"⚠️  Email credentials not configured - email service disabled","service":"vendorlink-api","timestamp":"2026-02-26T06:17:06.487Z"}
{"level":"info","message":"✅ Core services initialized","service":"vendorlink-api","timestamp":"2026-02-26T06:17:06.488Z"}
{"level":"info","message":"\n╔════════════════════════════════════════╗","service":"vendorlink-api","timestamp":"2026-02-26T06:17:06.683Z"}
{"level":"info","message":"║  ✔ VendorLink Server Running           ║","service":"vendorlink-api","timestamp":"2026-02-26T06:17:06.683Z"}
{"level":"info","message":"║  Port: 5000                              ║","service":"vendorlink-api","timestamp":"2026-02-26T06:17:06.684Z"}
{"level":"info","message":"║  Socket.IO: Enabled                    ║","service":"vendorlink-api","timestamp":"2026-02-26T06:17:06.684Z"}
{"level":"info","message":"║  Notifications: Active                 ║","service":"vendorlink-api","timestamp":"2026-02-26T06:17:06.685Z"}
{"level":"info","message":"║  API Docs: http://localhost:5000/api-docs   ║","service":"vendorlink-api","timestamp":"2026-02-26T06:17:06.685Z"}
{"level":"info","message":"╚════════════════════════════════════════╝\n","service":"vendorlink-api","timestamp":"2026-02-26T06:17:06.686Z"}
{"level":"info","message":"🚀 Starting VendorLink Server...","service":"vendorlink-api","timestamp":"2026-02-26T06:21:04.509Z"}
{"level":"warn","message":"⚠️  Email credentials not configured - email service disabled","service":"vendorlink-api","timestamp":"2026-02-26T06:21:04.515Z"}
{"level":"info","message":"✅ Core services initialized","service":"vendorlink-api","timestamp":"2026-02-26T06:21:04.515Z"}
{"level":"info","message":"\n╔════════════════════════════════════════╗","service":"vendorlink-api","timestamp":"2026-02-26T06:21:04.639Z"}
{"level":"info","message":"║  ✔ VendorLink Server Running           ║","service":"vendorlink-api","timestamp":"2026-02-26T06:21:04.639Z"}
{"level":"info","message":"║  Port: 5000                              ║","service":"vendorlink-api","timestamp":"2026-02-26T06:21:04.639Z"}
{"level":"info","message":"║  Socket.IO: Enabled                    ║","service":"vendorlink-api","timestamp":"2026-02-26T06:21:04.640Z"}
{"level":"info","message":"║  Notifications: Active                 ║","service":"vendorlink-api","timestamp":"2026-02-26T06:21:04.640Z"}
{"level":"info","message":"║  API Docs: http://localhost:5000/api-docs   ║","service":"vendorlink-api","timestamp":"2026-02-26T06:21:04.640Z"}
{"level":"info","message":"╚════════════════════════════════════════╝\n","service":"vendorlink-api","timestamp":"2026-02-26T06:21:04.640Z"}
{"level":"info","message":"🚀 Starting VendorLink Server...","service":"vendorlink-api","timestamp":"2026-02-26T06:22:19.762Z"}
{"level":"warn","message":"⚠️  Email credentials not configured - email service disabled","service":"vendorlink-api","timestamp":"2026-02-26T06:22:19.768Z"}
{"level":"info","message":"✅ Core services initialized","service":"vendorlink-api","timestamp":"2026-02-26T06:22:19.768Z"}
{"level":"info","message":"\n╔════════════════════════════════════════╗","service":"vendorlink-api","timestamp":"2026-02-26T06:22:19.869Z"}
{"level":"info","message":"║  ✔ VendorLink Server Running           ║","service":"vendorlink-api","timestamp":"2026-02-26T06:22:19.869Z"}
{"level":"info","message":"║  Port: 5000                              ║","service":"vendorlink-api","timestamp":"2026-02-26T06:22:19.869Z"}
{"level":"info","message":"║  Socket.IO: Enabled                    ║","service":"vendorlink-api","timestamp":"2026-02-26T06:22:19.869Z"}
{"level":"info","message":"║  Notifications: Active                 ║","service":"vendorlink-api","timestamp":"2026-02-26T06:22:19.870Z"}
{"level":"info","message":"║  API Docs: http://localhost:5000/api-docs   ║","service":"vendorlink-api","timestamp":"2026-02-26T06:22:19.870Z"}
{"level":"info","message":"╚════════════════════════════════════════╝\n","service":"vendorlink-api","timestamp":"2026-02-26T06:22:19.870Z"}
{"level":"info","message":"🚀 Starting VendorLink Server...","service":"vendorlink-api","timestamp":"2026-02-26T06:30:18.942Z"}
{"level":"warn","message":"⚠️  Email credentials not configured - email service disabled","service":"vendorlink-api","timestamp":"2026-02-26T06:30:18.948Z"}
{"level":"info","message":"✅ Core services initialized","service":"vendorlink-api","timestamp":"2026-02-26T06:30:18.948Z"}
{"level":"info","message":"\n╔════════════════════════════════════════╗","service":"vendorlink-api","timestamp":"2026-02-26T06:30:19.079Z"}
{"level":"info","message":"║  ✔ VendorLink Server Running           ║","service":"vendorlink-api","timestamp":"2026-02-26T06:30:19.079Z"}
{"level":"info","message":"║  Port: 5000                              ║","service":"vendorlink-api","timestamp":"2026-02-26T06:30:19.080Z"}
{"level":"info","message":"║  Socket.IO: Enabled                    ║","service":"vendorlink-api","timestamp":"2026-02-26T06:30:19.080Z"}
{"level":"info","message":"║  Notifications: Active                 ║","service":"vendorlink-api","timestamp":"2026-02-26T06:30:19.080Z"}
{"level":"info","message":"║  API Docs: http://localhost:5000/api-docs   ║","service":"vendorlink-api","timestamp":"2026-02-26T06:30:19.080Z"}
{"level":"info","message":"╚════════════════════════════════════════╝\n","service":"vendorlink-api","timestamp":"2026-02-26T06:30:19.080Z"}
{"level":"info","message":"🚀 Starting VendorLink Server...","service":"vendorlink-api","timestamp":"2026-02-26T06:30:30.824Z"}
{"level":"warn","message":"⚠️  Email credentials not configured - email service disabled","service":"vendorlink-api","timestamp":"2026-02-26T06:30:30.830Z"}
{"level":"info","message":"✅ Core services initialized","service":"vendorlink-api","timestamp":"2026-02-26T06:30:30.830Z"}
{"level":"info","message":"\n╔════════════════════════════════════════╗","service":"vendorlink-api","timestamp":"2026-02-26T06:30:30.947Z"}
{"level":"info","message":"║  ✔ VendorLink Server Running           ║","service":"vendorlink-api","timestamp":"2026-02-26T06:30:30.947Z"}
{"level":"info","message":"║  Port: 5000                              ║","service":"vendorlink-api","timestamp":"2026-02-26T06:30:30.947Z"}
{"level":"info","message":"║  Socket.IO: Enabled                    ║","service":"vendorlink-api","timestamp":"2026-02-26T06:30:30.948Z"}
{"level":"info","message":"║  Notifications: Active                 ║","service":"vendorlink-api","timestamp":"2026-02-26T06:30:30.948Z"}
{"level":"info","message":"║  API Docs: http://localhost:5000/api-docs   ║","service":"vendorlink-api","timestamp":"2026-02-26T06:30:30.948Z"}
{"level":"info","message":"╚════════════════════════════════════════╝\n","service":"vendorlink-api","timestamp":"2026-02-26T06:30:30.948Z"}
{"level":"info","message":"🚀 Starting VendorLink Server...","service":"vendorlink-api","timestamp":"2026-02-26T06:31:19.261Z"}
{"level":"warn","message":"⚠️  Email credentials not configured - email service disabled","service":"vendorlink-api","timestamp":"2026-02-26T06:31:19.273Z"}
{"level":"info","message":"✅ Core services initialized","service":"vendorlink-api","timestamp":"2026-02-26T06:31:19.274Z"}
{"level":"info","message":"\n╔════════════════════════════════════════╗","service":"vendorlink-api","timestamp":"2026-02-26T06:31:19.431Z"}
{"level":"info","message":"║  ✔ VendorLink Server Running           ║","service":"vendorlink-api","timestamp":"2026-02-26T06:31:19.431Z"}
{"level":"info","message":"║  Port: 5000                              ║","service":"vendorlink-api","timestamp":"2026-02-26T06:31:19.431Z"}
{"level":"info","message":"║  Socket.IO: Enabled                    ║","service":"vendorlink-api","timestamp":"2026-02-26T06:31:19.431Z"}
{"level":"info","message":"║  Notifications: Active                 ║","service":"vendorlink-api","timestamp":"2026-02-26T06:31:19.432Z"}
{"level":"info","message":"║  API Docs: http://localhost:5000/api-docs   ║","service":"vendorlink-api","timestamp":"2026-02-26T06:31:19.432Z"}
{"level":"info","message":"╚════════════════════════════════════════╝\n","service":"vendorlink-api","timestamp":"2026-02-26T06:31:19.432Z"}
{"level":"info","message":"🚀 Starting VendorLink Server...","service":"vendorlink-api","timestamp":"2026-02-26T06:31:34.004Z"}
{"level":"warn","message":"⚠️  Email credentials not configured - email service disabled","service":"vendorlink-api","timestamp":"2026-02-26T06:31:34.011Z"}
{"level":"info","message":"✅ Core services initialized","service":"vendorlink-api","timestamp":"2026-02-26T06:31:34.011Z"}
{"level":"info","message":"\n╔════════════════════════════════════════╗","service":"vendorlink-api","timestamp":"2026-02-26T06:31:34.121Z"}
{"level":"info","message":"║  ✔ VendorLink Server Running           ║","service":"vendorlink-api","timestamp":"2026-02-26T06:31:34.122Z"}
{"level":"info","message":"║  Port: 5000                              ║","service":"vendorlink-api","timestamp":"2026-02-26T06:31:34.122Z"}
{"level":"info","message":"║  Socket.IO: Enabled                    ║","service":"vendorlink-api","timestamp":"2026-02-26T06:31:34.123Z"}
{"level":"info","message":"║  Notifications: Active                 ║","service":"vendorlink-api","timestamp":"2026-02-26T06:31:34.123Z"}
{"level":"info","message":"║  API Docs: http://localhost:5000/api-docs   ║","service":"vendorlink-api","timestamp":"2026-02-26T06:31:34.123Z"}
{"level":"info","message":"╚════════════════════════════════════════╝\n","service":"vendorlink-api","timestamp":"2026-02-26T06:31:34.123Z"}
{"error":{"message":"Expected property name or '}' in JSON at position 1 (line 1 column 2)","stack":"SyntaxError: Expected property name or '}' in JSON at position 1 (line 1 column 2)\n    at JSON.parse (<anonymous>)\n    at parse (C:\\Users\\SOHAM\\Downloads\\VendorLink_Project-main\\VendorLink_Project-main\\server\\node_modules\\body-parser\\lib\\types\\json.js:92:19)\n    at C:\\Users\\SOHAM\\Downloads\\VendorLink_Project-main\\VendorLink_Project-main\\server\\node_modules\\body-parser\\lib\\read.js:128:18\n    at AsyncResource.runInAsyncScope (node:async_hooks:213:14)\n    at invokeCallback (C:\\Users\\SOHAM\\Downloads\\VendorLink_Project-main\\VendorLink_Project-main\\server\\node_modules\\raw-body\\index.js:238:16)\n    at done (C:\\Users\\SOHAM\\Downloads\\VendorLink_Project-main\\VendorLink_Project-main\\server\\node_modules\\raw-body\\index.js:227:7)\n    at IncomingMessage.onEnd (C:\\Users\\SOHAM\\Downloads\\VendorLink_Project-main\\VendorLink_Project-main\\server\\node_modules\\raw-body\\index.js:287:7)\n    at IncomingMessage.emit (node:events:508:28)\n    at endReadableNT (node:internal/streams/readable:1701:12)\n    at process.processTicksAndRejections (node:internal/process/task_queues:89:21)","statusCode":400},"level":"error","message":"Expected property name or '}' in JSON at position 1 (line 1 column 2)","request":{"ip":"::1","method":"POST","url":"/api/payments/create-order"},"service":"vendorlink-api","timestamp":"2026-02-26T06:33:25.539Z"}
{"error":{"message":"Expected property name or '}' in JSON at position 1 (line 1 column 2)","stack":"SyntaxError: Expected property name or '}' in JSON at position 1 (line 1 column 2)\n    at JSON.parse (<anonymous>)\n    at parse (C:\\Users\\SOHAM\\Downloads\\VendorLink_Project-main\\VendorLink_Project-main\\server\\node_modules\\body-parser\\lib\\types\\json.js:92:19)\n    at C:\\Users\\SOHAM\\Downloads\\VendorLink_Project-main\\VendorLink_Project-main\\server\\node_modules\\body-parser\\lib\\read.js:128:18\n    at AsyncResource.runInAsyncScope (node:async_hooks:213:14)\n    at invokeCallback (C:\\Users\\SOHAM\\Downloads\\VendorLink_Project-main\\VendorLink_Project-main\\server\\node_modules\\raw-body\\index.js:238:16)\n    at done (C:\\Users\\SOHAM\\Downloads\\VendorLink_Project-main\\VendorLink_Project-main\\server\\node_modules\\raw-body\\index.js:227:7)\n    at IncomingMessage.onEnd (C:\\Users\\SOHAM\\Downloads\\VendorLink_Project-main\\VendorLink_Project-main\\server\\node_modules\\raw-body\\index.js:287:7)\n    at IncomingMessage.emit (node:events:508:28)\n    at endReadableNT (node:internal/streams/readable:1701:12)\n    at process.processTicksAndRejections (node:internal/process/task_queues:89:21)","statusCode":400},"level":"error","message":"Expected property name or '}' in JSON at position 1 (line 1 column 2)","request":{"ip":"::1","method":"POST","url":"/api/payments/create-order"},"service":"vendorlink-api","timestamp":"2026-02-26T06:34:23.194Z"}
{"level":"info","message":"🚀 Starting VendorLink Server...","service":"vendorlink-api","timestamp":"2026-02-26T06:38:34.402Z"}
{"level":"warn","message":"⚠️  Email credentials not configured - email service disabled","service":"vendorlink-api","timestamp":"2026-02-26T06:38:34.410Z"}
{"level":"info","message":"✅ Core services initialized","service":"vendorlink-api","timestamp":"2026-02-26T06:38:34.411Z"}
{"level":"info","message":"\n╔════════════════════════════════════════╗","service":"vendorlink-api","timestamp":"2026-02-26T06:38:34.565Z"}
{"level":"info","message":"║  ✔ VendorLink Server Running           ║","service":"vendorlink-api","timestamp":"2026-02-26T06:38:34.565Z"}
{"level":"info","message":"║  Port: 5000                              ║","service":"vendorlink-api","timestamp":"2026-02-26T06:38:34.566Z"}
{"level":"info","message":"║  Socket.IO: Enabled                    ║","service":"vendorlink-api","timestamp":"2026-02-26T06:38:34.566Z"}
{"level":"info","message":"║  Notifications: Active                 ║","service":"vendorlink-api","timestamp":"2026-02-26T06:38:34.566Z"}
{"level":"info","message":"║  API Docs: http://localhost:5000/api-docs   ║","service":"vendorlink-api","timestamp":"2026-02-26T06:38:34.566Z"}
{"level":"info","message":"╚════════════════════════════════════════╝\n","service":"vendorlink-api","timestamp":"2026-02-26T06:38:34.566Z"}
{"level":"info","message":"🚀 Starting VendorLink Server...","service":"vendorlink-api","timestamp":"2026-02-26T06:38:55.128Z"}
{"level":"warn","message":"⚠️  Email credentials not configured - email service disabled","service":"vendorlink-api","timestamp":"2026-02-26T06:38:55.138Z"}
{"level":"info","message":"✅ Core services initialized","service":"vendorlink-api","timestamp":"2026-02-26T06:38:55.138Z"}
{"level":"info","message":"\n╔════════════════════════════════════════╗","service":"vendorlink-api","timestamp":"2026-02-26T06:38:55.302Z"}
{"level":"info","message":"║  ✔ VendorLink Server Running           ║","service":"vendorlink-api","timestamp":"2026-02-26T06:38:55.302Z"}
{"level":"info","message":"║  Port: 5000                              ║","service":"vendorlink-api","timestamp":"2026-02-26T06:38:55.302Z"}
{"level":"info","message":"║  Socket.IO: Enabled                    ║","service":"vendorlink-api","timestamp":"2026-02-26T06:38:55.302Z"}
{"level":"info","message":"║  Notifications: Active                 ║","service":"vendorlink-api","timestamp":"2026-02-26T06:38:55.303Z"}
{"level":"info","message":"║  API Docs: http://localhost:5000/api-docs   ║","service":"vendorlink-api","timestamp":"2026-02-26T06:38:55.303Z"}
{"level":"info","message":"╚════════════════════════════════════════╝\n","service":"vendorlink-api","timestamp":"2026-02-26T06:38:55.303Z"}
{"level":"info","message":"🚀 Starting VendorLink Server...","service":"vendorlink-api","timestamp":"2026-02-26T06:39:04.049Z"}
{"level":"warn","message":"⚠️  Email credentials not configured - email service disabled","service":"vendorlink-api","timestamp":"2026-02-26T06:39:04.058Z"}
{"level":"info","message":"✅ Core services initialized","service":"vendorlink-api","timestamp":"2026-02-26T06:39:04.058Z"}
{"level":"info","message":"\n╔════════════════════════════════════════╗","service":"vendorlink-api","timestamp":"2026-02-26T06:39:04.162Z"}
{"level":"info","message":"║  ✔ VendorLink Server Running           ║","service":"vendorlink-api","timestamp":"2026-02-26T06:39:04.162Z"}
{"level":"info","message":"║  Port: 5000                              ║","service":"vendorlink-api","timestamp":"2026-02-26T06:39:04.162Z"}
{"level":"info","message":"║  Socket.IO: Enabled                    ║","service":"vendorlink-api","timestamp":"2026-02-26T06:39:04.163Z"}
{"level":"info","message":"║  Notifications: Active                 ║","service":"vendorlink-api","timestamp":"2026-02-26T06:39:04.163Z"}
{"level":"info","message":"║  API Docs: http://localhost:5000/api-docs   ║","service":"vendorlink-api","timestamp":"2026-02-26T06:39:04.163Z"}
{"level":"info","message":"╚════════════════════════════════════════╝\n","service":"vendorlink-api","timestamp":"2026-02-26T06:39:04.163Z"}
{"level":"info","message":"🚀 Starting VendorLink Server...","service":"vendorlink-api","timestamp":"2026-02-26T06:39:09.851Z"}
{"level":"warn","message":"⚠️  Email credentials not configured - email service disabled","service":"vendorlink-api","timestamp":"2026-02-26T06:39:09.860Z"}
{"level":"info","message":"✅ Core services initialized","service":"vendorlink-api","timestamp":"2026-02-26T06:39:09.861Z"}
{"level":"info","message":"\n╔════════════════════════════════════════╗","service":"vendorlink-api","timestamp":"2026-02-26T06:39:09.997Z"}
{"level":"info","message":"║  ✔ VendorLink Server Running           ║","service":"vendorlink-api","timestamp":"2026-02-26T06:39:09.997Z"}
{"level":"info","message":"║  Port: 5000                              ║","service":"vendorlink-api","timestamp":"2026-02-26T06:39:09.998Z"}
{"level":"info","message":"║  Socket.IO: Enabled                    ║","service":"vendorlink-api","timestamp":"2026-02-26T06:39:09.998Z"}
{"level":"info","message":"║  Notifications: Active                 ║","service":"vendorlink-api","timestamp":"2026-02-26T06:39:09.998Z"}
{"level":"info","message":"║  API Docs: http://localhost:5000/api-docs   ║","service":"vendorlink-api","timestamp":"2026-02-26T06:39:09.998Z"}
{"level":"info","message":"╚════════════════════════════════════════╝\n","service":"vendorlink-api","timestamp":"2026-02-26T06:39:09.999Z"}
{"level":"info","message":"🚀 Starting VendorLink Server...","service":"vendorlink-api","timestamp":"2026-02-26T06:39:32.642Z"}
{"level":"warn","message":"⚠️  Email credentials not configured - email service disabled","service":"vendorlink-api","timestamp":"2026-02-26T06:39:32.650Z"}
{"level":"info","message":"✅ Core services initialized","service":"vendorlink-api","timestamp":"2026-02-26T06:39:32.651Z"}
{"level":"info","message":"\n╔════════════════════════════════════════╗","service":"vendorlink-api","timestamp":"2026-02-26T06:39:32.787Z"}
{"level":"info","message":"║  ✔ VendorLink Server Running           ║","service":"vendorlink-api","timestamp":"2026-02-26T06:39:32.787Z"}
{"level":"info","message":"║  Port: 5000                              ║","service":"vendorlink-api","timestamp":"2026-02-26T06:39:32.787Z"}
{"level":"info","message":"║  Socket.IO: Enabled                    ║","service":"vendorlink-api","timestamp":"2026-02-26T06:39:32.788Z"}
{"level":"info","message":"║  Notifications: Active                 ║","service":"vendorlink-api","timestamp":"2026-02-26T06:39:32.788Z"}
{"level":"info","message":"║  API Docs: http://localhost:5000/api-docs   ║","service":"vendorlink-api","timestamp":"2026-02-26T06:39:32.788Z"}
{"level":"info","message":"╚════════════════════════════════════════╝\n","service":"vendorlink-api","timestamp":"2026-02-26T06:39:32.788Z"}
{"error":{"message":"Expected property name or '}' in JSON at position 1 (line 1 column 2)","stack":"SyntaxError: Expected property name or '}' in JSON at position 1 (line 1 column 2)\n    at JSON.parse (<anonymous>)\n    at parse (C:\\Users\\SOHAM\\Downloads\\VendorLink_Project-main\\VendorLink_Project-main\\server\\node_modules\\body-parser\\lib\\types\\json.js:92:19)\n    at C:\\Users\\SOHAM\\Downloads\\VendorLink_Project-main\\VendorLink_Project-main\\server\\node_modules\\body-parser\\lib\\read.js:128:18\n    at AsyncResource.runInAsyncScope (node:async_hooks:213:14)\n    at invokeCallback (C:\\Users\\SOHAM\\Downloads\\VendorLink_Project-main\\VendorLink_Project-main\\server\\node_modules\\raw-body\\index.js:238:16)\n    at done (C:\\Users\\SOHAM\\Downloads\\VendorLink_Project-main\\VendorLink_Project-main\\server\\node_modules\\raw-body\\index.js:227:7)\n    at IncomingMessage.onEnd (C:\\Users\\SOHAM\\Downloads\\VendorLink_Project-main\\VendorLink_Project-main\\server\\node_modules\\raw-body\\index.js:287:7)\n    at IncomingMessage.emit (node:events:508:28)\n    at endReadableNT (node:internal/streams/readable:1701:12)\n    at process.processTicksAndRejections (node:internal/process/task_queues:89:21)","statusCode":400},"level":"error","message":"Expected property name or '}' in JSON at position 1 (line 1 column 2)","request":{"ip":"::1","method":"POST","url":"/api/orders"},"service":"vendorlink-api","timestamp":"2026-02-26T06:42:33.122Z"}
{"error":{"message":"Expected property name or '}' in JSON at position 1 (line 1 column 2)","stack":"SyntaxError: Expected property name or '}' in JSON at position 1 (line 1 column 2)\n    at JSON.parse (<anonymous>)\n    at parse (C:\\Users\\SOHAM\\Downloads\\VendorLink_Project-main\\VendorLink_Project-main\\server\\node_modules\\body-parser\\lib\\types\\json.js:92:19)\n    at C:\\Users\\SOHAM\\Downloads\\VendorLink_Project-main\\VendorLink_Project-main\\server\\node_modules\\body-parser\\lib\\read.js:128:18\n    at AsyncResource.runInAsyncScope (node:async_hooks:213:14)\n    at invokeCallback (C:\\Users\\SOHAM\\Downloads\\VendorLink_Project-main\\VendorLink_Project-main\\server\\node_modules\\raw-body\\index.js:238:16)\n    at done (C:\\Users\\SOHAM\\Downloads\\VendorLink_Project-main\\VendorLink_Project-main\\server\\node_modules\\raw-body\\index.js:227:7)\n    at IncomingMessage.onEnd (C:\\Users\\SOHAM\\Downloads\\VendorLink_Project-main\\VendorLink_Project-main\\server\\node_modules\\raw-body\\index.js:287:7)\n    at IncomingMessage.emit (node:events:508:28)\n    at endReadableNT (node:internal/streams/readable:1701:12)\n    at process.processTicksAndRejections (node:internal/process/task_queues:89:21)","statusCode":400},"level":"error","message":"Expected property name or '}' in JSON at position 1 (line 1 column 2)","request":{"ip":"::1","method":"POST","url":"/api/orders"},"service":"vendorlink-api","timestamp":"2026-02-26T06:42:42.483Z"}
{"error":{"message":"Expected property name or '}' in JSON at position 1 (line 1 column 2)","stack":"SyntaxError: Expected property name or '}' in JSON at position 1 (line 1 column 2)\n    at JSON.parse (<anonymous>)\n    at parse (C:\\Users\\SOHAM\\Downloads\\VendorLink_Project-main\\VendorLink_Project-main\\server\\node_modules\\body-parser\\lib\\types\\json.js:92:19)\n    at C:\\Users\\SOHAM\\Downloads\\VendorLink_Project-main\\VendorLink_Project-main\\server\\node_modules\\body-parser\\lib\\read.js:128:18\n    at AsyncResource.runInAsyncScope (node:async_hooks:213:14)\n    at invokeCallback (C:\\Users\\SOHAM\\Downloads\\VendorLink_Project-main\\VendorLink_Project-main\\server\\node_modules\\raw-body\\index.js:238:16)\n    at done (C:\\Users\\SOHAM\\Downloads\\VendorLink_Project-main\\VendorLink_Project-main\\server\\node_modules\\raw-body\\index.js:227:7)\n    at IncomingMessage.onEnd (C:\\Users\\SOHAM\\Downloads\\VendorLink_Project-main\\VendorLink_Project-main\\server\\node_modules\\raw-body\\index.js:287:7)\n    at IncomingMessage.emit (node:events:508:28)\n    at endReadableNT (node:internal/streams/readable:1701:12)\n    at process.processTicksAndRejections (node:internal/process/task_queues:89:21)","statusCode":400},"level":"error","message":"Expected property name or '}' in JSON at position 1 (line 1 column 2)","request":{"ip":"::1","method":"POST","url":"/api/payments/create-order"},"service":"vendorlink-api","timestamp":"2026-02-26T06:45:10.359Z"}
{"level":"info","message":"🚀 Starting VendorLink Server...","service":"vendorlink-api","timestamp":"2026-02-26T06:50:35.670Z"}
{"level":"warn","message":"⚠️  Email credentials not configured - email service disabled","service":"vendorlink-api","timestamp":"2026-02-26T06:50:35.682Z"}
{"level":"info","message":"✅ Core services initialized","service":"vendorlink-api","timestamp":"2026-02-26T06:50:35.683Z"}
{"level":"info","message":"\n╔════════════════════════════════════════╗","service":"vendorlink-api","timestamp":"2026-02-26T06:50:35.876Z"}
{"level":"info","message":"║  ✔ VendorLink Server Running           ║","service":"vendorlink-api","timestamp":"2026-02-26T06:50:35.876Z"}
{"level":"info","message":"║  Port: 5000                              ║","service":"vendorlink-api","timestamp":"2026-02-26T06:50:35.877Z"}
{"level":"info","message":"║  Socket.IO: Enabled                    ║","service":"vendorlink-api","timestamp":"2026-02-26T06:50:35.878Z"}
{"level":"info","message":"║  Notifications: Active                 ║","service":"vendorlink-api","timestamp":"2026-02-26T06:50:35.878Z"}
{"level":"info","message":"║  API Docs: http://localhost:5000/api-docs   ║","service":"vendorlink-api","timestamp":"2026-02-26T06:50:35.878Z"}
{"level":"info","message":"╚════════════════════════════════════════╝\n","service":"vendorlink-api","timestamp":"2026-02-26T06:50:35.878Z"}
{"level":"info","message":"🚀 Starting VendorLink Server...","service":"vendorlink-api","timestamp":"2026-02-26T06:51:52.211Z"}
{"level":"warn","message":"⚠️  Email credentials not configured - email service disabled","service":"vendorlink-api","timestamp":"2026-02-26T06:51:52.220Z"}
{"level":"info","message":"✅ Core services initialized","service":"vendorlink-api","timestamp":"2026-02-26T06:51:52.220Z"}
{"level":"info","message":"\n╔════════════════════════════════════════╗","service":"vendorlink-api","timestamp":"2026-02-26T06:51:52.378Z"}
{"level":"info","message":"║  ✔ VendorLink Server Running           ║","service":"vendorlink-api","timestamp":"2026-02-26T06:51:52.379Z"}
{"level":"info","message":"║  Port: 5000                              ║","service":"vendorlink-api","timestamp":"2026-02-26T06:51:52.379Z"}
{"level":"info","message":"║  Socket.IO: Enabled                    ║","service":"vendorlink-api","timestamp":"2026-02-26T06:51:52.379Z"}
{"level":"info","message":"║  Notifications: Active                 ║","service":"vendorlink-api","timestamp":"2026-02-26T06:51:52.380Z"}
{"level":"info","message":"║  API Docs: http://localhost:5000/api-docs   ║","service":"vendorlink-api","timestamp":"2026-02-26T06:51:52.380Z"}
{"level":"info","message":"╚════════════════════════════════════════╝\n","service":"vendorlink-api","timestamp":"2026-02-26T06:51:52.380Z"}
{"level":"info","message":"🚀 Starting VendorLink Server...","service":"vendorlink-api","timestamp":"2026-02-26T06:51:58.104Z"}
{"level":"warn","message":"⚠️  Email credentials not configured - email service disabled","service":"vendorlink-api","timestamp":"2026-02-26T06:51:58.125Z"}
{"level":"info","message":"✅ Core services initialized","service":"vendorlink-api","timestamp":"2026-02-26T06:51:58.126Z"}
{"level":"info","message":"\n╔════════════════════════════════════════╗","service":"vendorlink-api","timestamp":"2026-02-26T06:51:58.288Z"}
{"level":"info","message":"║  ✔ VendorLink Server Running           ║","service":"vendorlink-api","timestamp":"2026-02-26T06:51:58.288Z"}
{"level":"info","message":"║  Port: 5000                              ║","service":"vendorlink-api","timestamp":"2026-02-26T06:51:58.289Z"}
{"level":"info","message":"║  Socket.IO: Enabled                    ║","service":"vendorlink-api","timestamp":"2026-02-26T06:51:58.289Z"}
{"level":"info","message":"║  Notifications: Active                 ║","service":"vendorlink-api","timestamp":"2026-02-26T06:51:58.289Z"}
{"level":"info","message":"║  API Docs: http://localhost:5000/api-docs   ║","service":"vendorlink-api","timestamp":"2026-02-26T06:51:58.289Z"}
{"level":"info","message":"╚════════════════════════════════════════╝\n","service":"vendorlink-api","timestamp":"2026-02-26T06:51:58.290Z"}
{"level":"info","message":"🚀 Starting VendorLink Server...","service":"vendorlink-api","timestamp":"2026-02-26T06:53:20.899Z"}
{"level":"warn","message":"⚠️  Email credentials not configured - email service disabled","service":"vendorlink-api","timestamp":"2026-02-26T06:53:20.906Z"}
{"level":"info","message":"✅ Core services initialized","service":"vendorlink-api","timestamp":"2026-02-26T06:53:20.907Z"}
{"level":"info","message":"\n╔════════════════════════════════════════╗","service":"vendorlink-api","timestamp":"2026-02-26T06:53:21.044Z"}
{"level":"info","message":"║  ✔ VendorLink Server Running           ║","service":"vendorlink-api","timestamp":"2026-02-26T06:53:21.045Z"}
{"level":"info","message":"║  Port: 5000                              ║","service":"vendorlink-api","timestamp":"2026-02-26T06:53:21.046Z"}
{"level":"info","message":"║  Socket.IO: Enabled                    ║","service":"vendorlink-api","timestamp":"2026-02-26T06:53:21.046Z"}
{"level":"info","message":"║  Notifications: Active                 ║","service":"vendorlink-api","timestamp":"2026-02-26T06:53:21.047Z"}
{"level":"info","message":"║  API Docs: http://localhost:5000/api-docs   ║","service":"vendorlink-api","timestamp":"2026-02-26T06:53:21.049Z"}
{"level":"info","message":"╚════════════════════════════════════════╝\n","service":"vendorlink-api","timestamp":"2026-02-26T06:53:21.050Z"}
{"level":"info","message":"🚀 Starting VendorLink Server...","service":"vendorlink-api","timestamp":"2026-02-26T17:18:20.000Z"}
{"level":"warn","message":"⚠️  Email credentials not configured - email service disabled","service":"vendorlink-api","timestamp":"2026-02-26T17:18:20.012Z"}
{"level":"info","message":"✅ Core services initialized","service":"vendorlink-api","timestamp":"2026-02-26T17:18:20.013Z"}
{"level":"info","message":"\n╔════════════════════════════════════════╗","service":"vendorlink-api","timestamp":"2026-02-26T17:18:20.247Z"}
{"level":"info","message":"║  ✔ VendorLink Server Running           ║","service":"vendorlink-api","timestamp":"2026-02-26T17:18:20.248Z"}
{"level":"info","message":"║  Port: 5000                              ║","service":"vendorlink-api","timestamp":"2026-02-26T17:18:20.249Z"}
{"level":"info","message":"║  Socket.IO: Enabled                    ║","service":"vendorlink-api","timestamp":"2026-02-26T17:18:20.249Z"}
{"level":"info","message":"║  Notifications: Active                 ║","service":"vendorlink-api","timestamp":"2026-02-26T17:18:20.250Z"}
{"level":"info","message":"║  API Docs: http://localhost:5000/api-docs   ║","service":"vendorlink-api","timestamp":"2026-02-26T17:18:20.250Z"}
{"level":"info","message":"╚════════════════════════════════════════╝\n","service":"vendorlink-api","timestamp":"2026-02-26T17:18:20.251Z"}
{"level":"info","message":"🚀 Starting VendorLink Server...","service":"vendorlink-api","timestamp":"2026-02-26T17:56:52.793Z"}
{"level":"warn","message":"⚠️  Email credentials not configured - email service disabled","service":"vendorlink-api","timestamp":"2026-02-26T17:56:52.801Z"}
{"level":"info","message":"✅ Core services initialized","service":"vendorlink-api","timestamp":"2026-02-26T17:56:52.801Z"}
{"level":"info","message":"\n╔════════════════════════════════════════╗","service":"vendorlink-api","timestamp":"2026-02-26T17:56:52.954Z"}
{"level":"info","message":"║  ✔ VendorLink Server Running           ║","service":"vendorlink-api","timestamp":"2026-02-26T17:56:52.955Z"}
{"level":"info","message":"║  Port: 5000                              ║","service":"vendorlink-api","timestamp":"2026-02-26T17:56:52.955Z"}
{"level":"info","message":"║  Socket.IO: Enabled                    ║","service":"vendorlink-api","timestamp":"2026-02-26T17:56:52.956Z"}
{"level":"info","message":"║  Notifications: Active                 ║","service":"vendorlink-api","timestamp":"2026-02-26T17:56:52.956Z"}
{"level":"info","message":"║  API Docs: http://localhost:5000/api-docs   ║","service":"vendorlink-api","timestamp":"2026-02-26T17:56:52.957Z"}
{"level":"info","message":"╚════════════════════════════════════════╝\n","service":"vendorlink-api","timestamp":"2026-02-26T17:56:52.957Z"}
{"level":"info","message":"🚀 Starting VendorLink Server...","service":"vendorlink-api","timestamp":"2026-02-27T05:53:56.368Z"}
{"level":"warn","message":"⚠️  Email credentials not configured - email service disabled","service":"vendorlink-api","timestamp":"2026-02-27T05:53:56.376Z"}
{"level":"info","message":"✅ Core services initialized","service":"vendorlink-api","timestamp":"2026-02-27T05:53:56.376Z"}
{"level":"info","message":"\n╔════════════════════════════════════════╗","service":"vendorlink-api","timestamp":"2026-02-27T05:53:56.541Z"}
{"level":"info","message":"║  ✔ VendorLink Server Running           ║","service":"vendorlink-api","timestamp":"2026-02-27T05:53:56.541Z"}
{"level":"info","message":"║  Port: 5000                              ║","service":"vendorlink-api","timestamp":"2026-02-27T05:53:56.542Z"}
{"level":"info","message":"║  Socket.IO: Enabled                    ║","service":"vendorlink-api","timestamp":"2026-02-27T05:53:56.543Z"}
{"level":"info","message":"║  Notifications: Active                 ║","service":"vendorlink-api","timestamp":"2026-02-27T05:53:56.543Z"}
{"level":"info","message":"║  API Docs: http://localhost:5000/api-docs   ║","service":"vendorlink-api","timestamp":"2026-02-27T05:53:56.545Z"}
{"level":"info","message":"╚════════════════════════════════════════╝\n","service":"vendorlink-api","timestamp":"2026-02-27T05:53:56.546Z"}
{"level":"info","message":"🚀 Starting VendorLink Server...","service":"vendorlink-api","timestamp":"2026-02-27T06:28:23.801Z"}
{"level":"warn","message":"⚠️  Email credentials not configured - email service disabled","service":"vendorlink-api","timestamp":"2026-02-27T06:28:23.811Z"}
{"level":"info","message":"✅ Core services initialized","service":"vendorlink-api","timestamp":"2026-02-27T06:28:23.812Z"}
{"level":"info","message":"\n╔════════════════════════════════════════╗","service":"vendorlink-api","timestamp":"2026-02-27T06:28:24.012Z"}
{"level":"info","message":"║  ✔ VendorLink Server Running           ║","service":"vendorlink-api","timestamp":"2026-02-27T06:28:24.013Z"}
{"level":"info","message":"║  Port: 5000                              ║","service":"vendorlink-api","timestamp":"2026-02-27T06:28:24.014Z"}
{"level":"info","message":"║  Socket.IO: Enabled                    ║","service":"vendorlink-api","timestamp":"2026-02-27T06:28:24.014Z"}
{"level":"info","message":"║  Notifications: Active                 ║","service":"vendorlink-api","timestamp":"2026-02-27T06:28:24.015Z"}
{"level":"info","message":"║  API Docs: http://localhost:5000/api-docs   ║","service":"vendorlink-api","timestamp":"2026-02-27T06:28:24.016Z"}
{"level":"info","message":"╚════════════════════════════════════════╝\n","service":"vendorlink-api","timestamp":"2026-02-27T06:28:24.016Z"}
{"level":"info","message":"🚀 Starting VendorLink Server...","service":"vendorlink-api","timestamp":"2026-02-27T06:47:22.000Z"}
{"level":"warn","message":"⚠️  Email credentials not configured - email service disabled","service":"vendorlink-api","timestamp":"2026-02-27T06:47:22.009Z"}
{"level":"info","message":"✅ Core services initialized","service":"vendorlink-api","timestamp":"2026-02-27T06:47:22.009Z"}
{"level":"info","message":"\n╔════════════════════════════════════════╗","service":"vendorlink-api","timestamp":"2026-02-27T06:47:22.156Z"}
{"level":"info","message":"║  ✔ VendorLink Server Running           ║","service":"vendorlink-api","timestamp":"2026-02-27T06:47:22.156Z"}
{"level":"info","message":"║  Port: 5000                              ║","service":"vendorlink-api","timestamp":"2026-02-27T06:47:22.157Z"}
{"level":"info","message":"║  Socket.IO: Enabled                    ║","service":"vendorlink-api","timestamp":"2026-02-27T06:47:22.157Z"}
{"level":"info","message":"║  Notifications: Active                 ║","service":"vendorlink-api","timestamp":"2026-02-27T06:47:22.158Z"}
{"level":"info","message":"║  API Docs: http://localhost:5000/api-docs   ║","service":"vendorlink-api","timestamp":"2026-02-27T06:47:22.158Z"}
{"level":"info","message":"╚════════════════════════════════════════╝\n","service":"vendorlink-api","timestamp":"2026-02-27T06:47:22.159Z"}
{"level":"info","message":"🚀 Starting VendorLink Server...","service":"vendorlink-api","timestamp":"2026-02-27T06:47:56.328Z"}
{"level":"warn","message":"⚠️  Email credentials not configured - email service disabled","service":"vendorlink-api","timestamp":"2026-02-27T06:47:56.337Z"}
{"level":"info","message":"✅ Core services initialized","service":"vendorlink-api","timestamp":"2026-02-27T06:47:56.338Z"}
{"level":"info","message":"\n╔════════════════════════════════════════╗","service":"vendorlink-api","timestamp":"2026-02-27T06:47:56.471Z"}
{"level":"info","message":"║  ✔ VendorLink Server Running           ║","service":"vendorlink-api","timestamp":"2026-02-27T06:47:56.471Z"}
{"level":"info","message":"║  Port: 5000                              ║","service":"vendorlink-api","timestamp":"2026-02-27T06:47:56.472Z"}
{"level":"info","message":"║  Socket.IO: Enabled                    ║","service":"vendorlink-api","timestamp":"2026-02-27T06:47:56.472Z"}
{"level":"info","message":"║  Notifications: Active                 ║","service":"vendorlink-api","timestamp":"2026-02-27T06:47:56.472Z"}
{"level":"info","message":"║  API Docs: http://localhost:5000/api-docs   ║","service":"vendorlink-api","timestamp":"2026-02-27T06:47:56.472Z"}
{"level":"info","message":"╚════════════════════════════════════════╝\n","service":"vendorlink-api","timestamp":"2026-02-27T06:47:56.473Z"}
{"level":"info","message":"🚀 Starting VendorLink Server...","service":"vendorlink-api","timestamp":"2026-02-27T06:51:26.131Z"}
{"level":"warn","message":"⚠️  Email credentials not configured - email service disabled","service":"vendorlink-api","timestamp":"2026-02-27T06:51:26.141Z"}
{"level":"info","message":"✅ Core services initialized","service":"vendorlink-api","timestamp":"2026-02-27T06:51:26.142Z"}
{"level":"info","message":"\n╔════════════════════════════════════════╗","service":"vendorlink-api","timestamp":"2026-02-27T06:51:26.325Z"}
{"level":"info","message":"║  ✔ VendorLink Server Running           ║","service":"vendorlink-api","timestamp":"2026-02-27T06:51:26.326Z"}
{"level":"info","message":"║  Port: 5000                              ║","service":"vendorlink-api","timestamp":"2026-02-27T06:51:26.326Z"}
{"level":"info","message":"║  Socket.IO: Enabled                    ║","service":"vendorlink-api","timestamp":"2026-02-27T06:51:26.327Z"}
{"level":"info","message":"║  Notifications: Active                 ║","service":"vendorlink-api","timestamp":"2026-02-27T06:51:26.327Z"}
{"level":"info","message":"║  API Docs: http://localhost:5000/api-docs   ║","service":"vendorlink-api","timestamp":"2026-02-27T06:51:26.328Z"}
{"level":"info","message":"╚════════════════════════════════════════╝\n","service":"vendorlink-api","timestamp":"2026-02-27T06:51:26.328Z"}
{"level":"info","message":"🚀 Starting VendorLink Server...","service":"vendorlink-api","timestamp":"2026-02-27T06:51:32.964Z"}
{"level":"warn","message":"⚠️  Email credentials not configured - email service disabled","service":"vendorlink-api","timestamp":"2026-02-27T06:51:32.972Z"}
{"level":"info","message":"✅ Core services initialized","service":"vendorlink-api","timestamp":"2026-02-27T06:51:32.973Z"}
{"level":"info","message":"\n╔════════════════════════════════════════╗","service":"vendorlink-api","timestamp":"2026-02-27T06:51:33.077Z"}
{"level":"info","message":"║  ✔ VendorLink Server Running           ║","service":"vendorlink-api","timestamp":"2026-02-27T06:51:33.077Z"}
{"level":"info","message":"║  Port: 5000                              ║","service":"vendorlink-api","timestamp":"2026-02-27T06:51:33.077Z"}
{"level":"info","message":"║  Socket.IO: Enabled                    ║","service":"vendorlink-api","timestamp":"2026-02-27T06:51:33.078Z"}
{"level":"info","message":"║  Notifications: Active                 ║","service":"vendorlink-api","timestamp":"2026-02-27T06:51:33.078Z"}
{"level":"info","message":"║  API Docs: http://localhost:5000/api-docs   ║","service":"vendorlink-api","timestamp":"2026-02-27T06:51:33.079Z"}
{"level":"info","message":"╚════════════════════════════════════════╝\n","service":"vendorlink-api","timestamp":"2026-02-27T06:51:33.079Z"}
{"level":"info","message":"🚀 Starting VendorLink Server...","service":"vendorlink-api","timestamp":"2026-02-27T06:51:40.144Z"}
{"level":"warn","message":"⚠️  Email credentials not configured - email service disabled","service":"vendorlink-api","timestamp":"2026-02-27T06:51:40.152Z"}
{"level":"info","message":"✅ Core services initialized","service":"vendorlink-api","timestamp":"2026-02-27T06:51:40.153Z"}
{"level":"info","message":"\n╔════════════════════════════════════════╗","service":"vendorlink-api","timestamp":"2026-02-27T06:51:40.278Z"}
{"level":"info","message":"║  ✔ VendorLink Server Running           ║","service":"vendorlink-api","timestamp":"2026-02-27T06:51:40.279Z"}
{"level":"info","message":"║  Port: 5000                              ║","service":"vendorlink-api","timestamp":"2026-02-27T06:51:40.279Z"}
{"level":"info","message":"║  Socket.IO: Enabled                    ║","service":"vendorlink-api","timestamp":"2026-02-27T06:51:40.279Z"}
{"level":"info","message":"║  Notifications: Active                 ║","service":"vendorlink-api","timestamp":"2026-02-27T06:51:40.280Z"}
{"level":"info","message":"║  API Docs: http://localhost:5000/api-docs   ║","service":"vendorlink-api","timestamp":"2026-02-27T06:51:40.280Z"}
{"level":"info","message":"╚════════════════════════════════════════╝\n","service":"vendorlink-api","timestamp":"2026-02-27T06:51:40.281Z"}
{"level":"info","message":"🚀 Starting VendorLink Server...","service":"vendorlink-api","timestamp":"2026-02-27T06:51:51.097Z"}
{"level":"warn","message":"⚠️  Email credentials not configured - email service disabled","service":"vendorlink-api","timestamp":"2026-02-27T06:51:51.104Z"}
{"level":"info","message":"✅ Core services initialized","service":"vendorlink-api","timestamp":"2026-02-27T06:51:51.105Z"}
{"level":"info","message":"\n╔════════════════════════════════════════╗","service":"vendorlink-api","timestamp":"2026-02-27T06:51:51.207Z"}
{"level":"info","message":"║  ✔ VendorLink Server Running           ║","service":"vendorlink-api","timestamp":"2026-02-27T06:51:51.208Z"}
{"level":"info","message":"║  Port: 5000                              ║","service":"vendorlink-api","timestamp":"2026-02-27T06:51:51.208Z"}
{"level":"info","message":"║  Socket.IO: Enabled                    ║","service":"vendorlink-api","timestamp":"2026-02-27T06:51:51.209Z"}
{"level":"info","message":"║  Notifications: Active                 ║","service":"vendorlink-api","timestamp":"2026-02-27T06:51:51.209Z"}
{"level":"info","message":"║  API Docs: http://localhost:5000/api-docs   ║","service":"vendorlink-api","timestamp":"2026-02-27T06:51:51.210Z"}
{"level":"info","message":"╚════════════════════════════════════════╝\n","service":"vendorlink-api","timestamp":"2026-02-27T06:51:51.210Z"}
{"level":"info","message":"🚀 Starting VendorLink Server...","service":"vendorlink-api","timestamp":"2026-02-27T06:55:48.139Z"}
{"level":"warn","message":"⚠️  Email credentials not configured - email service disabled","service":"vendorlink-api","timestamp":"2026-02-27T06:55:48.150Z"}
{"level":"info","message":"✅ Core services initialized","service":"vendorlink-api","timestamp":"2026-02-27T06:55:48.151Z"}
{"level":"info","message":"\n╔════════════════════════════════════════╗","service":"vendorlink-api","timestamp":"2026-02-27T06:55:48.328Z"}
{"level":"info","message":"║  ✔ VendorLink Server Running           ║","service":"vendorlink-api","timestamp":"2026-02-27T06:55:48.329Z"}
{"level":"info","message":"║  Port: 5000                              ║","service":"vendorlink-api","timestamp":"2026-02-27T06:55:48.329Z"}
{"level":"info","message":"║  Socket.IO: Enabled                    ║","service":"vendorlink-api","timestamp":"2026-02-27T06:55:48.330Z"}
{"level":"info","message":"║  Notifications: Active                 ║","service":"vendorlink-api","timestamp":"2026-02-27T06:55:48.331Z"}
{"level":"info","message":"║  API Docs: http://localhost:5000/api-docs   ║","service":"vendorlink-api","timestamp":"2026-02-27T06:55:48.331Z"}
{"level":"info","message":"╚════════════════════════════════════════╝\n","service":"vendorlink-api","timestamp":"2026-02-27T06:55:48.332Z"}
{"level":"info","message":"🚀 Starting VendorLink Server...","service":"vendorlink-api","timestamp":"2026-02-27T06:57:24.664Z"}
{"level":"warn","message":"⚠️  Email credentials not configured - email service disabled","service":"vendorlink-api","timestamp":"2026-02-27T06:57:24.674Z"}
{"level":"info","message":"✅ Core services initialized","service":"vendorlink-api","timestamp":"2026-02-27T06:57:24.674Z"}
{"level":"info","message":"\n╔════════════════════════════════════════╗","service":"vendorlink-api","timestamp":"2026-02-27T06:57:24.788Z"}
{"level":"info","message":"║  ✔ VendorLink Server Running           ║","service":"vendorlink-api","timestamp":"2026-02-27T06:57:24.788Z"}
{"level":"info","message":"║  Port: 5000                              ║","service":"vendorlink-api","timestamp":"2026-02-27T06:57:24.789Z"}
{"level":"info","message":"║  Socket.IO: Enabled                    ║","service":"vendorlink-api","timestamp":"2026-02-27T06:57:24.789Z"}
{"level":"info","message":"║  Notifications: Active                 ║","service":"vendorlink-api","timestamp":"2026-02-27T06:57:24.790Z"}
{"level":"info","message":"║  API Docs: http://localhost:5000/api-docs   ║","service":"vendorlink-api","timestamp":"2026-02-27T06:57:24.791Z"}
{"level":"info","message":"╚════════════════════════════════════════╝\n","service":"vendorlink-api","timestamp":"2026-02-27T06:57:24.791Z"}
{"level":"info","message":"🚀 Starting VendorLink Server...","service":"vendorlink-api","timestamp":"2026-02-27T07:02:08.745Z"}
{"level":"warn","message":"⚠️  Email credentials not configured - email service disabled","service":"vendorlink-api","timestamp":"2026-02-27T07:02:08.752Z"}
{"level":"info","message":"✅ Core services initialized","service":"vendorlink-api","timestamp":"2026-02-27T07:02:08.752Z"}
{"level":"info","message":"\n╔════════════════════════════════════════╗","service":"vendorlink-api","timestamp":"2026-02-27T07:02:08.934Z"}
{"level":"info","message":"║  ✔ VendorLink Server Running           ║","service":"vendorlink-api","timestamp":"2026-02-27T07:02:08.935Z"}
{"level":"info","message":"║  Port: 3000                              ║","service":"vendorlink-api","timestamp":"2026-02-27T07:02:08.935Z"}
{"level":"info","message":"║  Socket.IO: Enabled                    ║","service":"vendorlink-api","timestamp":"2026-02-27T07:02:08.936Z"}
{"level":"info","message":"║  Notifications: Active                 ║","service":"vendorlink-api","timestamp":"2026-02-27T07:02:08.936Z"}
{"level":"info","message":"║  API Docs: http://localhost:3000/api-docs   ║","service":"vendorlink-api","timestamp":"2026-02-27T07:02:08.937Z"}
{"level":"info","message":"╚════════════════════════════════════════╝\n","service":"vendorlink-api","timestamp":"2026-02-27T07:02:08.937Z"}
{"level":"info","message":"🚀 Starting VendorLink Server...","service":"vendorlink-api","timestamp":"2026-02-27T07:04:57.962Z"}
{"level":"warn","message":"⚠️  Email credentials not configured - email service disabled","service":"vendorlink-api","timestamp":"2026-02-27T07:04:57.976Z"}
{"level":"info","message":"✅ Core services initialized","service":"vendorlink-api","timestamp":"2026-02-27T07:04:57.977Z"}
{"level":"info","message":"\n╔════════════════════════════════════════╗","service":"vendorlink-api","timestamp":"2026-02-27T07:04:58.184Z"}
{"level":"info","message":"║  ✔ VendorLink Server Running           ║","service":"vendorlink-api","timestamp":"2026-02-27T07:04:58.185Z"}
{"level":"info","message":"║  Port: 3000                              ║","service":"vendorlink-api","timestamp":"2026-02-27T07:04:58.186Z"}
{"level":"info","message":"║  Socket.IO: Enabled                    ║","service":"vendorlink-api","timestamp":"2026-02-27T07:04:58.186Z"}
{"level":"info","message":"║  Notifications: Active                 ║","service":"vendorlink-api","timestamp":"2026-02-27T07:04:58.187Z"}
{"level":"info","message":"║  API Docs: http://localhost:3000/api-docs   ║","service":"vendorlink-api","timestamp":"2026-02-27T07:04:58.187Z"}
{"level":"info","message":"╚════════════════════════════════════════╝\n","service":"vendorlink-api","timestamp":"2026-02-27T07:04:58.188Z"}
{"level":"info","message":"🚀 Starting VendorLink Server...","service":"vendorlink-api","timestamp":"2026-02-27T07:06:00.484Z"}
{"level":"warn","message":"⚠️  Email credentials not configured - email service disabled","service":"vendorlink-api","timestamp":"2026-02-27T07:06:00.495Z"}
{"level":"info","message":"✅ Core services initialized","service":"vendorlink-api","timestamp":"2026-02-27T07:06:00.495Z"}
{"level":"info","message":"\n╔════════════════════════════════════════╗","service":"vendorlink-api","timestamp":"2026-02-27T07:06:00.648Z"}
{"level":"info","message":"║  ✔ VendorLink Server Running           ║","service":"vendorlink-api","timestamp":"2026-02-27T07:06:00.649Z"}
{"level":"info","message":"║  Port: 3000                              ║","service":"vendorlink-api","timestamp":"2026-02-27T07:06:00.650Z"}
{"level":"info","message":"║  Socket.IO: Enabled                    ║","service":"vendorlink-api","timestamp":"2026-02-27T07:06:00.651Z"}
{"level":"info","message":"║  Notifications: Active                 ║","service":"vendorlink-api","timestamp":"2026-02-27T07:06:00.652Z"}
{"level":"info","message":"║  API Docs: http://localhost:3000/api-docs   ║","service":"vendorlink-api","timestamp":"2026-02-27T07:06:00.653Z"}
{"level":"info","message":"╚════════════════════════════════════════╝\n","service":"vendorlink-api","timestamp":"2026-02-27T07:06:00.653Z"}
{"level":"info","message":"🚀 Starting VendorLink Server...","service":"vendorlink-api","timestamp":"2026-02-27T07:15:01.003Z"}
{"level":"warn","message":"⚠️  Email credentials not configured - email service disabled","service":"vendorlink-api","timestamp":"2026-02-27T07:15:01.011Z"}
{"level":"info","message":"✅ Core services initialized","service":"vendorlink-api","timestamp":"2026-02-27T07:15:01.011Z"}
{"level":"info","message":"\n╔════════════════════════════════════════╗","service":"vendorlink-api","timestamp":"2026-02-27T07:15:01.410Z"}
{"level":"info","message":"║  ✔ VendorLink Server Running           ║","service":"vendorlink-api","timestamp":"2026-02-27T07:15:01.411Z"}
{"level":"info","message":"║  Port: 5000                              ║","service":"vendorlink-api","timestamp":"2026-02-27T07:15:01.411Z"}
{"level":"info","message":"║  Socket.IO: Enabled                    ║","service":"vendorlink-api","timestamp":"2026-02-27T07:15:01.412Z"}
{"level":"info","message":"║  Notifications: Active                 ║","service":"vendorlink-api","timestamp":"2026-02-27T07:15:01.413Z"}
{"level":"info","message":"║  API Docs: http://localhost:5000/api-docs   ║","service":"vendorlink-api","timestamp":"2026-02-27T07:15:01.414Z"}
{"level":"info","message":"╚════════════════════════════════════════╝\n","service":"vendorlink-api","timestamp":"2026-02-27T07:15:01.415Z"}
{"level":"info","message":"🚀 Starting VendorLink Server...","service":"vendorlink-api","timestamp":"2026-02-27T07:24:38.283Z"}
{"level":"warn","message":"⚠️  Email credentials not configured - email service disabled","service":"vendorlink-api","timestamp":"2026-02-27T07:24:38.295Z"}
{"level":"info","message":"✅ Core services initialized","service":"vendorlink-api","timestamp":"2026-02-27T07:24:38.296Z"}
{"level":"info","message":"\n╔════════════════════════════════════════╗","service":"vendorlink-api","timestamp":"2026-02-27T07:24:38.441Z"}
{"level":"info","message":"║  ✔ VendorLink Server Running           ║","service":"vendorlink-api","timestamp":"2026-02-27T07:24:38.441Z"}
{"level":"info","message":"║  Port: 5000                              ║","service":"vendorlink-api","timestamp":"2026-02-27T07:24:38.441Z"}
{"level":"info","message":"║  Socket.IO: Enabled                    ║","service":"vendorlink-api","timestamp":"2026-02-27T07:24:38.442Z"}
{"level":"info","message":"║  Notifications: Active                 ║","service":"vendorlink-api","timestamp":"2026-02-27T07:24:38.442Z"}
{"level":"info","message":"║  API Docs: http://localhost:5000/api-docs   ║","service":"vendorlink-api","timestamp":"2026-02-27T07:24:38.442Z"}
{"level":"info","message":"╚════════════════════════════════════════╝\n","service":"vendorlink-api","timestamp":"2026-02-27T07:24:38.443Z"}
{"level":"info","message":"🚀 Starting VendorLink Server...","service":"vendorlink-api","timestamp":"2026-02-27T07:25:44.480Z"}
{"level":"warn","message":"⚠️  Email credentials not configured - email service disabled","service":"vendorlink-api","timestamp":"2026-02-27T07:25:44.489Z"}
{"level":"info","message":"✅ Core services initialized","service":"vendorlink-api","timestamp":"2026-02-27T07:25:44.489Z"}
{"level":"info","message":"\n╔════════════════════════════════════════╗","service":"vendorlink-api","timestamp":"2026-02-27T07:25:44.598Z"}
{"level":"info","message":"║  ✔ VendorLink Server Running           ║","service":"vendorlink-api","timestamp":"2026-02-27T07:25:44.598Z"}
{"level":"info","message":"║  Port: 5000                              ║","service":"vendorlink-api","timestamp":"2026-02-27T07:25:44.599Z"}
{"level":"info","message":"║  Socket.IO: Enabled                    ║","service":"vendorlink-api","timestamp":"2026-02-27T07:25:44.599Z"}
{"level":"info","message":"║  Notifications: Active                 ║","service":"vendorlink-api","timestamp":"2026-02-27T07:25:44.599Z"}
{"level":"info","message":"║  API Docs: http://localhost:5000/api-docs   ║","service":"vendorlink-api","timestamp":"2026-02-27T07:25:44.600Z"}
{"level":"info","message":"╚════════════════════════════════════════╝\n","service":"vendorlink-api","timestamp":"2026-02-27T07:25:44.600Z"}
{"level":"info","message":"🚀 Starting VendorLink Server...","service":"vendorlink-api","timestamp":"2026-02-27T08:25:19.736Z"}
{"level":"warn","message":"⚠️  Email credentials not configured - email service disabled","service":"vendorlink-api","timestamp":"2026-02-27T08:25:19.749Z"}
{"level":"info","message":"✅ Core services initialized","service":"vendorlink-api","timestamp":"2026-02-27T08:25:19.749Z"}
{"level":"info","message":"\n╔════════════════════════════════════════╗","service":"vendorlink-api","timestamp":"2026-02-27T08:25:19.914Z"}
{"level":"info","message":"║  ✔ VendorLink Server Running           ║","service":"vendorlink-api","timestamp":"2026-02-27T08:25:19.915Z"}
{"level":"info","message":"║  Port: 5000                              ║","service":"vendorlink-api","timestamp":"2026-02-27T08:25:19.916Z"}
{"level":"info","message":"║  Socket.IO: Enabled                    ║","service":"vendorlink-api","timestamp":"2026-02-27T08:25:19.916Z"}
{"level":"info","message":"║  Notifications: Active                 ║","service":"vendorlink-api","timestamp":"2026-02-27T08:25:19.916Z"}
{"level":"info","message":"║  API Docs: http://localhost:5000/api-docs   ║","service":"vendorlink-api","timestamp":"2026-02-27T08:25:19.917Z"}
{"level":"info","message":"╚════════════════════════════════════════╝\n","service":"vendorlink-api","timestamp":"2026-02-27T08:25:19.917Z"}
{"level":"info","message":"🚀 Starting VendorLink Server...","service":"vendorlink-api","timestamp":"2026-02-27T08:25:28.477Z"}
{"level":"warn","message":"⚠️  Email credentials not configured - email service disabled","service":"vendorlink-api","timestamp":"2026-02-27T08:25:28.484Z"}
{"level":"info","message":"✅ Core services initialized","service":"vendorlink-api","timestamp":"2026-02-27T08:25:28.484Z"}
{"level":"info","message":"\n╔════════════════════════════════════════╗","service":"vendorlink-api","timestamp":"2026-02-27T08:25:28.586Z"}
{"level":"info","message":"║  ✔ VendorLink Server Running           ║","service":"vendorlink-api","timestamp":"2026-02-27T08:25:28.586Z"}
{"level":"info","message":"║  Port: 5000                              ║","service":"vendorlink-api","timestamp":"2026-02-27T08:25:28.586Z"}
{"level":"info","message":"║  Socket.IO: Enabled                    ║","service":"vendorlink-api","timestamp":"2026-02-27T08:25:28.587Z"}
{"level":"info","message":"║  Notifications: Active                 ║","service":"vendorlink-api","timestamp":"2026-02-27T08:25:28.587Z"}
{"level":"info","message":"║  API Docs: http://localhost:5000/api-docs   ║","service":"vendorlink-api","timestamp":"2026-02-27T08:25:28.587Z"}
{"level":"info","message":"╚════════════════════════════════════════╝\n","service":"vendorlink-api","timestamp":"2026-02-27T08:25:28.587Z"}
{"level":"info","message":"🚀 Starting VendorLink Server...","service":"vendorlink-api","timestamp":"2026-02-27T08:48:56.417Z"}
{"level":"warn","message":"⚠️  Email credentials not configured - email service disabled","service":"vendorlink-api","timestamp":"2026-02-27T08:48:56.443Z"}
{"level":"info","message":"✅ Core services initialized","service":"vendorlink-api","timestamp":"2026-02-27T08:48:56.444Z"}
{"level":"info","message":"\n╔════════════════════════════════════════╗","service":"vendorlink-api","timestamp":"2026-02-27T08:48:56.741Z"}
{"level":"info","message":"║  ✔ VendorLink Server Running           ║","service":"vendorlink-api","timestamp":"2026-02-27T08:48:56.742Z"}
{"level":"info","message":"║  Port: 5000                              ║","service":"vendorlink-api","timestamp":"2026-02-27T08:48:56.743Z"}
{"level":"info","message":"║  Socket.IO: Enabled                    ║","service":"vendorlink-api","timestamp":"2026-02-27T08:48:56.744Z"}
{"level":"info","message":"║  Notifications: Active                 ║","service":"vendorlink-api","timestamp":"2026-02-27T08:48:56.745Z"}
{"level":"info","message":"║  API Docs: http://localhost:5000/api-docs   ║","service":"vendorlink-api","timestamp":"2026-02-27T08:48:56.745Z"}
{"level":"info","message":"╚════════════════════════════════════════╝\n","service":"vendorlink-api","timestamp":"2026-02-27T08:48:56.747Z"}
{"level":"info","message":"🚀 Starting VendorLink Server...","service":"vendorlink-api","timestamp":"2026-02-27T08:49:18.542Z"}
{"level":"warn","message":"⚠️  Email credentials not configured - email service disabled","service":"vendorlink-api","timestamp":"2026-02-27T08:49:18.554Z"}
{"level":"info","message":"✅ Core services initialized","service":"vendorlink-api","timestamp":"2026-02-27T08:49:18.555Z"}
{"level":"info","message":"\n╔════════════════════════════════════════╗","service":"vendorlink-api","timestamp":"2026-02-27T08:49:18.727Z"}
{"level":"info","message":"║  ✔ VendorLink Server Running           ║","service":"vendorlink-api","timestamp":"2026-02-27T08:49:18.728Z"}
{"level":"info","message":"║  Port: 5000                              ║","service":"vendorlink-api","timestamp":"2026-02-27T08:49:18.728Z"}
{"level":"info","message":"║  Socket.IO: Enabled                    ║","service":"vendorlink-api","timestamp":"2026-02-27T08:49:18.729Z"}
{"level":"info","message":"║  Notifications: Active                 ║","service":"vendorlink-api","timestamp":"2026-02-27T08:49:18.730Z"}
{"level":"info","message":"║  API Docs: http://localhost:5000/api-docs   ║","service":"vendorlink-api","timestamp":"2026-02-27T08:49:18.730Z"}
{"level":"info","message":"╚════════════════════════════════════════╝\n","service":"vendorlink-api","timestamp":"2026-02-27T08:49:18.730Z"}
{"error":{"message":"Expected property name or '}' in JSON at position 1 (line 1 column 2)","stack":"SyntaxError: Expected property name or '}' in JSON at position 1 (line 1 column 2)\n    at JSON.parse (<anonymous>)\n    at parse (C:\\Users\\SOHAM\\Downloads\\VendorLink_Project-main\\VendorLink_Project-main\\server\\node_modules\\body-parser\\lib\\types\\json.js:92:19)\n    at C:\\Users\\SOHAM\\Downloads\\VendorLink_Project-main\\VendorLink_Project-main\\server\\node_modules\\body-parser\\lib\\read.js:128:18\n    at AsyncResource.runInAsyncScope (node:async_hooks:213:14)\n    at invokeCallback (C:\\Users\\SOHAM\\Downloads\\VendorLink_Project-main\\VendorLink_Project-main\\server\\node_modules\\raw-body\\index.js:238:16)\n    at done (C:\\Users\\SOHAM\\Downloads\\VendorLink_Project-main\\VendorLink_Project-main\\server\\node_modules\\raw-body\\index.js:227:7)\n    at IncomingMessage.onEnd (C:\\Users\\SOHAM\\Downloads\\VendorLink_Project-main\\VendorLink_Project-main\\server\\node_modules\\raw-body\\index.js:287:7)\n    at IncomingMessage.emit (node:events:508:28)\n    at endReadableNT (node:internal/streams/readable:1701:12)\n    at process.processTicksAndRejections (node:internal/process/task_queues:89:21)","statusCode":400},"level":"error","message":"Expected property name or '}' in JSON at position 1 (line 1 column 2)","request":{"ip":"::1","method":"POST","url":"/api/auth/login"},"service":"vendorlink-api","timestamp":"2026-02-27T08:51:17.230Z"}
{"level":"info","message":"🚀 Starting VendorLink Server...","service":"vendorlink-api","timestamp":"2026-02-28T06:53:45.120Z"}
{"level":"warn","message":"⚠️  Email credentials not configured - email service disabled","service":"vendorlink-api","timestamp":"2026-02-28T06:53:45.130Z"}
{"level":"info","message":"✅ Core services initialized","service":"vendorlink-api","timestamp":"2026-02-28T06:53:45.131Z"}
{"level":"info","message":"\n╔════════════════════════════════════════╗","service":"vendorlink-api","timestamp":"2026-02-28T06:53:45.298Z"}
{"level":"info","message":"║  ✔ VendorLink Server Running           ║","service":"vendorlink-api","timestamp":"2026-02-28T06:53:45.299Z"}
{"level":"info","message":"║  Port: 5000                              ║","service":"vendorlink-api","timestamp":"2026-02-28T06:53:45.299Z"}
{"level":"info","message":"║  Socket.IO: Enabled                    ║","service":"vendorlink-api","timestamp":"2026-02-28T06:53:45.300Z"}
{"level":"info","message":"║  Notifications: Active                 ║","service":"vendorlink-api","timestamp":"2026-02-28T06:53:45.301Z"}
{"level":"info","message":"║  API Docs: http://localhost:5000/api-docs   ║","service":"vendorlink-api","timestamp":"2026-02-28T06:53:45.302Z"}
{"level":"info","message":"╚════════════════════════════════════════╝\n","service":"vendorlink-api","timestamp":"2026-02-28T06:53:45.302Z"}
{"level":"info","message":"🚀 Starting VendorLink Server...","service":"vendorlink-api","timestamp":"2026-02-28T07:13:07.677Z"}
{"level":"warn","message":"⚠️  Email credentials not configured - email service disabled","service":"vendorlink-api","timestamp":"2026-02-28T07:13:07.685Z"}
{"level":"info","message":"✅ Core services initialized","service":"vendorlink-api","timestamp":"2026-02-28T07:13:07.686Z"}
{"level":"info","message":"\n╔════════════════════════════════════════╗","service":"vendorlink-api","timestamp":"2026-02-28T07:13:07.829Z"}
{"level":"info","message":"║  ✔ VendorLink Server Running           ║","service":"vendorlink-api","timestamp":"2026-02-28T07:13:07.830Z"}
{"level":"info","message":"║  Port: 5000                              ║","service":"vendorlink-api","timestamp":"2026-02-28T07:13:07.830Z"}
{"level":"info","message":"║  Socket.IO: Enabled                    ║","service":"vendorlink-api","timestamp":"2026-02-28T07:13:07.831Z"}
{"level":"info","message":"║  Notifications: Active                 ║","service":"vendorlink-api","timestamp":"2026-02-28T07:13:07.831Z"}
{"level":"info","message":"║  API Docs: http://localhost:5000/api-docs   ║","service":"vendorlink-api","timestamp":"2026-02-28T07:13:07.832Z"}
{"level":"info","message":"╚════════════════════════════════════════╝\n","service":"vendorlink-api","timestamp":"2026-02-28T07:13:07.833Z"}
{"level":"info","message":"🚀 Starting VendorLink Server...","service":"vendorlink-api","timestamp":"2026-02-28T07:27:03.727Z"}
{"level":"warn","message":"⚠️  Email credentials not configured - email service disabled","service":"vendorlink-api","timestamp":"2026-02-28T07:27:03.734Z"}
{"level":"info","message":"✅ Core services initialized","service":"vendorlink-api","timestamp":"2026-02-28T07:27:03.735Z"}
{"level":"info","message":"\n╔════════════════════════════════════════╗","service":"vendorlink-api","timestamp":"2026-02-28T07:27:03.843Z"}
{"level":"info","message":"║  ✔ VendorLink Server Running           ║","service":"vendorlink-api","timestamp":"2026-02-28T07:27:03.843Z"}
{"level":"info","message":"║  Port: 5000                              ║","service":"vendorlink-api","timestamp":"2026-02-28T07:27:03.844Z"}
{"level":"info","message":"║  Socket.IO: Enabled                    ║","service":"vendorlink-api","timestamp":"2026-02-28T07:27:03.845Z"}
{"level":"info","message":"║  Notifications: Active                 ║","service":"vendorlink-api","timestamp":"2026-02-28T07:27:03.845Z"}
{"level":"info","message":"║  API Docs: http://localhost:5000/api-docs   ║","service":"vendorlink-api","timestamp":"2026-02-28T07:27:03.845Z"}
{"level":"info","message":"╚════════════════════════════════════════╝\n","service":"vendorlink-api","timestamp":"2026-02-28T07:27:03.846Z"}
{"level":"info","message":"🚀 Starting VendorLink Server...","service":"vendorlink-api","timestamp":"2026-02-28T07:54:00.838Z"}
{"level":"warn","message":"⚠️  Email credentials not configured - email service disabled","service":"vendorlink-api","timestamp":"2026-02-28T07:54:00.848Z"}
{"level":"info","message":"✅ Core services initialized","service":"vendorlink-api","timestamp":"2026-02-28T07:54:00.848Z"}
{"level":"info","message":"\n╔════════════════════════════════════════╗","service":"vendorlink-api","timestamp":"2026-02-28T07:54:01.010Z"}
{"level":"info","message":"║  ✔ VendorLink Server Running           ║","service":"vendorlink-api","timestamp":"2026-02-28T07:54:01.011Z"}
{"level":"info","message":"║  Port: 5000                              ║","service":"vendorlink-api","timestamp":"2026-02-28T07:54:01.011Z"}
{"level":"info","message":"║  Socket.IO: Enabled                    ║","service":"vendorlink-api","timestamp":"2026-02-28T07:54:01.012Z"}
{"level":"info","message":"║  Notifications: Active                 ║","service":"vendorlink-api","timestamp":"2026-02-28T07:54:01.012Z"}
{"level":"info","message":"║  API Docs: http://localhost:5000/api-docs   ║","service":"vendorlink-api","timestamp":"2026-02-28T07:54:01.013Z"}
{"level":"info","message":"╚════════════════════════════════════════╝\n","service":"vendorlink-api","timestamp":"2026-02-28T07:54:01.014Z"}
{"level":"info","message":"🚀 Starting VendorLink Server...","service":"vendorlink-api","timestamp":"2026-02-28T07:54:52.265Z"}
{"level":"warn","message":"⚠️  Email credentials not configured - email service disabled","service":"vendorlink-api","timestamp":"2026-02-28T07:54:52.272Z"}
{"level":"info","message":"✅ Core services initialized","service":"vendorlink-api","timestamp":"2026-02-28T07:54:52.272Z"}
{"level":"info","message":"\n╔════════════════════════════════════════╗","service":"vendorlink-api","timestamp":"2026-02-28T07:54:52.380Z"}
{"level":"info","message":"║  ✔ VendorLink Server Running           ║","service":"vendorlink-api","timestamp":"2026-02-28T07:54:52.380Z"}
{"level":"info","message":"║  Port: 5000                              ║","service":"vendorlink-api","timestamp":"2026-02-28T07:54:52.380Z"}
{"level":"info","message":"║  Socket.IO: Enabled                    ║","service":"vendorlink-api","timestamp":"2026-02-28T07:54:52.381Z"}
{"level":"info","message":"║  Notifications: Active                 ║","service":"vendorlink-api","timestamp":"2026-02-28T07:54:52.381Z"}
{"level":"info","message":"║  API Docs: http://localhost:5000/api-docs   ║","service":"vendorlink-api","timestamp":"2026-02-28T07:54:52.381Z"}
{"level":"info","message":"╚════════════════════════════════════════╝\n","service":"vendorlink-api","timestamp":"2026-02-28T07:54:52.382Z"}
{"level":"info","message":"🚀 Starting VendorLink Server...","service":"vendorlink-api","timestamp":"2026-02-28T12:04:16.523Z"}
{"level":"warn","message":"⚠️  Email credentials not configured - email service disabled","service":"vendorlink-api","timestamp":"2026-02-28T12:04:16.562Z"}
{"level":"info","message":"✅ Core services initialized","service":"vendorlink-api","timestamp":"2026-02-28T12:04:16.564Z"}
{"level":"info","message":"\n╔════════════════════════════════════════╗","service":"vendorlink-api","timestamp":"2026-02-28T12:04:16.861Z"}
{"level":"info","message":"║  ✔ VendorLink Server Running           ║","service":"vendorlink-api","timestamp":"2026-02-28T12:04:16.862Z"}
{"level":"info","message":"║  Port: 5000                              ║","service":"vendorlink-api","timestamp":"2026-02-28T12:04:16.864Z"}
{"level":"info","message":"║  Socket.IO: Enabled                    ║","service":"vendorlink-api","timestamp":"2026-02-28T12:04:16.864Z"}
{"level":"info","message":"║  Notifications: Active                 ║","service":"vendorlink-api","timestamp":"2026-02-28T12:04:16.865Z"}
{"level":"info","message":"║  API Docs: http://localhost:5000/api-docs   ║","service":"vendorlink-api","timestamp":"2026-02-28T12:04:16.866Z"}
{"level":"info","message":"╚════════════════════════════════════════╝\n","service":"vendorlink-api","timestamp":"2026-02-28T12:04:16.866Z"}
{"level":"info","message":"🚀 Starting VendorLink Server...","service":"vendorlink-api","timestamp":"2026-02-28T12:27:18.031Z"}
{"level":"warn","message":"⚠️  Email credentials not configured - email service disabled","service":"vendorlink-api","timestamp":"2026-02-28T12:27:18.050Z"}
{"level":"info","message":"✅ Core services initialized","service":"vendorlink-api","timestamp":"2026-02-28T12:27:18.051Z"}
{"level":"info","message":"\n╔════════════════════════════════════════╗","service":"vendorlink-api","timestamp":"2026-02-28T12:27:18.185Z"}
{"level":"info","message":"║  ✔ VendorLink Server Running           ║","service":"vendorlink-api","timestamp":"2026-02-28T12:27:18.185Z"}
{"level":"info","message":"║  Port: 5000                              ║","service":"vendorlink-api","timestamp":"2026-02-28T12:27:18.186Z"}
{"level":"info","message":"║  Socket.IO: Enabled                    ║","service":"vendorlink-api","timestamp":"2026-02-28T12:27:18.186Z"}
{"level":"info","message":"║  Notifications: Active                 ║","service":"vendorlink-api","timestamp":"2026-02-28T12:27:18.187Z"}
{"level":"info","message":"║  API Docs: http://localhost:5000/api-docs   ║","service":"vendorlink-api","timestamp":"2026-02-28T12:27:18.187Z"}
{"level":"info","message":"╚════════════════════════════════════════╝\n","service":"vendorlink-api","timestamp":"2026-02-28T12:27:18.188Z"}
{"level":"info","message":"🚀 Starting VendorLink Server...","service":"vendorlink-api","timestamp":"2026-02-28T12:28:16.182Z"}
{"level":"warn","message":"⚠️  Email credentials not configured - email service disabled","service":"vendorlink-api","timestamp":"2026-02-28T12:28:16.200Z"}
{"level":"info","message":"✅ Core services initialized","service":"vendorlink-api","timestamp":"2026-02-28T12:28:16.201Z"}
{"level":"info","message":"\n╔════════════════════════════════════════╗","service":"vendorlink-api","timestamp":"2026-02-28T12:28:16.315Z"}
{"level":"info","message":"║  ✔ VendorLink Server Running           ║","service":"vendorlink-api","timestamp":"2026-02-28T12:28:16.316Z"}
{"level":"info","message":"║  Port: 5000                              ║","service":"vendorlink-api","timestamp":"2026-02-28T12:28:16.316Z"}
{"level":"info","message":"║  Socket.IO: Enabled                    ║","service":"vendorlink-api","timestamp":"2026-02-28T12:28:16.317Z"}
{"level":"info","message":"║  Notifications: Active                 ║","service":"vendorlink-api","timestamp":"2026-02-28T12:28:16.317Z"}
{"level":"info","message":"║  API Docs: http://localhost:5000/api-docs   ║","service":"vendorlink-api","timestamp":"2026-02-28T12:28:16.318Z"}
{"level":"info","message":"╚════════════════════════════════════════╝\n","service":"vendorlink-api","timestamp":"2026-02-28T12:28:16.318Z"}
{"level":"info","message":"🚀 Starting VendorLink Server...","service":"vendorlink-api","timestamp":"2026-02-28T12:29:30.783Z"}
{"level":"warn","message":"⚠️  Email credentials not configured - email service disabled","service":"vendorlink-api","timestamp":"2026-02-28T12:29:30.805Z"}
{"level":"info","message":"✅ Core services initialized","service":"vendorlink-api","timestamp":"2026-02-28T12:29:30.805Z"}
{"level":"info","message":"\n╔════════════════════════════════════════╗","service":"vendorlink-api","timestamp":"2026-02-28T12:29:30.949Z"}
{"level":"info","message":"║  ✔ VendorLink Server Running           ║","service":"vendorlink-api","timestamp":"2026-02-28T12:29:30.950Z"}
{"level":"info","message":"║  Port: 5000                              ║","service":"vendorlink-api","timestamp":"2026-02-28T12:29:30.950Z"}
{"level":"info","message":"║  Socket.IO: Enabled                    ║","service":"vendorlink-api","timestamp":"2026-02-28T12:29:30.951Z"}
{"level":"info","message":"║  Notifications: Active                 ║","service":"vendorlink-api","timestamp":"2026-02-28T12:29:30.951Z"}
{"level":"info","message":"║  API Docs: http://localhost:5000/api-docs   ║","service":"vendorlink-api","timestamp":"2026-02-28T12:29:30.952Z"}
{"level":"info","message":"╚════════════════════════════════════════╝\n","service":"vendorlink-api","timestamp":"2026-02-28T12:29:30.952Z"}
{"level":"info","message":"🚀 Starting VendorLink Server...","service":"vendorlink-api","timestamp":"2026-02-28T12:30:30.548Z"}
{"level":"warn","message":"⚠️  Email credentials not configured - email service disabled","service":"vendorlink-api","timestamp":"2026-02-28T12:30:30.576Z"}
{"level":"info","message":"✅ Core services initialized","service":"vendorlink-api","timestamp":"2026-02-28T12:30:30.576Z"}
{"level":"info","message":"\n╔════════════════════════════════════════╗","service":"vendorlink-api","timestamp":"2026-02-28T12:30:30.740Z"}
{"level":"info","message":"║  ✔ VendorLink Server Running           ║","service":"vendorlink-api","timestamp":"2026-02-28T12:30:30.740Z"}
{"level":"info","message":"║  Port: 5000                              ║","service":"vendorlink-api","timestamp":"2026-02-28T12:30:30.740Z"}
{"level":"info","message":"║  Socket.IO: Enabled                    ║","service":"vendorlink-api","timestamp":"2026-02-28T12:30:30.741Z"}
{"level":"info","message":"║  Notifications: Active                 ║","service":"vendorlink-api","timestamp":"2026-02-28T12:30:30.741Z"}
{"level":"info","message":"║  API Docs: http://localhost:5000/api-docs   ║","service":"vendorlink-api","timestamp":"2026-02-28T12:30:30.742Z"}
{"level":"info","message":"╚════════════════════════════════════════╝\n","service":"vendorlink-api","timestamp":"2026-02-28T12:30:30.743Z"}
{"level":"info","message":"🚀 Starting VendorLink Server...","service":"vendorlink-api","timestamp":"2026-02-28T12:32:16.411Z"}
{"level":"warn","message":"⚠️  Email credentials not configured - email service disabled","service":"vendorlink-api","timestamp":"2026-02-28T12:32:16.435Z"}
{"level":"info","message":"✅ Core services initialized","service":"vendorlink-api","timestamp":"2026-02-28T12:32:16.436Z"}
{"level":"info","message":"\n╔════════════════════════════════════════╗","service":"vendorlink-api","timestamp":"2026-02-28T12:32:16.584Z"}
{"level":"info","message":"║  ✔ VendorLink Server Running           ║","service":"vendorlink-api","timestamp":"2026-02-28T12:32:16.585Z"}
{"level":"info","message":"║  Port: 5000                              ║","service":"vendorlink-api","timestamp":"2026-02-28T12:32:16.586Z"}
{"level":"info","message":"║  Socket.IO: Enabled                    ║","service":"vendorlink-api","timestamp":"2026-02-28T12:32:16.586Z"}
{"level":"info","message":"║  Notifications: Active                 ║","service":"vendorlink-api","timestamp":"2026-02-28T12:32:16.587Z"}
{"level":"info","message":"║  API Docs: http://localhost:5000/api-docs   ║","service":"vendorlink-api","timestamp":"2026-02-28T12:32:16.587Z"}
{"level":"info","message":"╚════════════════════════════════════════╝\n","service":"vendorlink-api","timestamp":"2026-02-28T12:32:16.588Z"}
{"level":"info","message":"🚀 Starting VendorLink Server...","service":"vendorlink-api","timestamp":"2026-02-28T12:33:34.999Z"}
{"level":"warn","message":"⚠️  Email credentials not configured - email service disabled","service":"vendorlink-api","timestamp":"2026-02-28T12:33:35.022Z"}
{"level":"info","message":"✅ Core services initialized","service":"vendorlink-api","timestamp":"2026-02-28T12:33:35.024Z"}
{"level":"info","message":"\n╔════════════════════════════════════════╗","service":"vendorlink-api","timestamp":"2026-02-28T12:33:35.169Z"}
{"level":"info","message":"║  ✔ VendorLink Server Running           ║","service":"vendorlink-api","timestamp":"2026-02-28T12:33:35.170Z"}
{"level":"info","message":"║  Port: 5000                              ║","service":"vendorlink-api","timestamp":"2026-02-28T12:33:35.170Z"}
{"level":"info","message":"║  Socket.IO: Enabled                    ║","service":"vendorlink-api","timestamp":"2026-02-28T12:33:35.171Z"}
{"level":"info","message":"║  Notifications: Active                 ║","service":"vendorlink-api","timestamp":"2026-02-28T12:33:35.171Z"}
{"level":"info","message":"║  API Docs: http://localhost:5000/api-docs   ║","service":"vendorlink-api","timestamp":"2026-02-28T12:33:35.172Z"}
{"level":"info","message":"╚════════════════════════════════════════╝\n","service":"vendorlink-api","timestamp":"2026-02-28T12:33:35.173Z"}
{"level":"info","message":"🚀 Starting VendorLink Server...","service":"vendorlink-api","timestamp":"2026-02-28T12:35:53.628Z"}
{"level":"warn","message":"⚠️  Email credentials not configured - email service disabled","service":"vendorlink-api","timestamp":"2026-02-28T12:35:53.650Z"}
{"level":"info","message":"✅ Core services initialized","service":"vendorlink-api","timestamp":"2026-02-28T12:35:53.652Z"}
{"level":"info","message":"\n╔════════════════════════════════════════╗","service":"vendorlink-api","timestamp":"2026-02-28T12:35:53.762Z"}
{"level":"info","message":"║  ✔ VendorLink Server Running           ║","service":"vendorlink-api","timestamp":"2026-02-28T12:35:53.762Z"}
{"level":"info","message":"║  Port: 5000                              ║","service":"vendorlink-api","timestamp":"2026-02-28T12:35:53.763Z"}
{"level":"info","message":"║  Socket.IO: Enabled                    ║","service":"vendorlink-api","timestamp":"2026-02-28T12:35:53.763Z"}
{"level":"info","message":"║  Notifications: Active                 ║","service":"vendorlink-api","timestamp":"2026-02-28T12:35:53.764Z"}
{"level":"info","message":"║  API Docs: http://localhost:5000/api-docs   ║","service":"vendorlink-api","timestamp":"2026-02-28T12:35:53.764Z"}
{"level":"info","message":"╚════════════════════════════════════════╝\n","service":"vendorlink-api","timestamp":"2026-02-28T12:35:53.764Z"}
{"level":"info","message":"🚀 Starting VendorLink Server...","service":"vendorlink-api","timestamp":"2026-02-28T12:37:12.497Z"}
{"level":"warn","message":"⚠️  Email credentials not configured - email service disabled","service":"vendorlink-api","timestamp":"2026-02-28T12:37:12.542Z"}
{"level":"info","message":"✅ Core services initialized","service":"vendorlink-api","timestamp":"2026-02-28T12:37:12.543Z"}
{"level":"info","message":"\n╔════════════════════════════════════════╗","service":"vendorlink-api","timestamp":"2026-02-28T12:37:12.827Z"}
{"level":"info","message":"║  ✔ VendorLink Server Running           ║","service":"vendorlink-api","timestamp":"2026-02-28T12:37:12.827Z"}
{"level":"info","message":"║  Port: 5000                              ║","service":"vendorlink-api","timestamp":"2026-02-28T12:37:12.828Z"}
{"level":"info","message":"║  Socket.IO: Enabled                    ║","service":"vendorlink-api","timestamp":"2026-02-28T12:37:12.828Z"}
{"level":"info","message":"║  Notifications: Active                 ║","service":"vendorlink-api","timestamp":"2026-02-28T12:37:12.829Z"}
{"level":"info","message":"║  API Docs: http://localhost:5000/api-docs   ║","service":"vendorlink-api","timestamp":"2026-02-28T12:37:12.830Z"}
{"level":"info","message":"╚════════════════════════════════════════╝\n","service":"vendorlink-api","timestamp":"2026-02-28T12:37:12.831Z"}
{"level":"info","message":"🚀 Starting VendorLink Server...","service":"vendorlink-api","timestamp":"2026-02-28T16:54:11.015Z"}
{"level":"warn","message":"⚠️  Email credentials not configured - email service disabled","service":"vendorlink-api","timestamp":"2026-02-28T16:54:11.038Z"}
{"level":"info","message":"✅ Core services initialized","service":"vendorlink-api","timestamp":"2026-02-28T16:54:11.040Z"}
{"level":"info","message":"\n╔════════════════════════════════════════╗","service":"vendorlink-api","timestamp":"2026-02-28T16:54:11.250Z"}
{"level":"info","message":"║  ✔ VendorLink Server Running           ║","service":"vendorlink-api","timestamp":"2026-02-28T16:54:11.251Z"}
{"level":"info","message":"║  Port: 5000                              ║","service":"vendorlink-api","timestamp":"2026-02-28T16:54:11.252Z"}
{"level":"info","message":"║  Socket.IO: Enabled                    ║","service":"vendorlink-api","timestamp":"2026-02-28T16:54:11.253Z"}
{"level":"info","message":"║  Notifications: Active                 ║","service":"vendorlink-api","timestamp":"2026-02-28T16:54:11.254Z"}
{"level":"info","message":"║  API Docs: http://localhost:5000/api-docs   ║","service":"vendorlink-api","timestamp":"2026-02-28T16:54:11.254Z"}
{"level":"info","message":"╚════════════════════════════════════════╝\n","service":"vendorlink-api","timestamp":"2026-02-28T16:54:11.255Z"}
{"level":"info","message":"🚀 Starting VendorLink Server...","service":"vendorlink-api","timestamp":"2026-02-28T17:34:01.420Z"}
{"level":"warn","message":"⚠️  Email credentials not configured - email service disabled","service":"vendorlink-api","timestamp":"2026-02-28T17:34:01.448Z"}
{"level":"info","message":"✅ Core services initialized","service":"vendorlink-api","timestamp":"2026-02-28T17:34:01.449Z"}
{"level":"info","message":"\n╔════════════════════════════════════════╗","service":"vendorlink-api","timestamp":"2026-02-28T17:34:01.624Z"}
{"level":"info","message":"║  ✔ VendorLink Server Running           ║","service":"vendorlink-api","timestamp":"2026-02-28T17:34:01.624Z"}
{"level":"info","message":"║  Port: 5000                              ║","service":"vendorlink-api","timestamp":"2026-02-28T17:34:01.625Z"}
{"level":"info","message":"║  Socket.IO: Enabled                    ║","service":"vendorlink-api","timestamp":"2026-02-28T17:34:01.625Z"}
{"level":"info","message":"║  Notifications: Active                 ║","service":"vendorlink-api","timestamp":"2026-02-28T17:34:01.626Z"}
{"level":"info","message":"║  API Docs: http://localhost:5000/api-docs   ║","service":"vendorlink-api","timestamp":"2026-02-28T17:34:01.627Z"}
{"level":"info","message":"╚════════════════════════════════════════╝\n","service":"vendorlink-api","timestamp":"2026-02-28T17:34:01.628Z"}
{"level":"info","message":"🚀 Starting VendorLink Server...","service":"vendorlink-api","timestamp":"2026-02-28T17:34:16.546Z"}
{"level":"warn","message":"⚠️  Email credentials not configured - email service disabled","service":"vendorlink-api","timestamp":"2026-02-28T17:34:16.567Z"}
{"level":"info","message":"✅ Core services initialized","service":"vendorlink-api","timestamp":"2026-02-28T17:34:16.568Z"}
{"level":"info","message":"\n╔════════════════════════════════════════╗","service":"vendorlink-api","timestamp":"2026-02-28T17:34:16.703Z"}
{"level":"info","message":"║  ✔ VendorLink Server Running           ║","service":"vendorlink-api","timestamp":"2026-02-28T17:34:16.704Z"}
{"level":"info","message":"║  Port: 5000                              ║","service":"vendorlink-api","timestamp":"2026-02-28T17:34:16.704Z"}
{"level":"info","message":"║  Socket.IO: Enabled                    ║","service":"vendorlink-api","timestamp":"2026-02-28T17:34:16.705Z"}
{"level":"info","message":"║  Notifications: Active                 ║","service":"vendorlink-api","timestamp":"2026-02-28T17:34:16.705Z"}
{"level":"info","message":"║  API Docs: http://localhost:5000/api-docs   ║","service":"vendorlink-api","timestamp":"2026-02-28T17:34:16.706Z"}
{"level":"info","message":"╚════════════════════════════════════════╝\n","service":"vendorlink-api","timestamp":"2026-02-28T17:34:16.706Z"}
{"level":"info","message":"🚀 Starting VendorLink Server...","service":"vendorlink-api","timestamp":"2026-02-28T17:54:35.954Z"}
{"level":"warn","message":"⚠️  Email credentials not configured - email service disabled","service":"vendorlink-api","timestamp":"2026-02-28T17:54:35.979Z"}
{"level":"info","message":"✅ Core services initialized","service":"vendorlink-api","timestamp":"2026-02-28T17:54:35.980Z"}
{"level":"info","message":"\n╔════════════════════════════════════════╗","service":"vendorlink-api","timestamp":"2026-02-28T17:54:36.190Z"}
{"level":"info","message":"║  ✔ VendorLink Server Running           ║","service":"vendorlink-api","timestamp":"2026-02-28T17:54:36.191Z"}
{"level":"info","message":"║  Port: 5000                              ║","service":"vendorlink-api","timestamp":"2026-02-28T17:54:36.192Z"}
{"level":"info","message":"║  Socket.IO: Enabled                    ║","service":"vendorlink-api","timestamp":"2026-02-28T17:54:36.192Z"}
{"level":"info","message":"║  Notifications: Active                 ║","service":"vendorlink-api","timestamp":"2026-02-28T17:54:36.193Z"}
{"level":"info","message":"║  API Docs: http://localhost:5000/api-docs   ║","service":"vendorlink-api","timestamp":"2026-02-28T17:54:36.193Z"}
{"level":"info","message":"╚════════════════════════════════════════╝\n","service":"vendorlink-api","timestamp":"2026-02-28T17:54:36.194Z"}
{"level":"info","message":"🚀 Starting VendorLink Server...","service":"vendorlink-api","timestamp":"2026-02-28T17:54:44.255Z"}
{"level":"warn","message":"⚠️  Email credentials not configured - email service disabled","service":"vendorlink-api","timestamp":"2026-02-28T17:54:44.276Z"}
{"level":"info","message":"✅ Core services initialized","service":"vendorlink-api","timestamp":"2026-02-28T17:54:44.277Z"}
{"level":"info","message":"\n╔════════════════════════════════════════╗","service":"vendorlink-api","timestamp":"2026-02-28T17:54:44.408Z"}
{"level":"info","message":"║  ✔ VendorLink Server Running           ║","service":"vendorlink-api","timestamp":"2026-02-28T17:54:44.409Z"}
{"level":"info","message":"║  Port: 5000                              ║","service":"vendorlink-api","timestamp":"2026-02-28T17:54:44.409Z"}
{"level":"info","message":"║  Socket.IO: Enabled                    ║","service":"vendorlink-api","timestamp":"2026-02-28T17:54:44.409Z"}
{"level":"info","message":"║  Notifications: Active                 ║","service":"vendorlink-api","timestamp":"2026-02-28T17:54:44.410Z"}
{"level":"info","message":"║  API Docs: http://localhost:5000/api-docs   ║","service":"vendorlink-api","timestamp":"2026-02-28T17:54:44.410Z"}
{"level":"info","message":"╚════════════════════════════════════════╝\n","service":"vendorlink-api","timestamp":"2026-02-28T17:54:44.411Z"}
{"level":"info","message":"🚀 Starting VendorLink Server...","service":"vendorlink-api","timestamp":"2026-02-28T17:54:52.945Z"}
{"level":"warn","message":"⚠️  Email credentials not configured - email service disabled","service":"vendorlink-api","timestamp":"2026-02-28T17:54:52.966Z"}
{"level":"info","message":"✅ Core services initialized","service":"vendorlink-api","timestamp":"2026-02-28T17:54:52.967Z"}
{"level":"info","message":"\n╔════════════════════════════════════════╗","service":"vendorlink-api","timestamp":"2026-02-28T17:54:53.121Z"}
{"level":"info","message":"║  ✔ VendorLink Server Running           ║","service":"vendorlink-api","timestamp":"2026-02-28T17:54:53.122Z"}
{"level":"info","message":"║  Port: 5000                              ║","service":"vendorlink-api","timestamp":"2026-02-28T17:54:53.122Z"}
{"level":"info","message":"║  Socket.IO: Enabled                    ║","service":"vendorlink-api","timestamp":"2026-02-28T17:54:53.122Z"}
{"level":"info","message":"║  Notifications: Active                 ║","service":"vendorlink-api","timestamp":"2026-02-28T17:54:53.123Z"}
{"level":"info","message":"║  API Docs: http://localhost:5000/api-docs   ║","service":"vendorlink-api","timestamp":"2026-02-28T17:54:53.123Z"}
{"level":"info","message":"╚════════════════════════════════════════╝\n","service":"vendorlink-api","timestamp":"2026-02-28T17:54:53.124Z"}
{"level":"info","message":"🚀 Starting VendorLink Server...","service":"vendorlink-api","timestamp":"2026-02-28T17:55:28.836Z"}
{"level":"warn","message":"⚠️  Email credentials not configured - email service disabled","service":"vendorlink-api","timestamp":"2026-02-28T17:55:28.861Z"}
{"level":"info","message":"✅ Core services initialized","service":"vendorlink-api","timestamp":"2026-02-28T17:55:28.861Z"}
{"level":"info","message":"\n╔════════════════════════════════════════╗","service":"vendorlink-api","timestamp":"2026-02-28T17:55:29.031Z"}
{"level":"info","message":"║  ✔ VendorLink Server Running           ║","service":"vendorlink-api","timestamp":"2026-02-28T17:55:29.032Z"}
{"level":"info","message":"║  Port: 5000                              ║","service":"vendorlink-api","timestamp":"2026-02-28T17:55:29.033Z"}
{"level":"info","message":"║  Socket.IO: Enabled                    ║","service":"vendorlink-api","timestamp":"2026-02-28T17:55:29.033Z"}
{"level":"info","message":"║  Notifications: Active                 ║","service":"vendorlink-api","timestamp":"2026-02-28T17:55:29.034Z"}
{"level":"info","message":"║  API Docs: http://localhost:5000/api-docs   ║","service":"vendorlink-api","timestamp":"2026-02-28T17:55:29.034Z"}
{"level":"info","message":"╚════════════════════════════════════════╝\n","service":"vendorlink-api","timestamp":"2026-02-28T17:55:29.035Z"}
{"level":"info","message":"🚀 Starting VendorLink Server...","service":"vendorlink-api","timestamp":"2026-02-28T18:08:15.849Z"}
{"level":"warn","message":"⚠️  Email credentials not configured - email service disabled","service":"vendorlink-api","timestamp":"2026-02-28T18:08:15.871Z"}
{"level":"info","message":"✅ Core services initialized","service":"vendorlink-api","timestamp":"2026-02-28T18:08:15.872Z"}
{"level":"info","message":"\n╔════════════════════════════════════════╗","service":"vendorlink-api","timestamp":"2026-02-28T18:08:16.032Z"}
{"level":"info","message":"║  ✔ VendorLink Server Running           ║","service":"vendorlink-api","timestamp":"2026-02-28T18:08:16.034Z"}
{"level":"info","message":"║  Port: 5000                              ║","service":"vendorlink-api","timestamp":"2026-02-28T18:08:16.035Z"}
{"level":"info","message":"║  Socket.IO: Enabled                    ║","service":"vendorlink-api","timestamp":"2026-02-28T18:08:16.036Z"}
{"level":"info","message":"║  Notifications: Active                 ║","service":"vendorlink-api","timestamp":"2026-02-28T18:08:16.036Z"}
{"level":"info","message":"║  API Docs: http://localhost:5000/api-docs   ║","service":"vendorlink-api","timestamp":"2026-02-28T18:08:16.037Z"}
{"level":"info","message":"╚════════════════════════════════════════╝\n","service":"vendorlink-api","timestamp":"2026-02-28T18:08:16.038Z"}
{"level":"info","message":"🚀 Starting VendorLink Server...","service":"vendorlink-api","timestamp":"2026-02-28T18:40:51.186Z"}
{"level":"warn","message":"⚠️  Email credentials not configured - email service disabled","service":"vendorlink-api","timestamp":"2026-02-28T18:40:51.217Z"}
{"level":"info","message":"✅ Core services initialized","service":"vendorlink-api","timestamp":"2026-02-28T18:40:51.218Z"}
{"level":"info","message":"\n╔════════════════════════════════════════╗","service":"vendorlink-api","timestamp":"2026-02-28T18:40:51.481Z"}
{"level":"info","message":"║  ✔ VendorLink Server Running           ║","service":"vendorlink-api","timestamp":"2026-02-28T18:40:51.482Z"}
{"level":"info","message":"║  Port: 5000                              ║","service":"vendorlink-api","timestamp":"2026-02-28T18:40:51.483Z"}
{"level":"info","message":"║  Socket.IO: Enabled                    ║","service":"vendorlink-api","timestamp":"2026-02-28T18:40:51.483Z"}
{"level":"info","message":"║  Notifications: Active                 ║","service":"vendorlink-api","timestamp":"2026-02-28T18:40:51.484Z"}
{"level":"info","message":"║  API Docs: http://localhost:5000/api-docs   ║","service":"vendorlink-api","timestamp":"2026-02-28T18:40:51.484Z"}
{"level":"info","message":"╚════════════════════════════════════════╝\n","service":"vendorlink-api","timestamp":"2026-02-28T18:40:51.485Z"}
{"level":"info","message":"🚀 Starting VendorLink Server...","service":"vendorlink-api","timestamp":"2026-02-28T19:17:02.125Z"}
{"level":"warn","message":"⚠️  Email credentials not configured - email service disabled","service":"vendorlink-api","timestamp":"2026-02-28T19:17:02.148Z"}
{"level":"info","message":"✅ Core services initialized","service":"vendorlink-api","timestamp":"2026-02-28T19:17:02.149Z"}
{"level":"info","message":"\n╔════════════════════════════════════════╗","service":"vendorlink-api","timestamp":"2026-02-28T19:17:02.380Z"}
{"level":"info","message":"║  ✔ VendorLink Server Running           ║","service":"vendorlink-api","timestamp":"2026-02-28T19:17:02.381Z"}
{"level":"info","message":"║  Port: 5000                              ║","service":"vendorlink-api","timestamp":"2026-02-28T19:17:02.381Z"}
{"level":"info","message":"║  Socket.IO: Enabled                    ║","service":"vendorlink-api","timestamp":"2026-02-28T19:17:02.382Z"}
{"level":"info","message":"║  Notifications: Active                 ║","service":"vendorlink-api","timestamp":"2026-02-28T19:17:02.382Z"}
{"level":"info","message":"║  API Docs: http://localhost:5000/api-docs   ║","service":"vendorlink-api","timestamp":"2026-02-28T19:17:02.383Z"}
{"level":"info","message":"╚════════════════════════════════════════╝\n","service":"vendorlink-api","timestamp":"2026-02-28T19:17:02.383Z"}
{"level":"info","message":"🚀 Starting VendorLink Server...","service":"vendorlink-api","timestamp":"2026-02-28T19:17:04.755Z"}
{"level":"warn","message":"⚠️  Email credentials not configured - email service disabled","service":"vendorlink-api","timestamp":"2026-02-28T19:17:04.774Z"}
{"level":"info","message":"✅ Core services initialized","service":"vendorlink-api","timestamp":"2026-02-28T19:17:04.774Z"}
{"level":"info","message":"\n╔════════════════════════════════════════╗","service":"vendorlink-api","timestamp":"2026-02-28T19:17:04.900Z"}
{"level":"info","message":"║  ✔ VendorLink Server Running           ║","service":"vendorlink-api","timestamp":"2026-02-28T19:17:04.901Z"}
{"level":"info","message":"║  Port: 5000                              ║","service":"vendorlink-api","timestamp":"2026-02-28T19:17:04.901Z"}
{"level":"info","message":"║  Socket.IO: Enabled                    ║","service":"vendorlink-api","timestamp":"2026-02-28T19:17:04.902Z"}
{"level":"info","message":"║  Notifications: Active                 ║","service":"vendorlink-api","timestamp":"2026-02-28T19:17:04.902Z"}
{"level":"info","message":"║  API Docs: http://localhost:5000/api-docs   ║","service":"vendorlink-api","timestamp":"2026-02-28T19:17:04.903Z"}
{"level":"info","message":"╚════════════════════════════════════════╝\n","service":"vendorlink-api","timestamp":"2026-02-28T19:17:04.903Z"}
